treat,age,agesq,education,educsq,black,hispanic,married,nodegree,lnre74,lnre75,u75,u74,educ_re74,propensity_score,propensity_logit,re78
1.0,28,784,8,64,1.0,0.0,0.0,1.0,0.0,0.0,1,1,0,0.390768753583665,-0.444081948639683,1
1.0,31,961,11,121,1.0,0.0,1.0,1.0,0.0,0.0,1,1,0,0.447128468726171,-0.212279706796277,14509
1.0,18,324,9,81,1.0,0.0,0.0,1.0,0.0,8.097730573664219,0,1,0,0.42281845132342466,-0.31121396561123005,5010
1.0,19,361,11,121,1.0,0.0,0.0,1.0,0.0,0.0,1,1,0,0.40098975591847164,-0.40134281929943366,7458
1.0,43,1849,9,81,1.0,0.0,0.0,1.0,0.0,0.0,1,1,0,0.4572369010247069,-0.17147130335548935,1
1.0,17,289,8,64,1.0,0.0,0.0,1.0,0.0,0.0,1,1,0,0.45545271432147866,-0.17866288016661494,8061
1.0,23,529,8,64,0.0,1.0,0.0,1.0,0.0,0.0,1,1,0,0.44672174721310487,-0.21392513324109172,3881
1.0,23,529,12,144,1.0,0.0,0.0,0.0,0.0,0.0,1,1,0,0.423029496963819,-0.3103492345568646,4843
1.0,21,441,13,169,1.0,0.0,0.0,0.0,0.0,0.0,1,1,0,0.4582262550468074,-0.16748540076404186,17094
1.0,21,441,8,64,1.0,0.0,0.0,1.0,6.8966943316227125,8.214735833382303,0,0,7912,0.4470161581179716,-0.21273404020043687,4279
1.0,24,576,12,144,1.0,0.0,0.0,0.0,9.529884417576708,7.952263308657046,0,0,165180,0.43617456401499516,-0.25670215352380243,6167
1.0,21,441,12,144,1.0,0.0,0.0,0.0,8.77539495854551,8.111328003286733,0,0,77676,0.44644559239680465,-0.21504250534668354,9371
1.0,25,625,12,144,1.0,0.0,0.0,0.0,9.576787413063618,7.786967002614872,0,0,173112,0.45450173401945354,-0.18249789766273022,1
1.0,18,324,11,121,1.0,0.0,0.0,1.0,0.0,0.0,1,1,0,0.4354549152726779,-0.2596289801811357,4814
1.0,30,900,12,144,1.0,0.0,0.0,0.0,0.0,0.0,1,1,0,0.42383011531422116,-0.3070698523876242,24909
1.0,26,676,12,144,1.0,0.0,1.0,0.0,9.036938912556788,8.664578178329295,0,0,100896,0.48955154407324314,-0.04179990882332487,1424
1.0,25,625,11,121,1.0,0.0,0.0,1.0,0.0,0.0,1,1,0,0.42302385639747736,-0.31037234451838236,9897
1.0,31,961,12,144,0.0,0.0,0.0,0.0,0.0,7.867488568699128,0,1,0,0.44272834689012686,-0.23009645907887324,2484
1.0,26,676,11,121,1.0,0.0,0.0,1.0,0.0,0.0,1,1,0,0.4510947310546267,-0.19624851047837033,17230
1.0,29,841,12,144,1.0,0.0,0.0,0.0,9.294773427951013,7.504942068396171,0,0,130572,0.4377345122621522,-0.25036154624514106,1
1.0,26,676,11,121,1.0,0.0,1.0,1.0,0.0,7.238496840894365,0,1,0,0.4453928006389255,-0.21930352339257664,1460
1.0,21,441,12,144,0.0,0.0,0.0,0.0,0.0,0.0,1,1,0,0.43160033212453475,-0.27532480900497586,8048
1.0,23,529,12,144,1.0,0.0,1.0,0.0,0.0,0.0,1,1,0,0.4858225634329909,-0.056724951793737086,5911
1.0,24,576,10,100,1.0,0.0,0.0,1.0,0.0,0.0,1,1,0,0.5142215576669354,0.05690157864361942,1
1.0,42,1764,12,144,1.0,0.0,0.0,0.0,0.0,0.0,1,1,0,0.4208661898568661,-0.3192186121323543,2456
1.0,42,1764,9,81,1.0,0.0,1.0,1.0,0.0,8.025516386489008,0,1,0,0.44458057894642383,-0.2225922234545447,1294
1.0,25,625,11,121,1.0,0.0,1.0,1.0,0.0,0.0,1,1,0,0.46783650539551846,-0.12883187537729227,1574
1.0,29,841,14,196,1.0,0.0,0.0,0.0,0.0,6.520621127558696,0,1,0,0.42461288997508917,-0.3038651423686999,17814
1.0,18,324,8,64,1.0,0.0,0.0,1.0,0.0,0.0,1,1,0,0.43978767804399216,-0.24202379767377613,1
1.0,19,361,8,64,1.0,0.0,0.0,1.0,7.877017895622398,7.98514393119862,0,0,21088,0.42185133192896107,-0.31517808883611964,7535
1.0,18,324,10,100,1.0,0.0,0.0,1.0,0.0,6.682108597449809,0,1,0,0.43730345436636175,-0.25211312981403255,9737
1.0,26,676,11,121,1.0,0.0,1.0,1.0,0.0,7.9208096792886,0,1,0,0.44779264869934005,-0.20959332460978233,26372
1.0,20,400,9,81,1.0,0.0,0.0,1.0,8.713253274320705,0.0,1,0,54747,0.46693545479938,-0.1324514790758019,8881
1.0,17,289,10,100,1.0,0.0,0.0,1.0,0.0,0.0,1,1,0,0.4751741465750824,-0.09938513858942954,1
1.0,19,361,10,100,0.0,0.0,0.0,1.0,0.0,8.579980179515003,0,1,0,0.4556453281563888,-0.17788628696763387,13829
1.0,29,841,13,169,1.0,0.0,0.0,0.0,0.0,0.0,1,1,0,0.4196672731162571,-0.32413941564769294,7479
1.0,46,2116,8,64,1.0,0.0,1.0,1.0,0.0,0.0,1,1,0,0.41039616398214596,-0.3623279001992636,3094
1.0,20,400,10,100,1.0,0.0,0.0,1.0,8.518192691749322,7.929126487306799,0,0,50050,0.508834730938374,0.035342602162998754,5615
1.0,20,400,9,81,0.0,1.0,0.0,1.0,9.414097209490205,8.67846133901236,0,0,110340,0.3651113461763904,-0.5532472701288399,1358
1.0,33,1089,12,144,1.0,0.0,1.0,0.0,9.917341146824665,9.30027247947679,0,0,243348,0.4186555341127151,-0.32829499814152907,15952
1.0,21,441,9,81,1.0,0.0,0.0,1.0,8.766550149546351,8.656781205623291,0,0,57744,0.4768052524159042,-0.0928456294079559,743
1.0,30,900,11,121,1.0,0.0,0.0,1.0,0.0,0.0,1,1,0,0.4592914187082847,-0.16319555922589546,1
1.0,20,400,11,121,1.0,0.0,0.0,1.0,9.700024071988745,7.302496423727326,0,0,179498,0.40402321658956203,-0.3887293691814473,6943
1.0,20,400,12,144,1.0,0.0,0.0,0.0,0.0,0.0,1,1,0,0.4453928006389255,-0.21930352339257664,1
1.0,19,361,9,81,1.0,0.0,0.0,1.0,0.0,0.0,1,1,0,0.4833432099148098,-0.06665182425408638,8173
1.0,20,400,12,144,1.0,0.0,0.0,0.0,0.0,5.932245187448011,0,1,0,0.4612210631045288,-0.1554278935804289,1652
1.0,23,529,12,144,1.0,0.0,0.0,0.0,8.743372131273969,8.019283792916793,0,0,75228,0.4360107681291546,-0.25736821830022943,8484
1.0,25,625,12,144,0.0,0.0,0.0,0.0,0.0,0.0,1,1,0,0.4167921459234552,-0.33595600130530034,5587
1.0,27,729,11,121,1.0,0.0,0.0,1.0,0.0,0.0,1,1,0,0.4062873931957968,-0.3793346011539397,1
1.0,21,441,12,144,0.0,0.0,0.0,0.0,8.207946941048617,5.811140992976701,0,0,44040,0.4556453281563888,-0.17788628696763387,12558
1.0,19,361,8,64,1.0,0.0,0.0,1.0,0.0,7.884952945759814,0,1,0,0.42825224972859893,-0.2889855075862909,9970
1.0,19,361,11,121,0.0,1.0,1.0,1.0,8.598588829620232,8.605753368395717,0,0,59664,0.4618590897118251,-0.1528605969659786,6788
1.0,24,576,11,121,1.0,0.0,0.0,1.0,0.0,0.0,1,1,0,0.4313374516805959,-0.2763964629531484,1991
1.0,27,729,10,100,1.0,0.0,0.0,1.0,6.90875477931522,8.174702882469461,0,0,10010,0.4325975262271529,-0.2712610870858236,1
1.0,29,841,10,100,0.0,1.0,0.0,1.0,0.0,9.08851166361105,0,1,0,0.46407071748956663,-0.14396526775570562,5112
1.0,27,729,13,169,0.0,0.0,1.0,0.0,9.14644164612595,6.748759547491679,0,0,121953,0.48577951752821613,-0.05689727438108145,1
1.0,27,729,12,144,1.0,0.0,0.0,0.0,7.669961995473577,5.877735781779639,0,0,25716,0.39438053032945225,-0.42893559477685966,22163
1.0,23,529,12,144,1.0,0.0,0.0,0.0,0.0,0.0,1,1,0,0.43565993986488566,-0.2587950287146463,1
1.0,22,484,12,144,1.0,0.0,0.0,0.0,8.63141433550626,6.841615476477592,0,0,67260,0.4453928006389255,-0.21930352339257664,1
1.0,22,484,9,81,1.0,0.0,0.0,1.0,7.692569648067906,8.252185436003328,0,0,19728,0.4997365948029531,-0.0010536208856578467,3462
1.0,25,625,12,144,1.0,0.0,0.0,0.0,0.0,0.0,1,1,0,0.4441478639650523,-0.22434478255907328,2348
1.0,29,841,11,121,1.0,0.0,1.0,1.0,0.0,0.0,1,1,0,0.4313374516805959,-0.2763964629531484,9642
1.0,31,961,9,81,1.0,0.0,0.0,1.0,0.0,7.437206366871292,0,1,0,0.4384863538881414,-0.24730738549629516,10363
1.0,27,729,13,169,1.0,0.0,0.0,0.0,0.0,0.0,1,1,0,0.4321966652844019,-0.2728943887017415,14581
1.0,46,2116,8,64,1.0,0.0,0.0,1.0,8.059908334578276,7.860956364876389,0,0,25320,0.4159403100351835,-0.3394614219752351,1
1.0,23,529,8,64,0.0,0.0,1.0,1.0,0.0,7.44600149832412,0,1,0,0.4377262126037218,-0.2503952679028212,4232
1.0,38,1444,12,144,0.0,0.0,0.0,0.0,0.0,0.0,1,1,0,0.40131586912832556,-0.3999853108103422,4941
1.0,17,289,10,100,1.0,0.0,0.0,1.0,0.0,0.0,1,1,0,0.4384863538881414,-0.24730738549629516,1
1.0,24,576,11,121,1.0,0.0,0.0,1.0,0.0,0.0,1,1,0,0.4855719095625162,-0.05772838838497511,995
1.0,25,625,11,121,0.0,0.0,0.0,1.0,0.0,0.0,1,1,0,0.43617456401499516,-0.25670215352380243,18783
1.0,22,484,12,144,0.0,0.0,0.0,0.0,8.818630229100354,9.04251326133268,0,0,81108,0.403995124168375,-0.38884603895927183,12590
1.0,22,484,10,100,1.0,0.0,1.0,1.0,7.291656209174461,8.628376720376853,0,0,14680,0.4572369010247069,-0.17147130335548935,13228
1.0,17,289,9,81,1.0,0.0,0.0,1.0,0.0,0.0,1,1,0,0.43210744408105606,-0.27325796824249193,1953
1.0,22,484,12,144,1.0,0.0,0.0,0.0,0.0,0.0,1,1,0,0.43617456401499516,-0.25670215352380243,18678
1.0,25,625,12,144,1.0,0.0,0.0,0.0,0.0,0.0,1,1,0,0.4572369010247069,-0.17147130335548935,3191
1.0,17,289,10,100,1.0,0.0,0.0,1.0,7.1631723908466425,8.664405571096625,0,0,12910,0.45805349429521014,-0.16818132154221557,5522
1.0,27,729,11,121,1.0,0.0,0.0,1.0,7.698936199813447,7.888334500738654,0,0,24266,0.40589996820728635,-0.3809409633573918,1
1.0,19,361,10,100,1.0,0.0,0.0,1.0,8.323851131338817,8.708804795117285,0,0,41210,0.42580538807134743,-0.29898597765364143,1
1.0,42,1764,14,196,1.0,0.0,0.0,0.0,0.0,0.0,1,1,0,0.41514159460029804,-0.3427501220372033,20505
1.0,27,729,9,81,1.0,0.0,0.0,1.0,0.0,0.0,1,1,0,0.4313374516805959,-0.2763964629531484,1
1.0,31,961,9,81,0.0,1.0,0.0,1.0,0.0,0.0,1,1,0,0.44017773534214866,-0.24044075950417285,26817
1.0,19,361,10,100,1.0,0.0,0.0,1.0,0.0,5.953243334287785,0,1,0,0.44717998018673494,-0.21207133327490602,8124
1.0,20,400,11,121,1.0,0.0,0.0,1.0,0.0,0.0,1,1,0,0.4632996257084548,-0.14706599203620901,3972
1.0,31,961,11,121,1.0,0.0,1.0,1.0,0.0,0.0,1,1,0,0.43053096423155846,-0.2796851630151162,8087
1.0,19,361,9,81,1.0,0.0,0.0,1.0,0.0,6.682108597449809,0,1,0,0.4889139946375788,-0.04435129007204934,17685
1.0,27,729,11,121,1.0,0.0,0.0,1.0,0.0,0.0,1,1,0,0.45805432501190413,-0.16817797512368743,549
1.0,27,729,13,169,1.0,0.0,0.0,0.0,0.0,0.0,1,1,0,0.42073250535669887,-0.31976711254588996,1
1.0,37,1369,9,81,1.0,0.0,0.0,1.0,0.0,0.0,1,1,0,0.39640459737043815,-0.4204687100851997,1067
1.0,27,729,9,81,1.0,0.0,1.0,1.0,0.0,6.839476438228843,0,1,0,0.4294263121658,-0.2841921644091164,1773
1.0,33,1089,8,64,1.0,0.0,0.0,1.0,0.0,0.0,1,1,0,0.461420034857559,-0.1546272149766718,289
1.0,41,1681,14,196,0.0,0.0,0.0,0.0,0.0,0.0,1,1,0,0.39206840447496805,-0.4386260424980441,5149
1.0,23,529,12,144,1.0,0.0,0.0,0.0,8.613593685702552,6.2166061010848646,0,0,66072,0.3756511298900734,-0.5080484322160291,671
1.0,17,289,9,81,1.0,0.0,0.0,1.0,7.447751280047908,7.133295954896068,0,0,15444,0.4458706686453785,-0.21736918024883234,5445
1.0,46,2116,13,169,1.0,0.0,0.0,0.0,0.0,0.0,1,1,0,0.444919789915294,-0.22121860744081784,647
1.0,18,324,12,144,1.0,0.0,0.0,0.0,0.0,0.0,1,1,0,0.44134894038003014,-0.23568924514015713,2321
1.0,29,841,12,144,1.0,0.0,0.0,0.0,9.184817414745098,8.492490578775866,0,0,116976,0.4242501844162543,-0.30534987959267795,10976
1.0,17,289,10,100,1.0,0.0,0.0,1.0,0.0,0.0,1,1,0,0.5227722499440222,0.0911520602940094,1
1.0,21,441,9,81,1.0,0.0,0.0,1.0,0.0,0.0,1,1,0,0.42372763825055354,-0.30748951298481375,1
1.0,18,324,11,121,0.0,0.0,0.0,1.0,8.210124405164267,6.823286122355687,0,0,40458,0.42185133192896107,-0.31517808883611964,4321
1.0,21,441,12,144,1.0,0.0,0.0,0.0,0.0,0.0,1,1,0,0.4230230396216787,-0.31037569093691036,9983
1.0,19,361,10,100,1.0,0.0,0.0,1.0,0.0,0.0,1,1,0,0.42073250535669887,-0.31976711254588996,3228
1.0,22,484,11,121,0.0,0.0,0.0,1.0,0.0,0.0,1,1,0,0.48058147208319557,-0.07771319943929274,1048
1.0,18,324,8,64,0.0,1.0,1.0,1.0,0.0,0.0,1,1,0,0.409067387235628,-0.36782208507123093,2787
1.0,32,1024,11,121,1.0,0.0,0.0,1.0,0.0,0.0,1,1,0,0.4441801253260041,-0.22421410751403942,8472
1.0,25,625,12,144,1.0,0.0,0.0,0.0,0.0,0.0,1,1,0,0.4481527631784045,-0.20813709955887014,1
1.0,23,529,11,121,1.0,0.0,0.0,1.0,0.0,0.0,1,1,0,0.5029715197292646,0.011886218857675835,1
1.0,29,841,8,64,1.0,0.0,0.0,1.0,0.0,0.0,1,1,0,0.4193289635329711,-0.3255286664941847,1923
1.0,22,484,9,81,1.0,0.0,0.0,1.0,0.0,0.0,1,1,0,0.4281747910788512,-0.28930186328760565,4056
1.0,26,676,10,100,1.0,0.0,0.0,1.0,0.0,0.0,1,1,0,0.42302385639747736,-0.31037234451838236,9265
1.0,17,289,10,100,1.0,0.0,0.0,1.0,0.0,0.0,1,1,0,0.46294713518216307,-0.14848366569434168,16218
1.0,27,729,11,121,1.0,0.0,0.0,1.0,0.0,0.0,1,1,0,0.4692008284456734,-0.12335285927413597,7506
1.0,28,784,9,81,1.0,0.0,0.0,1.0,0.0,0.0,1,1,0,0.41475741399715127,-0.34433263347235993,10694
1.0,22,484,12,144,0.0,1.0,1.0,0.0,6.198478716492308,8.861491864286915,0,0,5904,0.4321974865047566,-0.27289104228321287,10092
1.0,30,900,11,121,1.0,0.0,1.0,1.0,0.0,0.0,1,1,0,0.4384863538881414,-0.24730738549629516,590
1.0,33,1089,11,121,1.0,0.0,0.0,1.0,0.0,8.970432074329242,0,1,0,0.4453928006389255,-0.21930352339257664,6281
1.0,26,676,12,144,1.0,0.0,0.0,0.0,0.0,0.0,1,1,0,0.42302385639747736,-0.31037234451838236,10747
1.0,25,625,10,100,1.0,0.0,0.0,1.0,0.0,0.0,1,1,0,0.43053096423155846,-0.2796851630151162,1
1.0,40,1600,11,121,1.0,0.0,0.0,1.0,0.0,0.0,1,1,0,0.43247569420273313,-0.2717574516195421,23005
1.0,19,361,9,81,0.0,0.0,0.0,1.0,0.0,0.0,1,1,0,0.44626457848061807,-0.21577499276112397,13188
1.0,24,576,9,81,1.0,0.0,0.0,1.0,9.121946221213587,7.735433352499688,0,0,82386,0.43053096423155846,-0.2796851630151162,4849
1.0,38,1444,11,121,1.0,0.0,0.0,1.0,0.0,0.0,1,1,0,0.45326402459100573,-0.187491216956447,1
1.0,26,676,10,100,1.0,0.0,1.0,1.0,7.614312146452,0.0,1,0,20270,0.4100834547593659,-0.36362039097145393,1
1.0,18,324,11,121,1.0,0.0,0.0,1.0,0.0,0.0,1,1,0,0.4176983157733208,-0.3322292318575647,1
1.0,25,625,11,121,1.0,0.0,0.0,1.0,0.0,0.0,1,1,0,0.43851738652943784,-0.24718134822922344,1
1.0,27,729,12,144,1.0,0.0,1.0,0.0,8.207946941048617,5.811140992976701,0,0,44040,0.43972334503890503,-0.2422849205705908,1
1.0,31,961,9,81,1.0,0.0,0.0,1.0,9.279586544712997,8.61558951327243,0,0,96453,0.43972334503890503,-0.2422849205705908,9558
1.0,38,1444,9,81,0.0,0.0,0.0,1.0,0.0,0.0,1,1,0,0.46919507288124546,-0.12337596923565351,6408
1.0,19,361,11,121,1.0,0.0,0.0,1.0,7.742835955430749,7.869019376499023,0,0,25355,0.4486194935825018,-0.20625006967139564,4146
1.0,27,729,10,100,1.0,0.0,1.0,1.0,0.0,0.0,1,1,0,0.45108570624536387,-0.1962849584741515,18739
1.0,24,576,10,100,1.0,0.0,0.0,1.0,0.0,0.0,1,1,0,0.4311918489845618,-0.27699009226317856,1
1.0,23,529,10,100,1.0,0.0,0.0,1.0,0.0,0.0,1,1,0,0.4313374516805959,-0.2763964629531484,7693
1.0,24,576,10,100,1.0,0.0,1.0,1.0,9.367600498174768,8.3133619511344,0,0,117030,0.45157643702236544,-0.19430325927814254,1
1.0,42,1764,14,196,1.0,0.0,1.0,0.0,0.0,0.0,1,1,0,0.42073250535669887,-0.31976711254588996,13167
1.0,44,1936,11,121,1.0,0.0,0.0,1.0,0.0,0.0,1,1,0,0.4581971197197805,-0.1676027618454738,1
1.0,20,400,12,144,1.0,0.0,0.0,0.0,6.8966943316227125,5.10594547390058,0,0,11868,0.46294598449398466,-0.14848829386417567,1
1.0,35,1225,9,81,1.0,0.0,1.0,1.0,9.517972119735584,9.534595424658804,0,0,122418,0.41465674282125525,-0.3447473873194862,12803
1.0,25,625,8,64,1.0,0.0,0.0,1.0,0.0,0.0,1,1,0,0.41288416072129613,-0.3520550704457476,1
1.0,17,289,8,64,1.0,0.0,0.0,1.0,0.0,0.0,1,1,0,0.47302743871916175,-0.10799508451861953,1
1.0,20,400,11,121,1.0,0.0,0.0,1.0,8.19891444498699,7.106606137727303,0,0,40007,0.4391245267371792,-0.24471587524468713,1085
1.0,24,576,11,121,1.0,0.0,1.0,1.0,6.714170529909472,7.418180822726788,0,0,9064,0.5202602847793556,0.08108553712704784,4032
1.0,27,729,10,100,0.0,1.0,0.0,1.0,0.0,0.0,1,1,0,0.3840799924358896,-0.4722662527222057,11142
1.0,23,529,12,144,0.0,1.0,0.0,0.0,9.14686794902061,7.018401799069201,0,0,112620,0.4533039004460329,-0.18733030888073438,559
1.0,17,289,9,81,1.0,0.0,0.0,1.0,0.0,0.0,1,1,0,0.4167977634217321,-0.3359328913437827,1
1.0,25,625,12,144,1.0,0.0,0.0,0.0,0.0,0.0,1,1,0,0.4515756082646887,-0.1943066056966702,11965
1.0,18,324,11,121,1.0,0.0,0.0,1.0,6.754604099487962,5.365976015021851,0,0,9438,0.4196729014804842,-0.32411630568617544,929
1.0,17,289,8,64,1.0,0.0,0.0,1.0,0.0,0.0,1,1,0,0.40629296774534945,-0.37931149119242186,1
1.0,25,625,11,121,1.0,0.0,1.0,1.0,0.0,0.0,1,1,0,0.4588157367126065,-0.1651111340407086,1
1.0,26,676,11,121,0.0,0.0,0.0,1.0,0.0,7.70796153183549,0,1,0,0.4677530438311283,-0.12916711243569626,13385
1.0,17,289,9,81,0.0,1.0,0.0,1.0,6.09807428216624,4.30406509320417,0,0,4005,0.4230230396216787,-0.31037569093691036,6210
1.0,37,1369,11,121,1.0,0.0,1.0,1.0,0.0,0.0,1,1,0,0.4462588677272411,-0.21579810272264177,9930
1.0,22,484,9,81,0.0,1.0,0.0,1.0,0.0,0.0,1,1,0,0.45271074946137174,-0.18972405768221798,3595
1.0,24,576,10,100,1.0,0.0,0.0,1.0,8.354674261918463,7.791935956938058,0,0,42500,0.44458057894642383,-0.2225922234545447,1660
1.0,18,324,10,100,1.0,0.0,0.0,1.0,7.669961995473577,7.486613313139955,0,0,21430,0.4321974865047566,-0.27289104228321287,11141
1.0,28,784,10,100,1.0,0.0,0.0,1.0,0.0,7.950149887652018,0,1,0,0.449180708028156,-0.2039815170650344,3196
1.0,25,625,11,121,1.0,0.0,0.0,1.0,0.0,0.0,1,1,0,0.43426306628982986,-0.2644786947334469,485
1.0,25,625,13,169,1.0,0.0,0.0,0.0,9.42238253021922,8.035926369891792,0,0,160706,0.43133858690369764,-0.2763918347833145,1
1.0,29,841,10,100,1.0,0.0,0.0,1.0,0.0,8.388905171114706,0,1,0,0.39961804251751165,-0.407056851278811,1
1.0,33,1089,12,144,0.0,0.0,1.0,0.0,0.0,0.0,1,1,0,0.4384855299462879,-0.2473107319148233,12418
1.0,21,441,12,144,1.0,0.0,0.0,0.0,0.0,0.0,1,1,0,0.46443405599474047,-0.1425044465835037,1254
1.0,22,484,11,121,1.0,0.0,0.0,1.0,0.0,0.0,1,1,0,0.44101451081726495,-0.23704573503691928,6456
1.0,18,324,9,81,1.0,0.0,0.0,1.0,0.0,0.0,1,1,0,0.4151472056880275,-0.3427270120756857,4482
1.0,23,529,10,100,1.0,0.0,1.0,1.0,0.0,6.841615476477592,0,1,0,0.39640379667987213,-0.42047205650372843,11233
1.0,28,784,11,121,1.0,0.0,0.0,1.0,7.564757012905729,8.835064935031076,0,0,21219,0.4592252340267567,-0.16346206744327932,1
1.0,27,729,8,64,1.0,0.0,0.0,1.0,0.0,0.0,1,1,0,0.4462588677272411,-0.21579810272264177,1
1.0,35,1225,10,100,1.0,0.0,0.0,1.0,0.0,0.0,1,1,0,0.4689413712505346,-0.12439467446701621,4666
1.0,40,1600,12,144,1.0,0.0,0.0,0.0,0.0,0.0,1,1,0,0.4159403100351835,-0.3394614219752351,10804
1.0,18,324,10,100,1.0,0.0,0.0,1.0,0.0,0.0,1,1,0,0.5035466386472522,0.014186792526383728,11163
0.0,20,400,14,196,0.0,0.0,0.0,0.0,8.512783482927537,8.560252680876685,0,0,69692,0.3907706128500656,-0.4440741388515643,25564
0.0,35,1225,12,144,0.0,0.0,1.0,0.0,8.609407675404048,9.475086413144906,0,0,65796,0.4471265311042665,-0.2122875449299454,25564
0.0,19,361,12,144,0.0,0.0,0.0,0.0,8.473032295630468,9.460164801871723,0,0,57408,0.4228171282593465,-0.3112193870516544,16181
0.0,24,576,13,169,0.0,0.0,1.0,0.0,7.893572073504902,8.790877754224164,0,0,34840,0.4009373450849636,-0.4015610234078408,10283
0.0,26,676,11,121,0.0,0.0,0.0,1.0,8.924123891686012,9.319463798994535,0,0,82621,0.4572344803881048,-0.1714810572530687,13668
0.0,23,529,14,196,0.0,0.0,0.0,0.0,9.69922708822342,9.288966692431371,0,0,228270,0.45543306618901835,-0.1787421018229005,18221
0.0,21,441,12,144,0.0,0.0,0.0,0.0,9.155989777226102,9.100748695346088,0,0,113652,0.44671013030579176,-0.21397213465433854,14364
0.0,19,361,11,121,0.0,1.0,0.0,1.0,7.200424892944957,9.379154445411636,0,0,14740,0.42303269614986716,-0.3103361272098569,14415
0.0,26,676,12,144,0.0,0.0,0.0,0.0,9.277344600756656,9.450773591827351,0,0,128316,0.45819963244368084,-0.16759264020463302,8931
0.0,21,441,12,144,0.0,0.0,1.0,0.0,9.162095059348188,9.76543165404016,0,0,114348,0.44701309451887244,-0.2127464337741793,17811
0.0,21,441,14,196,0.0,0.0,0.0,0.0,9.487593248937424,9.345919666218006,0,0,184730,0.4361882619607334,-0.25664645433147965,21431
0.0,27,729,16,256,0.0,0.0,1.0,0.0,9.858699369745992,9.925738161470948,0,0,305984,0.44645241368339106,-0.21501490358502584,25564
0.0,24,576,11,121,1.0,0.0,1.0,1.0,8.916103530553727,8.973097896282471,0,0,81961,0.45451357344985377,-0.18245014463130052,7923
0.0,23,529,12,144,0.0,0.0,1.0,0.0,8.800264651310336,9.230437073675304,0,0,79632,0.4354501630798153,-0.2596483111121944,17980
0.0,28,784,12,144,0.0,1.0,0.0,0.0,7.951559331155252,8.495356496807062,0,0,34080,0.42377258735686685,-0.3073054356229441,19820
0.0,28,784,12,144,1.0,0.0,0.0,0.0,9.724480496710004,8.355379895253634,0,0,200664,0.4895471322905545,-0.041817563666868736,7314
0.0,36,1296,12,144,0.0,0.0,1.0,0.0,0.0,9.51296031679217,0,1,0,0.42302365946824827,-0.3103731513585129,21490
0.0,34,1156,15,225,0.0,0.0,1.0,0.0,9.553433499191511,9.446992273315184,0,0,211395,0.44271104677023243,-0.23016657983252195,14880
0.0,25,625,16,256,0.0,0.0,0.0,0.0,9.916502489613622,9.862613473326157,0,0,324192,0.4510896228572924,-0.1962691406551892,25564
0.0,20,400,11,121,0.0,0.0,1.0,1.0,8.421783006611578,9.234447447319416,0,0,49995,0.4377266987250824,-0.25039329277930766,25564
0.0,22,484,14,196,0.0,0.0,1.0,0.0,9.594105053105007,9.736428922408086,0,0,205492,0.4453846248933496,-0.2193366212177284,18329
0.0,23,529,12,144,0.0,1.0,0.0,0.0,8.668539943910762,9.803943422199742,0,0,69804,0.4316245278009975,-0.2752261812259498,8876
0.0,27,729,12,144,0.0,0.0,1.0,0.0,9.693753688131835,9.880423612937577,0,0,194592,0.48583990503690505,-0.05665552963098726,23116
0.0,27,729,12,144,0.0,0.0,1.0,0.0,10.005728206482676,10.039896052315676,0,0,265836,0.5142232445934813,0.056908331813838774,19242
0.0,24,576,16,256,0.0,0.0,1.0,0.0,9.657331226912843,9.706620724300135,0,0,250176,0.420905831308037,-0.3190559745170686,19149
0.0,18,324,11,121,0.0,0.0,0.0,1.0,8.78615105486974,9.490242257109,0,0,71973,0.4445947646762849,-0.22253477494651994,25564
0.0,33,1089,18,324,0.0,0.0,0.0,0.0,10.160529988855798,9.200693994924375,0,0,465516,0.46786720683531313,-0.12870855983004542,25564
0.0,24,576,16,256,0.0,0.0,1.0,0.0,9.69523261371567,9.724659884996427,0,0,259840,0.4246648959784073,-0.30365228278449224,25564
0.0,29,841,14,196,0.0,0.0,1.0,0.0,9.40029935589935,9.596350792250211,0,0,169288,0.43981786667886114,-0.24190126707468698,16336
0.0,21,441,12,144,0.0,0.0,0.0,0.0,8.338783971442199,8.885579291282982,0,0,50196,0.42185581043476456,-0.31515972626190725,12039
0.0,23,529,14,196,0.0,0.0,1.0,0.0,9.474318717728728,9.39015879855202,0,0,182294,0.4373322526323456,-0.25199609744525125,15949
0.0,31,961,12,144,0.0,0.0,1.0,0.0,8.855663430700124,9.534956892221029,0,0,84168,0.4477952420828498,-0.20958283673813527,24443
0.0,28,784,12,144,0.0,0.0,0.0,0.0,9.39007525287337,9.606630182148894,0,0,143628,0.4669318349671288,-0.13246602200883878,15094
0.0,20,400,9,81,0.0,0.0,0.0,1.0,8.94767606249969,9.384881741451174,0,0,69210,0.47512967127699257,-0.09956348023414371,21418
0.0,28,784,16,256,0.0,0.0,1.0,0.0,9.921523915022227,10.135154674791217,0,0,325824,0.45564064861946435,-0.17790515359907785,25564
0.0,18,324,11,121,0.0,0.0,0.0,1.0,6.645090969505644,8.379079889286603,0,0,8459,0.4196922381044169,-0.32403691051243283,10202
0.0,19,361,12,144,0.0,0.0,1.0,0.0,7.661527081358517,8.38662882139512,0,0,25500,0.4104039194447128,-0.3622958491046923,20852
0.0,39,1521,12,144,0.0,0.0,1.0,0.0,9.7326399178158,9.539068413863964,0,0,202308,0.5088375617702382,0.03535392902794821,19378
0.0,32,1024,16,256,0.0,1.0,1.0,0.0,8.45807992692373,9.588365764325566,0,0,75408,0.36514235375363857,-0.553113506789013,19912
0.0,19,361,11,121,0.0,0.0,0.0,1.0,5.746203190540153,8.820108644508608,0,0,3443,0.41860910118669026,-0.32848578234549214,16627
0.0,32,1024,16,256,0.0,0.0,1.0,0.0,10.032759888240268,9.955273225685358,0,0,364160,0.4768024889714775,-0.09285670702737689,23043
0.0,24,576,12,144,0.0,0.0,0.0,0.0,9.34469642447526,9.56843430866833,0,0,137256,0.4593023637775177,-0.16315148688276665,17964
0.0,27,729,16,256,0.0,0.0,1.0,0.0,9.418898064961974,9.334326351757174,0,0,197104,0.40404666554242846,-0.3886319860510161,11471
0.0,20,400,12,144,0.0,0.0,0.0,0.0,9.148039345778804,9.632203625893982,0,0,112752,0.44540610151346316,-0.21924967779211088,14113
0.0,21,441,12,144,0.0,0.0,0.0,0.0,9.751035429344451,9.41132011058867,0,0,206064,0.4833464645403181,-0.06663879129096695,18706
0.0,29,841,12,144,0.0,0.0,0.0,0.0,9.257414779362112,9.37534620656045,0,0,125784,0.461259321063998,-0.15527393657002334,17669
0.0,48,2304,18,324,0.0,0.0,1.0,0.0,9.743964132018151,9.64782080951636,0,0,306918,0.43603668966674375,-0.25726280636106924,19845
0.0,22,484,12,144,0.0,0.0,1.0,0.0,7.964155718840937,9.275378768155404,0,0,34512,0.41679470764887544,-0.3359454625503447,18337
0.0,23,529,14,196,0.0,0.0,1.0,0.0,8.899048433885268,8.413830678421084,0,0,102550,0.40630462185879135,-0.37926317799543485,25564
0.0,24,576,12,144,1.0,0.0,0.0,0.0,9.275003885301905,9.18091156128537,0,0,128016,0.4556243885710521,-0.17797070997667677,10969
0.0,17,289,11,121,0.0,1.0,0.0,1.0,7.9854843567338225,9.328390038749998,0,0,32318,0.4282255731718682,-0.28909445804176287,25564
0.0,25,625,14,196,1.0,0.0,1.0,0.0,9.74326011321524,9.62951112714046,0,0,238546,0.4618402130331215,-0.15293654583968178,17211
0.0,23,529,14,196,0.0,0.0,0.0,0.0,9.386727689281946,9.390743422947509,0,0,167006,0.4313472056241754,-0.2763566973789113,25320
0.0,16,256,11,121,1.0,0.0,0.0,1.0,8.328209491748732,8.412277021466677,0,0,45529,0.4325953676300081,-0.2712698812911074,10293
0.0,36,1296,17,289,0.0,0.0,1.0,0.0,10.006675710332296,10.015297227588134,0,0,376958,0.46408860253709594,-0.1438933564252138,25066
0.0,33,1089,12,144,0.0,0.0,1.0,0.0,9.570250078424843,9.339964139769688,0,0,171984,0.4858047884752264,-0.05679610890678813,23136
0.0,26,676,13,169,0.0,0.0,0.0,0.0,6.774223886357614,9.27199975236291,0,0,11375,0.3943452174485039,-0.42908344590331443,12766
0.0,33,1089,14,196,0.0,0.0,1.0,0.0,9.23317760587894,8.550627967502475,0,0,143234,0.43566995379605533,-0.2587542986633897,10250
0.0,25,625,13,169,1.0,0.0,1.0,0.0,9.32741204356202,9.724719673941472,0,0,146146,0.4454212318820814,-0.2191884262810159,21329
0.0,44,1936,12,144,0.0,1.0,0.0,0.0,9.452109387413556,9.361944956108076,0,0,152820,0.49972234295957435,-0.0011106282758655388,10159
0.0,31,961,12,144,0.0,0.0,0.0,0.0,8.739055922830724,9.553078650176042,0,0,74904,0.4441483257724741,-0.2243429119888954,20754
0.0,31,961,12,144,0.0,0.0,1.0,0.0,8.167919362957816,9.76818316050523,0,0,42312,0.43136943469955885,-0.2762660731070069,18368
0.0,20,400,12,144,0.0,0.0,0.0,0.0,8.978282203272398,9.3200912359353,0,0,95148,0.4384723986551557,-0.24736406450010157,14195
0.0,27,729,16,256,0.0,0.0,0.0,0.0,9.73240262766816,9.318207742845187,0,0,269680,0.4321771473911815,-0.2729739232702876,23745
0.0,21,441,12,144,0.0,0.0,0.0,0.0,7.9714309977693505,9.13356731317027,0,0,34764,0.4158771597683854,-0.3397213759350503,16639
0.0,20,400,12,144,0.0,0.0,1.0,0.0,8.95828281049733,8.915835074176277,0,0,93264,0.4377144291772476,-0.25044314441441196,21020
0.0,20,400,12,144,1.0,0.0,0.0,0.0,0.0,8.397057390176256,0,1,0,0.4014031069794727,-0.3996222283053383,11910
0.0,24,576,12,144,0.0,1.0,0.0,0.0,8.85893722196655,10.107529830547938,0,0,84444,0.4385014127215921,-0.24724622467637564,25564
0.0,21,441,12,144,0.0,0.0,0.0,0.0,9.777527425407923,9.908375586608903,0,0,211596,0.48557068646751816,-0.05773328484249099,9491
0.0,23,529,12,144,0.0,0.0,1.0,0.0,8.822911626354117,9.073374516903025,0,0,81456,0.4361580774190384,-0.25676919257406233,13407
0.0,18,324,12,144,0.0,0.0,0.0,0.0,6.803505257608338,8.88336291691676,0,0,10812,0.40392151458373127,-0.38915175707965477,12380
0.0,27,729,14,196,0.0,0.0,1.0,0.0,9.664722620318962,9.599133945796376,0,0,220528,0.45726181801711413,-0.17137090140045427,25564
0.0,19,361,11,121,0.0,0.0,0.0,1.0,8.147288258706624,8.847934753328465,0,0,37994,0.43209300474466,-0.27331681073293296,21384
0.0,29,841,16,256,0.0,0.0,0.0,0.0,9.74443320268052,9.758230539878989,0,0,272944,0.43620837416807356,-0.2565646739025851,22720
0.0,31,961,16,256,0.0,0.0,1.0,0.0,9.899128063758676,9.87075772791321,0,0,318608,0.45715934609782355,-0.17178381313612331,25564
0.0,24,576,12,144,0.0,0.0,1.0,0.0,9.321076413570848,9.862144589001746,0,0,134052,0.458046801824574,-0.16820828119810027,14966
0.0,34,1156,18,324,0.0,0.0,1.0,0.0,9.731690419198388,9.81945355692612,0,0,303174,0.40599640895405875,-0.38054105025438456,19288
0.0,27,729,16,256,0.0,0.0,0.0,0.0,9.66991480573138,9.66147968357552,0,0,253344,0.4258154387570587,-0.2989448698661647,16500
0.0,49,2401,18,324,0.0,0.0,0.0,0.0,9.526755663250835,9.526537012326164,0,0,246996,0.41513810819451236,-0.34276448127797926,16984
0.0,30,900,14,196,1.0,0.0,1.0,0.0,9.237760967552177,9.164610520270008,0,0,143892,0.43129084363389736,-0.27658648096723143,12811
0.0,21,441,12,144,0.0,0.0,0.0,0.0,8.998013113095823,8.97423821949758,0,0,97044,0.440171637194848,-0.24046550637634523,14366
0.0,29,841,16,256,0.0,0.0,0.0,0.0,9.841771710555475,10.136304168546024,0,0,300848,0.4471902942875111,-0.21202961135366755,25564
0.0,33,1089,16,256,0.0,0.0,1.0,0.0,9.922113016659292,9.93464701478523,0,0,326016,0.4632899319012859,-0.1471049773604254,18152
0.0,24,576,13,169,0.0,0.0,1.0,0.0,9.054154288786854,9.419709489868552,0,0,111202,0.4305227604860653,-0.27971862399706293,17406
0.0,30,900,12,144,0.0,0.0,1.0,0.0,9.678655075789957,9.655282570626548,0,0,191676,0.4889204926250002,-0.04432528534598263,25564
0.0,40,1600,13,169,0.0,1.0,1.0,0.0,9.101975347298058,9.451716691551452,0,0,116649,0.45806090563758134,-0.16815146608603848,24673
0.0,29,841,16,256,0.0,0.0,1.0,0.0,9.587406005562649,9.485393028027822,0,0,233280,0.4207183123861541,-0.31982534835060045,25564
0.0,33,1089,18,324,0.0,0.0,1.0,0.0,9.659630959624376,9.829410349139811,0,0,282096,0.3963050773336413,-0.42088466345018194,20261
0.0,22,484,12,144,0.0,0.0,1.0,0.0,8.624791202014256,9.310457163310955,0,0,66816,0.4293667228143261,-0.2844353712147997,9491
0.0,22,484,12,144,0.0,0.0,0.0,0.0,9.42181611842271,9.626283724371977,0,0,148260,0.4614355001757659,-0.15456498334670143,18991
0.0,38,1444,16,256,0.0,0.0,0.0,0.0,8.927844826211702,9.30228124567454,0,0,120624,0.3920778911409757,-0.43858624138798796,10339
0.0,30,900,18,324,0.0,0.0,1.0,0.0,9.494691904331509,10.136304168546024,0,0,239202,0.3756266094672711,-0.5081529816224067,25564
0.0,20,400,13,169,0.0,0.0,1.0,0.0,9.424160595829507,9.545883605779304,0,0,160992,0.44586333379894777,-0.21739886761580637,24576
0.0,17,289,9,81,0.0,0.0,0.0,1.0,0.0,8.292047637431354,0,1,0,0.44497028589885385,-0.22101414455845766,10248
0.0,23,529,12,144,1.0,0.0,1.0,0.0,8.97322466309509,9.544595867727551,0,0,94668,0.44135901291958407,-0.23564839296118348,12927
0.0,28,784,18,324,0.0,0.0,1.0,0.0,9.9410723128634,9.98289929196029,0,0,373788,0.4242693067437288,-0.3052715939125797,25564
0.0,27,729,11,121,0.0,0.0,0.0,1.0,10.007306881175126,9.74613174175992,0,0,244068,0.5227681819744423,0.09113575459880403,25564
0.0,21,441,14,196,0.0,0.0,1.0,0.0,9.298168082341704,9.299723933110869,0,0,152852,0.4237344788942836,-0.30746149857607336,8092
0.0,35,1225,18,324,0.0,0.0,0.0,0.0,9.845699528768732,9.892123222457078,0,0,339786,0.4218439037428048,-0.31520854567729467,21186
0.0,27,729,15,225,0.0,0.0,1.0,0.0,9.435322232564031,9.61587214452889,0,0,187845,0.4230149526087365,-0.3104088243940834,9110
0.0,19,361,12,144,0.0,0.0,0.0,0.0,8.37816098272068,8.63817111796914,0,0,52212,0.42076075866788504,-0.31965118673640175,8508
0.0,31,961,17,289,0.0,0.0,1.0,0.0,10.160529988855798,10.136304168546024,0,0,439654,0.48057346321490035,-0.0777452833251026,25564
0.0,20,400,14,196,0.0,0.0,1.0,0.0,9.033961124637855,9.831454349636296,0,0,117362,0.40905658890838925,-0.3678667560463741,25564
0.0,16,256,9,81,0.0,1.0,0.0,1.0,0.0,8.301769763117166,0,1,0,0.4442075921789898,-0.2241028541858026,7314
0.0,27,729,12,144,0.0,0.0,1.0,0.0,9.024613022047395,9.052282067317908,0,0,99660,0.4481617132147669,-0.20810091035458267,9822
0.0,27,729,7,49,0.0,0.0,1.0,1.0,9.033961124637855,8.321664807135,0,0,58681,0.5029653541098384,0.011861555510675078,9800
0.0,26,676,16,256,0.0,0.0,1.0,0.0,9.615672137861337,9.94841311588912,0,0,239968,0.41934772134718723,-0.32545163035546837,18996
0.0,17,289,11,121,0.0,0.0,0.0,1.0,7.983098940710892,9.201602306032898,0,0,32241,0.42819443774907395,-0.2892216212292132,25564
0.0,25,625,15,225,0.0,0.0,0.0,0.0,9.46931428029122,8.521185212685776,0,0,194340,0.4229893782377203,-0.3105136067569232,19145
0.0,21,441,12,144,0.0,0.0,1.0,0.0,9.464284672443103,9.652394528314964,0,0,154692,0.46295091708789693,-0.148468454545487,12862
0.0,27,729,12,144,0.0,0.0,1.0,0.0,9.452109387413556,9.194820560318146,0,0,152820,0.46920153793608993,-0.12335001050346935,17058
0.0,31,961,12,144,0.0,0.0,1.0,0.0,0.0,9.042749779782222,0,1,0,0.4147801379751655,-0.3442390173137953,12751
0.0,19,361,12,144,0.0,0.0,0.0,0.0,8.824089482791823,9.080914824535723,0,0,81552,0.4322197415245409,-0.2728003551304192,12989
0.0,26,676,14,196,0.0,1.0,0.0,0.0,9.439068301584292,10.021981446583917,0,0,175980,0.4384284495883544,-0.2475425656672223,17320
0.0,29,841,17,289,0.0,0.0,1.0,0.0,9.955842782870056,9.985988774047872,0,0,358275,0.44535731246084903,-0.21944719085335274,25564
0.0,26,676,18,324,0.0,0.0,1.0,0.0,9.95089580993112,9.99346535865436,0,0,377478,0.4230940762719415,-0.31008465256351436,25564
0.0,18,324,12,144,0.0,0.0,0.0,0.0,8.799058378546453,8.98619632032839,0,0,79536,0.43056746168439375,-0.2795363011147034,12185
0.0,19,361,12,144,0.0,0.0,1.0,0.0,8.831565879121063,9.834405391348684,0,0,82164,0.4324916513868786,-0.27169243742599747,15414
0.0,45,2025,15,225,0.0,0.0,0.0,0.0,9.304650051446924,9.282381924841154,0,0,164835,0.44626548373719394,-0.21577132942405564,11677
0.0,34,1156,17,289,0.0,0.0,1.0,0.0,9.780076207620894,9.823632327286663,0,0,300526,0.43048115352502403,-0.27988833055712636,21036
0.0,45,2025,14,196,0.0,0.0,1.0,0.0,9.120743838164426,9.59994706414989,0,0,128002,0.4532710452424207,-0.18746288686782514,14642
0.0,19,361,12,144,0.0,0.0,0.0,0.0,7.6251071482389,8.772145439245099,0,0,24588,0.4100695416678379,-0.36367790357970337,15805
0.0,23,529,13,169,0.0,0.0,0.0,0.0,8.737773460327283,9.299723933110869,0,0,81042,0.41765735554498695,-0.33239763788020116,14168
0.0,18,324,12,144,0.0,0.0,0.0,0.0,9.023408202624545,9.36082720525012,0,0,99540,0.4384182564508876,-0.24758396612684172,18115
0.0,26,676,12,144,0.0,0.0,0.0,0.0,8.823500727991183,9.311722986264783,0,0,81504,0.43973708269871203,-0.24222915973825995,17500
0.0,28,784,12,144,0.0,0.0,1.0,0.0,8.738735461363474,8.74369111054302,0,0,74880,0.43974466514735827,-0.24219838292120632,15641
0.0,27,729,14,196,0.0,0.0,1.0,0.0,9.7925001243465,9.975947739265388,0,0,250586,0.46918847348837445,-0.12340246740977096,25564
0.0,18,324,12,144,0.0,0.0,0.0,0.0,9.255122514748075,9.175024026848616,0,0,125496,0.44861993233207953,-0.2062482959429817,10964
0.0,30,900,12,144,0.0,0.0,1.0,0.0,8.991064332188461,9.109635667854551,0,0,96372,0.45107867295166537,-0.19631336353677153,18824
0.0,33,1089,16,256,0.0,0.0,0.0,0.0,9.634430944207512,9.660332602134424,0,0,244512,0.4311812160536762,-0.2770334451410933,17985
0.0,19,361,11,121,0.0,0.0,0.0,1.0,8.08886878916199,9.728181330636078,0,0,35838,0.43128843857916505,-0.2765962863555622,21156
0.0,24,576,16,256,0.0,0.0,1.0,0.0,9.929398934320629,10.058609189403429,0,0,328400,0.4515680158106296,-0.19433726311497845,25564
0.0,22,484,12,144,1.0,0.0,0.0,0.0,8.222553638396958,8.395477432732141,0,0,44688,0.4207007573565142,-0.319897379912508,8199
0.0,26,676,12,144,0.0,0.0,0.0,0.0,9.27902652976463,8.98682175033189,0,0,128532,0.4582643437111158,-0.16733197615108317,9552
0.0,23,529,12,144,0.0,0.0,1.0,0.0,9.428913494775632,10.008883067581468,0,0,149316,0.4629569650465361,-0.14844412917334698,12269
0.0,19,361,12,144,0.0,0.0,0.0,0.0,8.018954683155718,8.596928159435091,0,0,36456,0.41464862390131807,-0.3447808376294722,9695
0.0,27,729,12,144,0.0,0.0,0.0,0.0,6.678342114654332,8.63994165667529,0,0,9540,0.41292722077324806,-0.35187744065238824,11443
0.0,23,529,12,144,0.0,0.0,0.0,0.0,9.586376669393536,9.58713161949974,0,0,174780,0.47304242003498514,-0.10793498445668702,13924
0.0,29,841,13,169,0.0,0.0,0.0,0.0,9.102643796520807,9.937164078895512,0,0,116727,0.4391480631756976,-0.2446203134984604,22208
0.0,37,1369,12,144,0.0,0.0,1.0,0.0,9.906233778204154,9.95246817475775,0,0,240660,0.5202598621671235,0.08108384389803663,22718
0.0,34,1156,16,256,0.0,0.0,1.0,0.0,8.90231952852887,9.803280402119096,0,0,117584,0.38401604457194843,-0.47253658235697205,22553
0.0,22,484,12,144,0.0,0.0,1.0,0.0,9.273502946933824,9.1834829178063,0,0,127824,0.4533317791882903,-0.1872178132993556,10750
0.0,27,729,17,289,0.0,0.0,0.0,0.0,9.751850377873168,9.906034306802704,0,0,292162,0.4167957486131185,-0.33594118010326424,25564
0.0,22,484,12,144,1.0,0.0,1.0,0.0,9.2387334464774,9.240869577011006,0,0,123456,0.451603944457244,-0.1941921883554907,8517
0.0,20,400,14,196,0.0,0.0,0.0,0.0,9.24454854330592,8.52615293278771,0,0,144872,0.4196393061847654,-0.32425424863418484,12631
0.0,24,576,12,144,0.0,0.0,1.0,0.0,4.983606621708336,8.501267040865978,0,0,1752,0.40625706393302463,-0.37946033649211697,11507
0.0,21,441,13,169,0.0,0.0,0.0,0.0,9.596826513486544,9.311271090554625,0,0,191334,0.4588076259570358,-0.1651437987225961,18931
0.0,36,1296,12,144,0.0,0.0,1.0,0.0,9.153875834995056,9.594105053105007,0,0,113412,0.46774990810282496,-0.12917970774374413,13339
0.0,29,841,12,144,0.0,0.0,1.0,0.0,7.779048644925556,9.36005264520451,0,0,28680,0.42309662751789184,-0.3100742003075626,25564
0.0,20,400,12,144,0.0,0.0,0.0,0.0,9.167224080902557,9.663134259490723,0,0,114936,0.4462674875867113,-0.2157632203732426,18666
0.0,21,441,9,81,1.0,0.0,1.0,1.0,7.038783541388542,9.07589427542326,0,0,10260,0.45271033736637095,-0.18972572094034926,8994
0.0,23,529,13,169,0.0,0.0,1.0,0.0,9.353401214816834,9.48562086171022,0,0,149994,0.44461062795833867,-0.22247053322254853,18393
0.0,17,289,11,121,0.0,0.0,0.0,1.0,8.258681496264236,8.772145439245099,0,0,42471,0.4321742359634209,-0.2729857872857057,19983
0.0,33,1089,17,289,0.0,0.0,1.0,0.0,9.93928896499951,10.136304168546024,0,0,352393,0.449192072193245,-0.2039355860246753,25564
0.0,18,324,11,121,0.0,0.0,0.0,1.0,8.333510708982942,8.633908991112198,0,0,45771,0.4342675823549086,-0.2644603127555266,12800
0.0,22,484,16,256,0.0,1.0,0.0,0.0,9.77854771798028,9.92240743738864,0,0,282416,0.43128348129613264,-0.2766164971993325,18715
0.0,21,441,14,196,0.0,0.0,0.0,0.0,8.77137018531062,9.633383412358416,0,0,90258,0.3995932880286571,-0.40716002895469816,11804
0.0,26,676,16,256,0.0,0.0,1.0,0.0,9.8011225458581,9.508071780280964,0,0,288864,0.4384115660260654,-0.2476111400792452,25564
0.0,29,841,12,144,0.0,0.0,1.0,0.0,9.318656515459642,9.969930509084842,0,0,133728,0.4644328464488313,-0.14250930937245135,22742
0.0,31,961,17,289,0.0,0.0,1.0,0.0,9.90268723236536,9.998752276761907,0,0,339728,0.44102458528157884,-0.2370048685314396,25564
0.0,19,361,12,144,0.0,0.0,0.0,0.0,8.053251153549096,8.83608319099221,0,0,37728,0.4151514914043639,-0.342709360881866,13176
0.0,23,529,16,256,0.0,0.0,0.0,0.0,9.376701909191407,10.01265580953678,0,0,188960,0.3962436311036905,-0.42114150166984293,25564
0.0,22,484,12,144,0.0,0.0,0.0,0.0,9.38328476695754,9.399637542506564,0,0,142656,0.4592066135917693,-0.1635370480565117,13729
0.0,29,841,14,196,0.0,0.0,0.0,0.0,9.491903763419788,9.531336323457896,0,0,185528,0.44620194114690515,-0.216028473204605,13670
0.0,34,1156,11,121,1.0,0.0,1.0,1.0,8.91784674252718,9.18594521514146,0,0,82104,0.4689465228244746,-0.12437398836606382,13104
0.0,21,441,12,144,0.0,0.0,0.0,0.0,7.970049304976135,9.186457431512853,0,0,34716,0.4158608796578844,-0.3397883937924967,22068
0.0,41,1681,8,64,0.0,0.0,1.0,1.0,8.165647925297504,9.014447135152134,0,0,28144,0.5035609383193042,0.014243994104284684,13436
