treat,age,education,black,hispanic,married,nodegree,lnre75,lnre78,propensity_score,propensity_logit,re78
1.0,0.10634365373635145,-0.3321856750684696,1.0,0.0,0.0,1.0,-1.2163329622119845,-1.5711839225370596,0.14285714285714285,-1.791759469228055,0
1.0,-0.5195913607995415,1.129431295232795,0.0,0.0,0.0,0.0,0.253118238959267,0.845844999151599,0.3047619047619048,-0.8247235383486645,12558
1.0,1.3582136828081375,0.3986228100821627,1.0,0.0,0.0,1.0,1.0520016389583224,0.6684168422783132,0.3047619047619048,-0.8247235383486645,6281
1.0,-1.1455263753354346,-0.3321856750684696,1.0,0.0,0.0,1.0,0.06061367951690671,0.8034249733546054,0.6867469879518072,0.784954729813068,10641
1.0,-0.832558868067488,0.3986228100821627,1.0,0.0,0.0,1.0,0.6962891829927228,0.8334572492825859,0.3047619047619048,-0.8247235383486645,11965
1.0,0.41931116100429794,0.3986228100821627,1.0,0.0,1.0,1.0,0.7230364357412292,0.39812264517427265,0.3047619047619048,-0.8247235383486645,2186
1.0,0.7322786682722444,-1.7938026453697342,1.0,0.0,0.0,1.0,-1.2163329622119845,0.3652949502380004,0.3047619047619048,-0.8247235383486645,1923
1.0,0.10634365373635145,-1.7938026453697342,0.0,0.0,0.0,1.0,1.3243360129147121,0.6740623132122633,0.3047619047619048,-0.8247235383486645,6421
1.0,-0.5195913607995415,0.3986228100821627,1.0,0.0,0.0,1.0,0.7317388751290896,0.558055841876168,0.3047619047619048,-0.8247235383486645,4082
1.0,0.10634365373635145,0.3986228100821627,1.0,0.0,1.0,1.0,-1.2163329622119845,-1.5711839225370596,0.75,1.0986122886681098,0
1.0,0.5757949146382711,0.3986228100821627,1.0,0.0,1.0,1.0,1.0207351748471014,0.7075497724660795,0.47058823529411764,-0.11778303565638351,7318
1.0,-1.1455263753354346,-1.062994160219102,1.0,0.0,0.0,1.0,0.6596388121022135,0.6387524810170829,0.3047619047619048,-0.8247235383486645,5594
1.0,-0.6760751144335148,1.129431295232795,1.0,0.0,0.0,0.0,1.0923232444829116,-1.5711839225370596,0.6867469879518072,0.784954729813068,0
1.0,-1.1455263753354346,-0.3321856750684696,1.0,0.0,0.0,1.0,0.49109967913097224,0.4997629603796546,0.6867469879518072,0.784954729813068,3251
1.0,2.7665674655138965,2.59104826553406,1.0,0.0,0.0,0.0,-1.2163329622119845,0.9714098733695439,0.7,0.8472978603872034,20505
1.0,0.5757949146382711,3.321856750684692,1.0,0.0,0.0,0.0,-1.2163329622119845,0.7770065543122071,0.47058823529411764,-0.11778303565638351,9598
1.0,0.5757949146382711,-1.7938026453697342,1.0,0.0,0.0,1.0,0.5726983454190822,0.7231946428910551,0.3047619047619048,-0.8247235383486645,7779
1.0,-0.5195913607995415,0.3986228100821627,0.0,1.0,0.0,1.0,1.2610602192949625,0.8945909643281135,0.28,-0.9444616088408512,15191
1.0,-1.1455263753354346,-1.7938026453697342,1.0,0.0,0.0,1.0,-1.2163329622119845,-1.5711839225370596,0.3047619047619048,-0.8247235383486645,0
1.0,-0.3631076071655683,1.129431295232795,1.0,0.0,0.0,0.0,-1.2163329622119845,0.9475107178069071,0.3047619047619048,-0.8247235383486645,18678
1.0,-1.1455263753354346,-1.062994160219102,1.0,0.0,0.0,1.0,-1.2163329622119845,0.3692593078160551,0.3047619047619048,-0.8247235383486645,1953
1.0,-0.3631076071655683,-0.3321856750684696,1.0,0.0,0.0,1.0,0.42265003778929433,0.8150231478801995,0.7,0.8472978603872034,11134
1.0,0.2628274073703247,0.3986228100821627,0.0,0.0,0.0,1.0,1.322831593904093,0.45653012661132314,0.6867469879518072,0.784954729813068,2746
1.0,1.045246175540191,-1.062994160219102,1.0,0.0,0.0,1.0,0.6642980261542819,0.7966455179321084,0.3047619047619048,-0.8247235383486645,10363
1.0,-0.5195913607995415,0.3986228100821627,1.0,0.0,1.0,1.0,0.8913090140024298,0.818813119519708,0.75,1.0986122886681098,11300
1.0,0.41931116100429794,0.3986228100821627,1.0,0.0,0.0,1.0,0.7783738640998296,-1.5711839225370596,0.3047619047619048,-0.8247235383486645,0
1.0,0.2628274073703247,-0.3321856750684696,1.0,0.0,0.0,1.0,-1.2163329622119845,0.7679637058723826,0.6867469879518072,0.784954729813068,9265
1.0,0.8887624219062177,1.129431295232795,1.0,0.0,0.0,0.0,-1.2163329622119845,1.0212353167544783,0.28,-0.9444616088408512,24909
1.0,-0.05014009989762178,-0.3321856750684696,1.0,0.0,1.0,1.0,0.8858496762113615,-1.5711839225370596,0.3047619047619048,-0.8247235383486645,0
1.0,0.5757949146382711,-0.3321856750684696,1.0,0.0,0.0,1.0,0.79400499310883,0.4953933550069776,0.3047619047619048,-0.8247235383486645,3196
1.0,-0.05014009989762178,0.3986228100821627,1.0,0.0,0.0,1.0,-1.2163329622119845,0.19655593137852606,0.3047619047619048,-0.8247235383486645,995
1.0,2.6100837118799234,-1.062994160219102,1.0,0.0,1.0,1.0,1.0300197057868232,0.4920056268050408,0.3047619047619048,-0.8247235383486645,3154
1.0,1.045246175540191,-1.062994160219102,1.0,0.0,0.0,1.0,0.9622733346198451,0.7759370502082638,0.6867469879518072,0.784954729813068,9558
1.0,-0.20662385353159501,-0.3321856750684696,1.0,0.0,0.0,1.0,-1.2163329622119845,0.7203476713329265,0.3047619047619048,-0.8247235383486645,7693
1.0,-0.9890426217014612,0.3986228100821627,1.0,0.0,0.0,1.0,-1.2163329622119845,-1.5711839225370596,0.3047619047619048,-0.8247235383486645,0
1.0,-0.832558868067488,-1.7938026453697342,1.0,0.0,0.0,1.0,0.8028538645069843,0.7150332440961675,0.3047619047619048,-0.8247235383486645,7535
1.0,0.10634365373635145,0.3986228100821627,1.0,0.0,0.0,1.0,-1.2163329622119845,0.7848626844103058,0.28,-0.9444616088408512,9897
1.0,-0.9890426217014612,-0.3321856750684696,1.0,0.0,0.0,1.0,0.6102068731794282,0.8355674735629974,0.75,1.0986122886681098,12064
1.0,-1.1455263753354346,-0.3321856750684696,1.0,0.0,0.0,1.0,0.5304168248548412,0.2899740008140118,0.3047619047619048,-0.8247235383486645,1433
1.0,-0.6760751144335148,0.3986228100821627,1.0,0.0,0.0,1.0,-1.2163329622119845,0.5510600846921958,0.3047619047619048,-0.8247235383486645,3972
1.0,-0.832558868067488,-1.062994160219102,1.0,0.0,0.0,1.0,0.4733580152994154,0.9335205090950978,0.28,-0.9444616088408512,17685
1.0,0.10634365373635145,1.129431295232795,1.0,0.0,0.0,0.0,0.7858501789983293,0.386621709317754,0.3047619047619048,-0.8247235383486645,2090
1.0,-0.9890426217014612,-0.3321856750684696,0.0,1.0,0.0,1.0,1.1716087216508273,-1.5711839225370596,0.3047619047619048,-0.8247235383486645,0
1.0,1.9841486973440303,-1.062994160219102,1.0,0.0,0.0,1.0,-1.2163329622119845,0.214447445373483,0.3047619047619048,-0.8247235383486645,1067
1.0,0.41931116100429794,-1.062994160219102,1.0,0.0,0.0,1.0,-1.2163329622119845,-1.5711839225370596,0.28,-0.9444616088408512,0
1.0,-0.5195913607995415,1.129431295232795,1.0,0.0,0.0,0.0,-1.2163329622119845,0.7870783868788593,0.75,1.0986122886681098,9983
1.0,-0.20662385353159501,0.3986228100821627,1.0,0.0,0.0,1.0,0.7007118830085144,0.5321311882240372,0.3047619047619048,-0.8247235383486645,3689
1.0,0.2628274073703247,-0.3321856750684696,1.0,0.0,1.0,1.0,-1.2163329622119845,-1.5711839225370596,0.28,-0.9444616088408512,0
1.0,0.41931116100429794,0.3986228100821627,1.0,0.0,0.0,1.0,-1.2163329622119845,0.04427205519351989,0.3047619047619048,-0.8247235383486645,549
1.0,-0.832558868067488,0.3986228100821627,0.0,1.0,1.0,1.0,0.9597860890132681,0.6882965627376172,0.75,1.0986122886681098,6788
1.0,-0.5195913607995415,0.3986228100821627,1.0,0.0,0.0,1.0,0.7249182522866079,-1.5711839225370596,0.3047619047619048,-0.8247235383486645,0
1.0,-0.6760751144335148,-0.3321856750684696,1.0,0.0,0.0,1.0,0.9423995096661437,0.8667477256554565,0.3047619047619048,-0.8247235383486645,13626
1.0,0.2628274073703247,-0.3321856750684696,1.0,0.0,1.0,1.0,1.0606588829159462,0.5905921578368117,0.3047619047619048,-0.8247235383486645,4635
1.0,-0.3631076071655683,1.129431295232795,1.0,0.0,0.0,0.0,0.5136921898213779,-1.5711839225370596,0.3047619047619048,-0.8247235383486645,0
1.0,-1.1455263753354346,-0.3321856750684696,1.0,0.0,0.0,1.0,-1.2163329622119845,-1.5711839225370596,0.3047619047619048,-0.8247235383486645,0
1.0,-0.9890426217014612,0.3986228100821627,0.0,1.0,0.0,1.0,0.9610788254558493,0.42773869405430825,0.3047619047619048,-0.8247235383486645,2454
1.0,0.7322786682722444,1.129431295232795,1.0,0.0,0.0,0.0,0.6814262128715216,-1.5711839225370596,0.3047619047619048,-0.8247235383486645,0
1.0,-0.20662385353159501,1.129431295232795,1.0,0.0,0.0,0.0,1.0492546282180457,0.881180828345544,0.6867469879518072,0.784954729813068,14416
1.0,0.7322786682722444,-0.3321856750684696,1.0,0.0,1.0,1.0,0.9334675976006295,-0.324645413712471,0.6867469879518072,0.784954729813068,130
1.0,-0.3631076071655683,0.3986228100821627,1.0,0.0,0.0,1.0,1.0398200159474653,0.09451475167507961,0.3047619047619048,-0.8247235383486645,668
1.0,-0.9890426217014612,-0.3321856750684696,1.0,0.0,0.0,1.0,0.43986367147142047,0.009875688256159148,0.3047619047619048,-0.8247235383486645,480
1.0,0.10634365373635145,1.129431295232795,1.0,0.0,0.0,0.0,-1.2163329622119845,-1.5711839225370596,0.3047619047619048,-0.8247235383486645,0
1.0,0.7322786682722444,0.3986228100821627,1.0,0.0,1.0,1.0,-1.2163329622119845,0.7781778728782046,0.3047619047619048,-0.8247235383486645,9642
1.0,0.2628274073703247,1.129431295232795,1.0,0.0,0.0,0.0,1.0079025441264877,0.6484988650791057,0.28,-0.9444616088408512,5811
1.0,2.7665674655138965,2.59104826553406,1.0,0.0,1.0,0.0,-1.2163329622119845,0.8579724555293619,0.28,-0.9444616088408512,13167
1.0,-0.9890426217014612,-0.3321856750684696,1.0,0.0,1.0,1.0,0.7003247414203707,0.8116661051971449,0.28,-0.9444616088408512,10989
1.0,1.201729929174164,-0.3321856750684696,1.0,0.0,0.0,1.0,0.7433311494305099,-0.24273391711278297,0.3047619047619048,-0.8247235383486645,179
1.0,0.2628274073703247,0.3986228100821627,1.0,0.0,1.0,1.0,0.6140507593982582,0.29475429474768744,0.7,0.8472978603872034,1460
1.0,1.045246175540191,1.129431295232795,0.0,0.0,0.0,0.0,0.773102596389747,0.4308504259657681,0.3047619047619048,-0.8247235383486645,2484
1.0,-0.6760751144335148,-1.062994160219102,1.0,0.0,0.0,1.0,-1.2163329622119845,0.7571233929290402,0.3047619047619048,-0.8247235383486645,8881
1.0,0.41931116100429794,0.3986228100821627,1.0,0.0,0.0,1.0,-1.2163329622119845,-1.5711839225370596,0.6867469879518072,0.784954729813068,0
1.0,-0.20662385353159501,1.129431295232795,1.0,0.0,0.0,0.0,0.8114867407132613,0.7454117435416368,0.7,0.8472978603872034,8484
1.0,-0.3631076071655683,-0.3321856750684696,1.0,0.0,0.0,1.0,0.5477617421323003,0.707444766361083,0.3047619047619048,-0.8247235383486645,7315
1.0,0.41931116100429794,1.129431295232795,1.0,0.0,1.0,0.0,0.253118238959267,-1.5711839225370596,0.6867469879518072,0.784954729813068,0
1.0,-0.9890426217014612,0.3986228100821627,0.0,0.0,0.0,1.0,0.5090572839631861,0.57262744548674,0.3047619047619048,-0.8247235383486645,4321
1.0,2.1406324509780035,0.3986228100821627,1.0,0.0,0.0,1.0,-1.2163329622119845,-1.5711839225370596,0.3047619047619048,-0.8247235383486645,0
1.0,-0.9890426217014612,-1.062994160219102,1.0,0.0,0.0,1.0,0.5726983454190822,0.6150757015121353,0.14285714285714285,-1.791759469228055,5100
1.0,0.41931116100429794,-1.7938026453697342,1.0,0.0,0.0,1.0,1.0302299909808657,0.7295993181648014,0.3047619047619048,-0.8247235383486645,7976
1.0,0.2628274073703247,0.3986228100821627,1.0,0.0,1.0,1.0,0.7865857953171489,1.0358514458013002,0.6867469879518072,0.784954729813068,26372
1.0,-0.9890426217014612,-1.062994160219102,1.0,0.0,0.0,1.0,-1.2163329622119845,0.5819959498980835,0.7,0.8472978603872034,4482
1.0,3.861953740951709,-1.7938026453697342,0.0,0.0,1.0,1.0,1.0325663726842775,0.919104900479862,0.6666666666666666,0.6931471805599452,16717
1.0,-0.3631076071655683,0.3986228100821627,1.0,0.0,0.0,1.0,0.4037615257152596,-0.09637302951824069,0.6867469879518072,0.784954729813068,317
1.0,-0.9890426217014612,1.129431295232795,0.0,1.0,0.0,0.0,0.372250833717532,0.22571638939540806,0.3047619047619048,-0.8247235383486645,1115
1.0,-0.832558868067488,0.3986228100821627,1.0,0.0,0.0,1.0,1.000170403220526,0.826580853762878,0.3047619047619048,-0.8247235383486645,11648
1.0,0.7322786682722444,2.59104826553406,1.0,0.0,0.0,0.0,0.4325230128631643,0.9353817481803761,0.3047619047619048,-0.8247235383486645,17814
1.0,3.3925024800497896,1.8602397803834274,1.0,0.0,0.0,0.0,-1.2163329622119845,0.08633467967609344,0.3047619047619048,-0.8247235383486645,647
1.0,-0.6760751144335148,-1.062994160219102,0.0,1.0,0.0,1.0,1.0567145891131735,0.6338065849862001,0.3047619047619048,-0.8247235383486645,5487
1.0,-0.05014009989762178,3.321856750684692,1.0,0.0,0.0,0.0,1.1791658258442714,0.8858805490179635,0.3047619047619048,-0.8247235383486645,14683
1.0,-0.05014009989762178,-0.3321856750684696,1.0,0.0,0.0,1.0,0.7539977637522137,0.3276317339653673,0.3047619047619048,-0.8247235383486645,1660
1.0,2.1406324509780035,-1.062994160219102,0.0,0.0,0.0,1.0,-1.2163329622119845,0.6735433012626556,0.3047619047619048,-0.8247235383486645,6408
1.0,-0.6760751144335148,1.129431295232795,0.0,0.0,1.0,0.0,1.075818926337432,0.8267566810169388,0.28,-0.9444616088408512,11656
1.0,1.045246175540191,0.3986228100821627,1.0,0.0,1.0,1.0,-1.2163329622119845,0.882827616516252,0.3047619047619048,-0.8247235383486645,14509
1.0,3.079534972781843,0.3986228100821627,1.0,0.0,0.0,1.0,-1.2163329622119845,-1.5711839225370596,0.7,0.8472978603872034,0
1.0,0.41931116100429794,0.3986228100821627,1.0,0.0,0.0,1.0,0.7603919917809374,-1.5711839225370596,0.3047619047619048,-0.8247235383486645,0
1.0,-0.20662385353159501,-0.3321856750684696,1.0,0.0,0.0,1.0,0.7317388751290896,-1.5711839225370596,0.3047619047619048,-0.8247235383486645,0
1.0,-0.5195913607995415,0.3986228100821627,1.0,0.0,0.0,1.0,0.9526030582889672,0.7273418464275593,0.3047619047619048,-0.8247235383486645,7906
1.0,-0.832558868067488,-0.3321856750684696,1.0,0.0,0.0,1.0,-1.2163329622119845,0.49794473237882164,0.3047619047619048,-0.8247235383486645,3228
1.0,-0.5195913607995415,-1.7938026453697342,1.0,0.0,0.0,1.0,0.860910293846894,0.5701260581138891,0.6867469879518072,0.784954729813068,4279
1.0,-0.832558868067488,-0.3321856750684696,1.0,0.0,0.0,1.0,0.8452421465595376,0.6506929530843965,0.3047619047619048,-0.8247235383486645,5861
1.0,1.201729929174164,0.3986228100821627,1.0,0.0,0.0,1.0,-1.2163329622119845,0.7450492631053509,0.6867469879518072,0.784954729813068,8472
1.0,-0.05014009989762178,0.3986228100821627,1.0,0.0,1.0,1.0,0.6594870761653093,0.5548996226618526,0.75,1.0986122886681098,4032
1.0,0.7322786682722444,1.8602397803834274,1.0,0.0,0.0,0.0,-1.2163329622119845,0.7131228617741634,0.6867469879518072,0.784954729813068,7479
1.0,-0.832558868067488,-1.062994160219102,0.0,0.0,0.0,1.0,-1.2163329622119845,0.8583805709710804,0.28,-0.9444616088408512,13188
1.0,-0.9890426217014612,-0.3321856750684696,1.0,0.0,0.0,1.0,0.4733580152994154,0.7806887322115776,0.3047619047619048,-0.8247235383486645,9737
1.0,0.10634365373635145,1.129431295232795,1.0,0.0,0.0,0.0,-1.2163329622119845,0.49499239612519486,0.3047619047619048,-0.8247235383486645,3191
1.0,1.045246175540191,0.3986228100821627,1.0,0.0,1.0,1.0,-1.2163329622119845,0.7331387201784435,0.3047619047619048,-0.8247235383486645,8087
1.0,-0.6760751144335148,1.129431295232795,1.0,0.0,0.0,0.0,0.07479690691459734,-1.5711839225370596,0.3047619047619048,-0.8247235383486645,0
1.0,-0.6760751144335148,-0.3321856750684696,1.0,0.0,0.0,1.0,0.7886888493554218,0.6397120574979923,0.3047619047619048,-0.8247235383486645,5615
1.0,0.10634365373635145,0.3986228100821627,1.0,0.0,1.0,1.0,-1.2163329622119845,0.3140082714856305,0.3047619047619048,-0.8247235383486645,1574
1.0,1.9841486973440303,0.3986228100821627,1.0,0.0,1.0,1.0,-1.2163329622119845,0.7857151640113157,0.3047619047619048,-0.8247235383486645,9930
1.0,0.2628274073703247,1.129431295232795,1.0,0.0,0.0,0.0,0.5517439965796238,0.8224137747637118,0.6867469879518072,0.784954729813068,11460
1.0,-0.20662385353159501,1.129431295232795,1.0,0.0,1.0,0.0,-1.2163329622119845,0.6528684026722009,0.6867469879518072,0.784954729813068,5911
1.0,-0.6760751144335148,1.129431295232795,1.0,0.0,0.0,0.0,-1.2163329622119845,-1.5711839225370596,0.28,-0.9444616088408512,0
1.0,-0.832558868067488,0.3986228100821627,1.0,0.0,0.0,1.0,1.118268487758392,0.8186544290619805,0.7,0.8472978603872034,11293
1.0,2.7665674655138965,-1.062994160219102,1.0,0.0,1.0,1.0,0.8130627637562698,0.2638443946346164,0.3047619047619048,-0.8247235383486645,1294
1.0,-0.832558868067488,-1.062994160219102,1.0,0.0,0.0,1.0,-1.2163329622119845,0.7358477177825379,0.3047619047619048,-0.8247235383486645,8173
1.0,-0.6760751144335148,-1.062994160219102,1.0,0.0,0.0,1.0,0.42534629413245517,0.8390463270105043,0.6867469879518072,0.784954729813068,12229
1.0,-0.9890426217014612,-1.7938026453697342,0.0,1.0,1.0,1.0,-1.2163329622119845,0.46032552874032917,0.6867469879518072,0.784954729813068,2787
1.0,-0.9890426217014612,-0.3321856750684696,1.0,0.0,0.0,1.0,-1.2163329622119845,0.8156893077552179,0.28,-0.9444616088408512,11163
1.0,-1.1455263753354346,-1.062994160219102,1.0,0.0,0.0,1.0,0.587448828988841,0.6318387962721219,0.6867469879518072,0.784954729813068,5445
1.0,-0.832558868067488,-0.3321856750684696,1.0,0.0,0.0,1.0,0.9858444901020447,-1.5711839225370596,0.3047619047619048,-0.8247235383486645,0
1.0,0.41931116100429794,-0.3321856750684696,1.0,0.0,1.0,1.0,-1.2163329622119845,0.9483457205785896,0.3047619047619048,-0.8247235383486645,18739
1.0,-0.6760751144335148,1.129431295232795,1.0,0.0,0.0,0.0,0.987052493388912,0.781030416565774,0.14285714285714285,-1.791759469228055,9750
1.0,0.41931116100429794,1.129431295232795,1.0,0.0,1.0,0.0,1.0500332829711536,0.45940499437217047,0.3047619047619048,-0.8247235383486645,2777
1.0,0.10634365373635145,-1.7938026453697342,1.0,0.0,0.0,1.0,-1.2163329622119845,-1.5711839225370596,0.7,0.8472978603872034,0
1.0,-0.5195913607995415,0.3986228100821627,0.0,1.0,0.0,1.0,0.6145951469739921,-1.5711839225370596,0.3047619047619048,-0.8247235383486645,0
1.0,-1.1455263753354346,-1.7938026453697342,1.0,0.0,0.0,1.0,-1.2163329622119845,0.7323140474293303,0.6867469879518072,0.784954729813068,8061
1.0,-0.3631076071655683,0.3986228100821627,1.0,0.0,0.0,1.0,-1.2163329622119845,0.6754544473373448,0.3047619047619048,-0.8247235383486645,6456
1.0,0.41931116100429794,-1.062994160219102,1.0,0.0,1.0,1.0,0.5131512956445244,0.34449680677965555,0.6867469879518072,0.784954729813068,1773
1.0,-0.05014009989762178,-1.062994160219102,1.0,0.0,0.0,1.0,0.7397100670569151,0.6021512203464643,0.3047619047619048,-0.8247235383486645,4849
1.0,-1.1455263753354346,-1.062994160219102,1.0,0.0,0.0,1.0,0.6046122217143299,0.2792068640712876,0.6867469879518072,0.784954729813068,1374
1.0,0.7322786682722444,1.129431295232795,1.0,0.0,0.0,0.0,0.9311455617130274,0.8113629682611134,0.3047619047619048,-0.8247235383486645,10976
1.0,-0.832558868067488,1.129431295232795,1.0,0.0,0.0,0.0,0.7655331951848036,0.5859084304236354,0.28,-0.9444616088408512,4551
1.0,1.3582136828081375,-1.7938026453697342,1.0,0.0,0.0,1.0,-1.2163329622119845,-0.12005519482925361,0.3047619047619048,-0.8247235383486645,289
1.0,0.8887624219062177,0.3986228100821627,1.0,0.0,1.0,1.0,-1.2163329622119845,0.06271687759406384,0.3047619047619048,-0.8247235383486645,590
1.0,-0.05014009989762178,0.3986228100821627,1.0,0.0,0.0,1.0,1.091031907643882,-1.5711839225370596,0.7,0.8472978603872034,0
1.0,-1.1455263753354346,-0.3321856750684696,0.0,1.0,0.0,1.0,0.7300221819691037,0.5765094898365225,0.3047619047619048,-0.8247235383486645,4387
1.0,-0.832558868067488,-1.062994160219102,0.0,1.0,0.0,1.0,1.0041631377197096,0.7275684911984509,0.6867469879518072,0.784954729813068,7913
1.0,1.6711811900760838,-1.7938026453697342,1.0,0.0,1.0,1.0,1.2609617696416793,0.5387779724035642,0.3047619047619048,-0.8247235383486645,3786
1.0,0.10634365373635145,0.3986228100821627,1.0,0.0,0.0,1.0,-1.2163329622119845,-1.5711839225370596,0.6867469879518072,0.784954729813068,0
1.0,-0.05014009989762178,-0.3321856750684696,1.0,0.0,0.0,1.0,-1.2163329622119845,-1.5711839225370596,0.3047619047619048,-0.8247235383486645,0
1.0,2.4535999582459502,1.129431295232795,1.0,0.0,0.0,0.0,-1.2163329622119845,0.8073180824925589,0.3047619047619048,-0.8247235383486645,10804
1.0,-0.9890426217014612,-0.3321856750684696,1.0,0.0,0.0,1.0,0.6767914584472576,0.8151841038180107,0.14285714285714285,-1.791759469228055,11141
1.0,-1.1455263753354346,-1.7938026453697342,1.0,0.0,0.0,1.0,-1.2163329622119845,-1.5711839225370596,0.3047619047619048,-0.8247235383486645,0
1.0,-0.20662385353159501,1.129431295232795,0.0,1.0,0.0,0.0,0.5583957814906998,0.0488947869480135,0.3047619047619048,-0.8247235383486645,559
1.0,0.7322786682722444,-0.3321856750684696,0.0,1.0,0.0,1.0,1.08186018042439,0.6156775640347059,0.6867469879518072,0.784954729813068,5112
1.0,-0.20662385353159501,0.3986228100821627,1.0,0.0,0.0,1.0,-1.2163329622119845,-1.5711839225370596,0.6867469879518072,0.784954729813068,0
1.0,-0.832558868067488,-1.7938026453697342,0.0,0.0,0.0,1.0,0.8410575621463365,0.7675764414437853,0.3047619047619048,-0.8247235383486645,9251
1.0,0.41931116100429794,-0.3321856750684696,0.0,1.0,0.0,1.0,0.31165510182276107,0.48550943695640636,0.6867469879518072,0.784954729813068,3075
1.0,1.045246175540191,1.8602397803834274,0.0,0.0,0.0,0.0,0.961400979566006,0.41435009312961896,0.7,0.8472978603872034,2329
1.0,-0.20662385353159501,-1.062994160219102,1.0,0.0,0.0,1.0,0.6753700498070558,0.8225031456895814,0.3047619047619048,-0.8247235383486645,11464
1.0,-1.1455263753354346,-1.062994160219102,1.0,0.0,0.0,1.0,-1.2163329622119845,-1.5711839225370596,0.28,-0.9444616088408512,0
1.0,-0.6760751144335148,1.129431295232795,1.0,0.0,0.0,0.0,0.2837416060824912,0.3263945702767969,0.7,0.8472978603872034,1652
1.0,-0.9890426217014612,-1.7938026453697342,1.0,0.0,0.0,1.0,-1.2163329622119845,-1.5711839225370596,0.3047619047619048,-0.8247235383486645,0
1.0,-0.5195913607995415,0.3986228100821627,0.0,0.0,0.0,1.0,0.5163794407359773,0.8213388838447273,0.3047619047619048,-0.8247235383486645,11412
1.0,-0.3631076071655683,-1.062994160219102,0.0,1.0,0.0,1.0,-1.2163329622119845,0.5255210781978851,0.6867469879518072,0.784954729813068,3595
1.0,-0.5195913607995415,1.8602397803834274,0.0,0.0,0.0,0.0,1.0749984966402806,-0.3944087185483296,0.3047619047619048,-0.8247235383486645,99
1.0,0.5757949146382711,-1.7938026453697342,1.0,0.0,0.0,1.0,-1.2163329622119845,-1.5711839225370596,0.3047619047619048,-0.8247235383486645,0
1.0,-0.20662385353159501,0.3986228100821627,1.0,0.0,0.0,1.0,1.0848698724456312,0.32747741495769656,0.6867469879518072,0.784954729813068,1659
1.0,0.41931116100429794,-0.3321856750684696,0.0,1.0,0.0,1.0,-1.2163329622119845,0.8152070892675152,0.6867469879518072,0.784954729813068,11142
1.0,0.7322786682722444,-0.3321856750684696,1.0,0.0,0.0,1.0,0.9049521339687221,-1.5711839225370596,0.3047619047619048,-0.8247235383486645,0
1.0,1.6711811900760838,-0.3321856750684696,1.0,0.0,0.0,1.0,-1.2163329622119845,0.5922992631689185,0.3047619047619048,-0.8247235383486645,4666
1.0,-0.20662385353159501,-0.3321856750684696,1.0,0.0,1.0,1.0,0.5136921898213779,0.8172901762459476,0.6867469879518072,0.784954729813068,11233
1.0,1.3582136828081375,1.129431295232795,0.0,0.0,1.0,0.0,-1.2163329622119845,0.8429739782132899,0.3047619047619048,-0.8247235383486645,12418
1.0,-0.832558868067488,-0.3321856750684696,1.0,0.0,0.0,1.0,0.8255655588278425,0.4770428018739804,0.3047619047619048,-0.8247235383486645,2975
1.0,-0.5195913607995415,-1.062994160219102,1.0,0.0,0.0,1.0,0.9726893926498265,0.12176499723972883,0.28,-0.9444616088408512,743
1.0,2.9230512191478697,-1.062994160219102,1.0,0.0,0.0,1.0,-1.2163329622119845,-1.5711839225370596,0.3047619047619048,-0.8247235383486645,0
1.0,0.41931116100429794,1.129431295232795,1.0,0.0,0.0,0.0,0.8998411703721741,-1.5711839225370596,0.3047619047619048,-0.8247235383486645,0
1.0,-0.05014009989762178,1.129431295232795,1.0,0.0,0.0,0.0,1.2634533752842894,-1.5711839225370596,0.7,0.8472978603872034,0
1.0,-0.20662385353159501,1.129431295232795,1.0,0.0,0.0,0.0,-1.2163329622119845,0.6018341434770514,0.3047619047619048,-0.8247235383486645,4843
1.0,-0.05014009989762178,0.3986228100821627,1.0,0.0,0.0,1.0,-1.2163329622119845,0.37419430365474143,0.3047619047619048,-0.8247235383486645,1991
1.0,-1.1455263753354346,-0.3321856750684696,1.0,0.0,0.0,1.0,-1.2163329622119845,-1.5711839225370596,0.3047619047619048,-0.8247235383486645,0
1.0,1.5146974364421106,0.3986228100821627,0.0,1.0,0.0,1.0,0.9185513632522491,0.4684647430005287,0.28,-0.9444616088408512,2877
1.0,2.1406324509780035,1.129431295232795,0.0,0.0,0.0,0.0,-1.2163329622119845,0.606964538639441,0.3047619047619048,-0.8247235383486645,4941
1.0,-0.6760751144335148,0.3986228100821627,1.0,0.0,0.0,1.0,0.5806998301355892,0.2187316186477766,0.3047619047619048,-0.8247235383486645,1085
1.0,0.10634365373635145,1.129431295232795,0.0,0.0,0.0,0.0,-1.2163329622119845,0.6384318215174725,0.3047619047619048,-0.8247235383486645,5587
1.0,-0.832558868067488,-1.7938026453697342,1.0,0.0,0.0,1.0,0.7775187772878785,0.7867446825253972,0.28,-0.9444616088408512,9970
1.0,2.6100837118799234,-1.062994160219102,1.0,0.0,1.0,1.0,0.9741804669777099,-1.5711839225370596,0.3047619047619048,-0.8247235383486645,0
1.0,-0.832558868067488,-0.3321856750684696,1.0,0.0,0.0,1.0,0.28905136403422016,0.7343077331593111,0.3047619047619048,-0.8247235383486645,8124
1.0,-0.832558868067488,-1.062994160219102,0.0,1.0,0.0,1.0,0.8304757700276142,0.8785919405473134,0.3047619047619048,-0.8247235383486645,14271
1.0,-0.9890426217014612,1.129431295232795,1.0,0.0,0.0,0.0,-1.2163329622119845,0.41346891415964643,0.28,-0.9444616088408512,2321
1.0,-0.3631076071655683,0.3986228100821627,1.0,0.0,0.0,1.0,1.0795935780164518,0.9422048517851986,0.3047619047619048,-0.8247235383486645,18295
1.0,0.41931116100429794,0.3986228100821627,1.0,0.0,0.0,1.0,-1.2163329622119845,0.7140457182160179,0.3047619047619048,-0.8247235383486645,7506
1.0,-0.9890426217014612,-1.062994160219102,1.0,0.0,0.0,1.0,0.5938256632094384,0.8975742732368855,0.3047619047619048,-0.8247235383486645,15369
1.0,0.2628274073703247,0.3986228100821627,0.0,0.0,0.0,1.0,0.9204512063833606,0.371868524329823,0.3047619047619048,-0.8247235383486645,1973
1.0,-1.1455263753354346,-0.3321856750684696,1.0,0.0,0.0,1.0,-1.2163329622119845,0.911344166915896,0.14285714285714285,-1.791759469228055,16218
1.0,-0.9890426217014612,-1.7938026453697342,1.0,0.0,0.0,1.0,0.5763092886197396,-1.5711839225370596,0.3047619047619048,-0.8247235383486645,0
1.0,-1.1455263753354346,-0.3321856750684696,1.0,0.0,0.0,1.0,-1.2163329622119845,-1.5711839225370596,0.3047619047619048,-0.8247235383486645,0
1.0,3.3925024800497896,-1.7938026453697342,1.0,0.0,0.0,1.0,0.7714508115225033,-1.5711839225370596,0.3047619047619048,-0.8247235383486645,0
1.0,0.41931116100429794,-0.3321856750684696,1.0,0.0,0.0,1.0,0.8507872443672131,-1.5711839225370596,0.3047619047619048,-0.8247235383486645,0
1.0,-0.6760751144335148,-0.3321856750684696,1.0,0.0,0.0,1.0,1.138440221610961,-1.5711839225370596,0.3047619047619048,-0.8247235383486645,0
1.0,0.41931116100429794,-1.062994160219102,1.0,0.0,0.0,1.0,0.7403723143091073,0.3776438416710668,0.3047619047619048,-0.8247235383486645,2018
1.0,-0.3631076071655683,-1.062994160219102,1.0,0.0,0.0,1.0,0.8703800973882917,0.5158670266818006,0.3047619047619048,-0.8247235383486645,3462
1.0,-0.20662385353159501,-1.7938026453697342,0.0,1.0,0.0,1.0,-1.2163329622119845,0.5451246586719151,0.28,-0.9444616088408512,3881
1.0,1.6711811900760838,-1.062994160219102,1.0,0.0,1.0,1.0,1.1946604582505247,0.8507931152650922,0.7,0.8472978603872034,12803
1.0,-0.6760751144335148,0.3986228100821627,1.0,0.0,0.0,1.0,1.0008402524367714,0.9149972042046873,0.28,-0.9444616088408512,16451
1.0,2.7665674655138965,1.129431295232795,1.0,0.0,0.0,0.0,-1.2163329622119845,0.42794732330045393,0.3047619047619048,-0.8247235383486645,2456
1.0,0.10634365373635145,1.8602397803834274,1.0,0.0,0.0,0.0,0.8156951147238133,-1.5711839225370596,0.3047619047619048,-0.8247235383486645,0
1.0,-0.20662385353159501,-1.7938026453697342,0.0,0.0,1.0,1.0,0.6665220328499439,0.5672976091723096,0.3047619047619048,-0.8247235383486645,4232
1.0,-0.9890426217014612,-1.062994160219102,1.0,0.0,0.0,1.0,0.8313234158750997,0.6105160727171595,0.3047619047619048,-0.8247235383486645,5010
1.0,-0.20662385353159501,-0.3321856750684696,1.0,0.0,1.0,1.0,1.1248837797770799,0.5101068557969466,0.3047619047619048,-0.8247235383486645,3385
1.0,-0.6760751144335148,0.3986228100821627,1.0,0.0,0.0,1.0,0.6302342015109196,0.6940785168431817,0.3047619047619048,-0.8247235383486645,6943
0.0,0.37804514947506107,1.74601229498474,0.0,0.0,1.0,0.0,0.6663430875305901,0.6189173331161931,0.14285714285714285,-1.791759469228055,47287
0.0,1.2573698251347072,-0.17458466548846568,0.0,0.0,0.0,0.0,-2.9563484614134308,-2.763085769124241,0.3047619047619048,-0.8247235383486645,1
0.0,1.5504780503545892,-0.17458466548846568,1.0,0.0,1.0,0.0,-2.9563484614134308,-2.763085769124241,0.3047619047619048,-0.8247235383486645,1
0.0,1.1596670833947464,1.361892902890099,0.0,0.0,1.0,0.0,0.7666433865757779,0.31073360518779986,0.6867469879518072,0.784954729813068,17732
0.0,0.9642615999148252,-0.17458466548846568,0.0,0.0,0.0,0.0,-2.9563484614134308,-2.763085769124241,0.3047619047619048,-0.8247235383486645,1
0.0,-0.5989822679245458,-0.17458466548846568,1.0,0.0,1.0,0.0,-2.9563484614134308,-2.763085769124241,0.3047619047619048,-0.8247235383486645,1
0.0,1.941289017314432,-0.17458466548846568,0.0,0.0,1.0,0.0,-2.9563484614134308,-2.763085769124241,0.3047619047619048,-0.8247235383486645,1
0.0,2.038991759054393,-0.17458466548846568,0.0,1.0,1.0,0.0,-2.9563484614134308,-2.763085769124241,0.3047619047619048,-0.8247235383486645,1
0.0,1.2573698251347072,-0.17458466548846568,0.0,0.0,1.0,0.0,-2.9563484614134308,-2.763085769124241,0.3047619047619048,-0.8247235383486645,1
0.0,1.941289017314432,1.361892902890099,0.0,0.0,1.0,0.0,-2.9563484614134308,-2.763085769124241,0.75,1.0986122886681098,1
0.0,1.2573698251347072,-0.17458466548846568,0.0,0.0,1.0,0.0,0.7535086489525492,-2.763085769124241,0.47058823529411764,-0.11778303565638351,1
0.0,-0.8920904931444278,-0.17458466548846568,1.0,0.0,0.0,0.0,-2.9563484614134308,-2.763085769124241,0.3047619047619048,-0.8247235383486645,1
0.0,1.1596670833947464,1.361892902890099,0.0,0.0,1.0,0.0,0.7666433865757779,0.31073360518779986,0.6867469879518072,0.784954729813068,17732
0.0,0.37804514947506107,0.5936541187008166,0.0,0.0,1.0,0.0,0.7811302922297747,0.43814094345492083,0.6867469879518072,0.784954729813068,26599
0.0,-0.4035767844446244,1.361892902890099,0.0,0.0,1.0,0.0,-2.9563484614134308,-2.763085769124241,0.7,0.8472978603872034,1
0.0,-0.20817130096470304,1.361892902890099,0.0,0.0,1.0,0.0,0.6663430875305901,-2.763085769124241,0.47058823529411764,-0.11778303565638351,1
0.0,0.9642615999148252,-0.17458466548846568,0.0,0.0,1.0,0.0,-2.9563484614134308,-2.763085769124241,0.3047619047619048,-0.8247235383486645,1
0.0,-0.012765817484781665,1.361892902890099,0.0,0.0,1.0,0.0,-2.9563484614134308,0.18332921976592706,0.28,-0.9444616088408512,11821
0.0,1.5504780503545892,-0.17458466548846568,1.0,0.0,1.0,0.0,-2.9563484614134308,-2.763085769124241,0.3047619047619048,-0.8247235383486645,1
0.0,-1.0874959766243493,-0.17458466548846568,1.0,0.0,0.0,0.0,-2.9563484614134308,-0.10459226761389805,0.3047619047619048,-0.8247235383486645,4728
0.0,1.4527753086146287,0.5936541187008166,0.0,0.0,1.0,0.0,-2.9563484614134308,-2.763085769124241,0.3047619047619048,-0.8247235383486645,1
0.0,-0.4035767844446244,1.74601229498474,0.0,0.0,0.0,0.0,-2.9563484614134308,-2.763085769124241,0.7,0.8472978603872034,1
0.0,1.7458835338345107,-0.17458466548846568,0.0,0.0,1.0,0.0,0.6613308360099298,0.5584686070820938,0.6867469879518072,0.784954729813068,39011
0.0,2.038991759054393,0.5936541187008166,0.0,0.0,1.0,0.0,-2.9563484614134308,-2.763085769124241,0.3047619047619048,-0.8247235383486645,1
0.0,2.038991759054393,1.361892902890099,1.0,0.0,1.0,0.0,0.19823076286516933,0.3996346745014337,0.75,1.0986122886681098,23531
0.0,-0.012765817484781665,0.5936541187008166,1.0,0.0,1.0,0.0,-2.9563484614134308,-2.763085769124241,0.3047619047619048,-0.8247235383486645,1
0.0,-0.6966850096645064,-0.17458466548846568,0.0,0.0,1.0,0.0,0.702848804186925,0.25345598413842507,0.6867469879518072,0.784954729813068,14777
0.0,1.7458835338345107,0.9777735107954578,0.0,0.0,1.0,0.0,-2.9563484614134308,-2.763085769124241,0.28,-0.9444616088408512,1
0.0,2.038991759054393,0.2095347266061755,0.0,1.0,1.0,0.0,-2.9563484614134308,-2.763085769124241,0.3047619047619048,-0.8247235383486645,1
0.0,1.7458835338345107,-0.17458466548846568,0.0,0.0,1.0,0.0,-2.9563484614134308,-2.763085769124241,0.3047619047619048,-0.8247235383486645,1
0.0,-1.2829014601042705,-0.17458466548846568,0.0,0.0,0.0,0.0,-2.9563484614134308,-2.763085769124241,0.3047619047619048,-0.8247235383486645,1
0.0,0.9642615999148252,-0.17458466548846568,0.0,0.0,1.0,0.0,-2.9563484614134308,-2.763085769124241,0.3047619047619048,-0.8247235383486645,1
0.0,0.37804514947506107,0.5936541187008166,0.0,0.0,1.0,0.0,0.6785626257173203,0.5986355995452742,0.6867469879518072,0.784954729813068,44331
0.0,1.1596670833947464,-0.17458466548846568,0.0,0.0,0.0,0.0,-2.9563484614134308,-2.763085769124241,0.3047619047619048,-0.8247235383486645,1
0.0,1.4527753086146287,-0.17458466548846568,0.0,0.0,1.0,0.0,-2.9563484614134308,0.22034504122158188,0.3047619047619048,-0.8247235383486645,13299
0.0,-0.012765817484781665,-0.17458466548846568,0.0,0.0,1.0,0.0,-2.9563484614134308,-2.763085769124241,0.3047619047619048,-0.8247235383486645,1
0.0,1.8435862755744714,1.74601229498474,0.0,0.0,1.0,0.0,-2.9563484614134308,-2.763085769124241,0.28,-0.9444616088408512,1
0.0,1.941289017314432,1.361892902890099,1.0,0.0,1.0,0.0,0.2577829483798641,0.18332921976592706,0.75,1.0986122886681098,11821
0.0,-0.30587404270466373,0.5936541187008166,0.0,0.0,1.0,0.0,-2.9563484614134308,-2.763085769124241,0.3047619047619048,-0.8247235383486645,1
0.0,-0.30587404270466373,-0.17458466548846568,0.0,0.0,1.0,0.0,-2.9563484614134308,-2.763085769124241,0.3047619047619048,-0.8247235383486645,1
0.0,0.47574789121502176,0.9777735107954578,0.0,0.0,1.0,0.0,-2.9563484614134308,-0.38757492828616547,0.28,-0.9444616088408512,1921
0.0,-0.6966850096645064,0.2095347266061755,0.0,0.0,1.0,0.0,-2.9563484614134308,0.4551205673034924,0.3047619047619048,-0.8247235383486645,28076
0.0,1.355072566874668,-0.17458466548846568,0.0,0.0,1.0,0.0,-2.9563484614134308,-2.763085769124241,0.3047619047619048,-0.8247235383486645,1
0.0,0.6711533746949431,0.2095347266061755,0.0,0.0,1.0,0.0,-2.9563484614134308,-2.763085769124241,0.3047619047619048,-0.8247235383486645,1
0.0,0.47574789121502176,1.74601229498474,0.0,1.0,1.0,0.0,-2.9563484614134308,0.09294951550126689,0.28,-0.9444616088408512,8866
0.0,2.038991759054393,1.361892902890099,0.0,0.0,1.0,0.0,0.33273969206279574,0.3808444222773643,0.75,1.0986122886681098,22165
0.0,-0.7943877514044672,0.5936541187008166,0.0,0.0,0.0,0.0,-2.9563484614134308,-2.763085769124241,0.3047619047619048,-0.8247235383486645,1
0.0,0.5734506329549824,1.74601229498474,0.0,0.0,1.0,0.0,-2.9563484614134308,-2.763085769124241,0.28,-0.9444616088408512,1
0.0,1.355072566874668,-0.17458466548846568,0.0,0.0,1.0,0.0,-2.9563484614134308,0.21150398869208206,0.3047619047619048,-0.8247235383486645,12930
0.0,1.941289017314432,0.9777735107954578,0.0,0.0,1.0,0.0,0.3939667662358117,0.6890294790926039,0.75,1.0986122886681098,59109
0.0,0.2803424077351004,0.2095347266061755,0.0,0.0,1.0,0.0,-2.9563484614134308,-2.763085769124241,0.3047619047619048,-0.8247235383486645,1
0.0,-0.11046855922474234,-0.17458466548846568,0.0,0.0,1.0,0.0,-2.9563484614134308,-2.763085769124241,0.3047619047619048,-0.8247235383486645,1
0.0,-0.30587404270466373,-0.17458466548846568,0.0,0.0,1.0,0.0,-2.9563484614134308,-2.763085769124241,0.3047619047619048,-0.8247235383486645,1
0.0,0.1826396659951397,-0.17458466548846568,1.0,0.0,1.0,0.0,-2.9563484614134308,0.31073360518779986,0.3047619047619048,-0.8247235383486645,17732
0.0,0.9642615999148252,0.2095347266061755,0.0,0.0,1.0,0.0,-2.9563484614134308,-2.763085769124241,0.3047619047619048,-0.8247235383486645,1
0.0,-0.4035767844446244,-0.17458466548846568,0.0,0.0,1.0,0.0,-2.9563484614134308,-2.763085769124241,0.3047619047619048,-0.8247235383486645,1
0.0,0.2803424077351004,-0.17458466548846568,0.0,0.0,1.0,0.0,-2.9563484614134308,-2.763085769124241,0.3047619047619048,-0.8247235383486645,1
0.0,-0.11046855922474234,0.2095347266061755,0.0,0.0,1.0,0.0,0.6587963788075287,0.643116888746319,0.6867469879518072,0.784954729813068,51073
0.0,1.061964341654786,1.361892902890099,0.0,0.0,1.0,0.0,0.6663430875305901,0.6890294790926039,0.6867469879518072,0.784954729813068,59109
0.0,0.2803424077351004,-0.17458466548846568,0.0,0.0,1.0,0.0,-2.9563484614134308,-2.763085769124241,0.3047619047619048,-0.8247235383486645,1
0.0,1.061964341654786,-0.17458466548846568,0.0,0.0,1.0,0.0,-2.9563484614134308,0.3808444222773643,0.3047619047619048,-0.8247235383486645,22165
0.0,1.2573698251347072,0.5936541187008166,0.0,0.0,1.0,0.0,-2.9563484614134308,-2.763085769124241,0.3047619047619048,-0.8247235383486645,1
0.0,1.355072566874668,-0.17458466548846568,0.0,0.0,1.0,0.0,-2.9563484614134308,-2.763085769124241,0.3047619047619048,-0.8247235383486645,1
0.0,1.5504780503545892,1.74601229498474,0.0,0.0,0.0,0.0,-2.9563484614134308,-2.763085769124241,0.28,-0.9444616088408512,1
0.0,1.061964341654786,1.361892902890099,0.0,0.0,1.0,0.0,-2.9563484614134308,-2.763085769124241,0.28,-0.9444616088408512,1
0.0,0.7688561164349038,1.361892902890099,0.0,0.0,1.0,0.0,-2.9563484614134308,-2.763085769124241,0.28,-0.9444616088408512,1
0.0,0.7688561164349038,-0.17458466548846568,0.0,0.0,1.0,0.0,-2.9563484614134308,-2.763085769124241,0.3047619047619048,-0.8247235383486645,1
0.0,-0.7943877514044672,1.361892902890099,0.0,0.0,0.0,0.0,-2.9563484614134308,0.09815108976635672,0.7,0.8472978603872034,9014
0.0,0.8665588581748644,-0.17458466548846568,0.0,0.0,1.0,0.0,-2.9563484614134308,-2.763085769124241,0.3047619047619048,-0.8247235383486645,1
0.0,1.1596670833947464,-0.17458466548846568,0.0,0.0,1.0,0.0,-2.9563484614134308,-2.763085769124241,0.3047619047619048,-0.8247235383486645,1
0.0,0.7688561164349038,-0.17458466548846568,0.0,0.0,1.0,0.0,0.6585689012360176,0.7463106440126062,0.6867469879518072,0.784954729813068,70930
0.0,-0.7943877514044672,1.74601229498474,0.0,0.0,1.0,0.0,-2.9563484614134308,0.18332921976592706,0.7,0.8472978603872034,11821
0.0,1.1596670833947464,-0.17458466548846568,0.0,0.0,1.0,0.0,-2.9563484614134308,-2.763085769124241,0.3047619047619048,-0.8247235383486645,1
0.0,0.5734506329549824,-0.17458466548846568,0.0,0.0,1.0,0.0,0.6663430875305901,0.5986355995452742,0.6867469879518072,0.784954729813068,44331
0.0,1.1596670833947464,-0.17458466548846568,0.0,0.0,1.0,0.0,-2.9563484614134308,-2.763085769124241,0.3047619047619048,-0.8247235383486645,1
0.0,0.47574789121502176,0.2095347266061755,0.0,0.0,1.0,0.0,-2.9563484614134308,-2.763085769124241,0.3047619047619048,-0.8247235383486645,1
0.0,1.1596670833947464,1.74601229498474,0.0,0.0,1.0,0.0,0.7234102225118781,0.5413551433866073,0.14285714285714285,-1.791759469228055,36943
0.0,-0.20817130096470304,-0.17458466548846568,0.0,0.0,1.0,0.0,-2.9563484614134308,-2.763085769124241,0.3047619047619048,-0.8247235383486645,1
0.0,1.8435862755744714,-0.17458466548846568,0.0,0.0,1.0,0.0,0.663243752296132,0.6379626124180893,0.6867469879518072,0.784954729813068,50242
0.0,-0.20817130096470304,1.361892902890099,0.0,0.0,1.0,0.0,-2.9563484614134308,-2.763085769124241,0.7,0.8472978603872034,1
0.0,-1.2829014601042705,-0.17458466548846568,0.0,0.0,1.0,0.0,0.6785626257173203,-2.763085769124241,0.6666666666666666,0.6931471805599452,1
0.0,0.9642615999148252,0.5936541187008166,0.0,0.0,1.0,0.0,0.6663430875305901,0.6379626124180893,0.6867469879518072,0.784954729813068,50242
0.0,0.6711533746949431,0.2095347266061755,0.0,0.0,1.0,0.0,-2.9563484614134308,-2.763085769124241,0.3047619047619048,-0.8247235383486645,1
0.0,0.7688561164349038,0.2095347266061755,0.0,0.0,1.0,0.0,-2.9563484614134308,-2.763085769124241,0.3047619047619048,-0.8247235383486645,1
0.0,0.7688561164349038,0.2095347266061755,0.0,0.0,1.0,0.0,-2.9563484614134308,-2.763085769124241,0.3047619047619048,-0.8247235383486645,1
0.0,0.7688561164349038,0.2095347266061755,0.0,0.0,1.0,0.0,-2.9563484614134308,-2.763085769124241,0.3047619047619048,-0.8247235383486645,1
0.0,1.941289017314432,0.2095347266061755,0.0,0.0,1.0,0.0,-2.9563484614134308,-2.763085769124241,0.3047619047619048,-0.8247235383486645,1
0.0,-0.501279526184585,0.5936541187008166,0.0,0.0,1.0,0.0,-2.9563484614134308,-2.763085769124241,0.3047619047619048,-0.8247235383486645,1
0.0,1.941289017314432,-0.17458466548846568,0.0,0.0,1.0,0.0,-2.9563484614134308,-2.763085769124241,0.3047619047619048,-0.8247235383486645,1
0.0,1.941289017314432,-0.17458466548846568,0.0,0.0,1.0,0.0,-2.9563484614134308,-2.763085769124241,0.3047619047619048,-0.8247235383486645,1
0.0,0.08493692425517901,1.361892902890099,0.0,0.0,1.0,0.0,-2.9563484614134308,-2.763085769124241,0.28,-0.9444616088408512,1
0.0,-0.7943877514044672,0.5936541187008166,0.0,0.0,1.0,0.0,-2.9563484614134308,-2.763085769124241,0.3047619047619048,-0.8247235383486645,1
0.0,-0.5989822679245458,1.74601229498474,0.0,0.0,1.0,0.0,-2.9563484614134308,-2.763085769124241,0.7,0.8472978603872034,1
0.0,1.941289017314432,-0.17458466548846568,0.0,0.0,1.0,0.0,-2.9563484614134308,-2.763085769124241,0.3047619047619048,-0.8247235383486645,1
0.0,0.2803424077351004,-0.17458466548846568,0.0,0.0,1.0,0.0,-2.9563484614134308,-2.763085769124241,0.3047619047619048,-0.8247235383486645,1
0.0,0.9642615999148252,-0.17458466548846568,0.0,0.0,1.0,0.0,-2.9563484614134308,-2.763085769124241,0.3047619047619048,-0.8247235383486645,1
0.0,1.941289017314432,-0.17458466548846568,0.0,0.0,1.0,0.0,-2.9563484614134308,-2.763085769124241,0.3047619047619048,-0.8247235383486645,1
0.0,0.6711533746949431,0.2095347266061755,0.0,0.0,1.0,0.0,0.6663430875305901,0.5536722475495329,0.6867469879518072,0.784954729813068,38420
0.0,0.37804514947506107,-0.17458466548846568,0.0,0.0,1.0,0.0,-2.9563484614134308,-2.763085769124241,0.3047619047619048,-0.8247235383486645,1
0.0,1.355072566874668,1.361892902890099,0.0,0.0,1.0,0.0,0.6785626257173203,0.628581034974871,0.6867469879518072,0.784954729813068,48764
0.0,1.941289017314432,1.361892902890099,0.0,0.0,1.0,0.0,0.4689172563346468,0.43638783761080424,0.75,1.0986122886681098,26451
0.0,1.061964341654786,-0.17458466548846568,0.0,0.0,1.0,0.0,0.6809527463724433,0.6139683127296822,0.6867469879518072,0.784954729813068,46548
0.0,0.2803424077351004,1.74601229498474,0.0,0.0,1.0,0.0,-2.9563484614134308,0.7260334877571858,0.28,-0.9444616088408512,66497
0.0,0.2803424077351004,0.2095347266061755,0.0,0.0,1.0,0.0,-2.9563484614134308,-2.763085769124241,0.3047619047619048,-0.8247235383486645,1
0.0,1.64818079209455,-0.17458466548846568,0.0,0.0,1.0,0.0,-2.9563484614134308,-2.763085769124241,0.3047619047619048,-0.8247235383486645,1
0.0,0.47574789121502176,-0.17458466548846568,0.0,0.0,1.0,0.0,-2.9563484614134308,-2.763085769124241,0.3047619047619048,-0.8247235383486645,1
0.0,2.038991759054393,0.5936541187008166,0.0,0.0,1.0,0.0,-2.9563484614134308,-2.763085769124241,0.3047619047619048,-0.8247235383486645,1
0.0,1.941289017314432,0.2095347266061755,0.0,0.0,1.0,0.0,-2.9563484614134308,-2.763085769124241,0.3047619047619048,-0.8247235383486645,1
0.0,1.941289017314432,0.2095347266061755,0.0,0.0,1.0,0.0,-2.9563484614134308,-2.763085769124241,0.3047619047619048,-0.8247235383486645,1
0.0,-0.012765817484781665,-0.17458466548846568,0.0,0.0,1.0,0.0,-2.9563484614134308,-2.763085769124241,0.3047619047619048,-0.8247235383486645,1
0.0,-0.7943877514044672,1.361892902890099,0.0,0.0,1.0,0.0,0.7017312842428367,0.6089400892302185,0.6867469879518072,0.784954729813068,45809
0.0,-0.012765817484781665,1.361892902890099,0.0,0.0,1.0,0.0,0.7535086489525492,0.6645295316489626,0.6867469879518072,0.784954729813068,54675
0.0,1.355072566874668,1.361892902890099,0.0,0.0,1.0,0.0,-2.9563484614134308,-2.763085769124241,0.28,-0.9444616088408512,1
0.0,-0.4035767844446244,1.74601229498474,0.0,0.0,1.0,0.0,-2.9563484614134308,-2.763085769124241,0.7,0.8472978603872034,1
0.0,1.5504780503545892,0.5936541187008166,0.0,0.0,1.0,0.0,-2.9563484614134308,-2.763085769124241,0.3047619047619048,-0.8247235383486645,1
0.0,1.5504780503545892,-0.17458466548846568,0.0,0.0,1.0,0.0,-2.9563484614134308,-2.763085769124241,0.3047619047619048,-0.8247235383486645,1
0.0,1.2573698251347072,1.361892902890099,0.0,0.0,1.0,0.0,0.7539371852337077,0.7189712097360447,0.6867469879518072,0.784954729813068,65019
0.0,0.8665588581748644,1.361892902890099,0.0,0.0,1.0,0.0,0.6785626257173203,0.6545696025165013,0.6867469879518072,0.784954729813068,52969
0.0,1.355072566874668,1.361892902890099,0.0,0.0,1.0,0.0,-2.9563484614134308,-2.763085769124241,0.28,-0.9444616088408512,1
0.0,1.2573698251347072,1.361892902890099,0.0,0.0,1.0,0.0,0.7017312842428367,0.6645295316489626,0.6867469879518072,0.784954729813068,54675
0.0,-1.2829014601042705,0.5936541187008166,0.0,1.0,0.0,0.0,-1.5246395218655449,-0.1852963889829591,0.3047619047619048,-0.8247235383486645,3657
0.0,-0.7943877514044672,-0.17458466548846568,0.0,0.0,1.0,0.0,-1.5246395218655449,-2.763085769124241,0.3047619047619048,-0.8247235383486645,1
0.0,1.7458835338345107,1.74601229498474,0.0,0.0,1.0,0.0,0.7337437420706512,0.7463106440126062,0.14285714285714285,-1.791759469228055,70930
0.0,-1.2829014601042705,0.2095347266061755,0.0,0.0,0.0,0.0,-0.759893662162065,-0.28542847160670914,0.3047619047619048,-0.8247235383486645,2659
0.0,-0.6966850096645064,1.361892902890099,0.0,0.0,1.0,0.0,-2.9563484614134308,-2.763085769124241,0.7,0.8472978603872034,1
0.0,-1.0874959766243493,0.5936541187008166,0.0,0.0,0.0,0.0,-0.22510741696213019,-0.06758530585980159,0.3047619047619048,-0.8247235383486645,5319
0.0,-0.5989822679245458,1.361892902890099,0.0,0.0,1.0,0.0,0.6700537920311891,0.6729102523958619,0.6867469879518072,0.784954729813068,56153
0.0,-0.8920904931444278,-0.17458466548846568,0.0,0.0,1.0,0.0,-0.04996046372352208,0.43814094345492083,0.3047619047619048,-0.8247235383486645,26599
0.0,-0.5989822679245458,1.361892902890099,0.0,0.0,1.0,0.0,0.7337437420706512,0.5413551433866073,0.6867469879518072,0.784954729813068,36943
0.0,2.038991759054393,-0.17458466548846568,0.0,0.0,1.0,0.0,-0.019867397447892305,0.14139317160251816,0.3047619047619048,-0.8247235383486645,10344
0.0,1.061964341654786,0.9777735107954578,0.0,0.0,1.0,0.0,0.6903466897555915,0.6089400892302185,0.6867469879518072,0.784954729813068,45809
0.0,-1.3806042018442313,-0.17458466548846568,0.0,0.0,1.0,0.0,0.024975174055771297,-2.763085769124241,0.3047619047619048,-0.8247235383486645,1
0.0,0.8665588581748644,1.74601229498474,0.0,0.0,1.0,0.0,-2.9563484614134308,0.5413551433866073,0.28,-0.9444616088408512,36943
0.0,-1.5760096853241525,-0.17458466548846568,0.0,0.0,1.0,0.0,0.0645298239860306,0.33588815786299997,0.3047619047619048,-0.8247235383486645,19210
0.0,-0.6966850096645064,-0.17458466548846568,0.0,0.0,1.0,0.0,0.07191098669680952,0.35917726128905225,0.3047619047619048,-0.8247235383486645,20688
0.0,-0.6966850096645064,1.74601229498474,0.0,0.0,1.0,0.0,-2.9563484614134308,-2.763085769124241,0.7,0.8472978603872034,1
0.0,0.1826396659951397,-0.17458466548846568,1.0,0.0,1.0,0.0,0.0999131566370935,0.18332921976592706,0.3047619047619048,-0.8247235383486645,11821
0.0,1.7458835338345107,1.361892902890099,0.0,0.0,1.0,0.0,0.7017312842428367,0.7132067886771382,0.6867469879518072,0.784954729813068,63837
0.0,-0.11046855922474234,0.2095347266061755,1.0,0.0,1.0,0.0,0.1611433572964946,0.35917726128905225,0.3047619047619048,-0.8247235383486645,20688
0.0,0.7688561164349038,1.361892902890099,0.0,0.0,1.0,0.0,0.7017312842428367,0.6585306291745148,0.6867469879518072,0.784954729813068,53641
0.0,0.1826396659951397,-0.17458466548846568,0.0,0.0,1.0,0.0,0.1611433572964946,-2.763085769124241,0.3047619047619048,-0.8247235383486645,1
0.0,-0.6966850096645064,0.2095347266061755,0.0,0.0,1.0,0.0,0.2973375983101234,0.4712400738249592,0.3047619047619048,-0.8247235383486645,29554
0.0,1.7458835338345107,1.74601229498474,0.0,0.0,1.0,0.0,0.7337437420706512,0.7463106440126062,0.14285714285714285,-1.791759469228055,70930
0.0,-0.30587404270466373,-0.17458466548846568,0.0,0.0,1.0,0.0,0.33273969206279574,-2.763085769124241,0.3047619047619048,-0.8247235383486645,1
0.0,-0.012765817484781665,-0.17458466548846568,0.0,0.0,1.0,0.0,0.33273969206279574,0.7117514782502609,0.3047619047619048,-0.8247235383486645,63542
0.0,1.355072566874668,0.5936541187008166,0.0,0.0,1.0,0.0,0.7234102225118781,0.6810732251751096,0.6867469879518072,0.784954729813068,57631
0.0,0.37804514947506107,1.361892902890099,0.0,0.0,1.0,0.0,0.6785626257173203,0.5536722475495329,0.6867469879518072,0.784954729813068,38420
0.0,-0.012765817484781665,-0.17458466548846568,0.0,0.0,1.0,0.0,0.33273969206279574,0.7117514782502609,0.3047619047619048,-0.8247235383486645,63542
0.0,0.37804514947506107,1.361892902890099,0.0,0.0,1.0,0.0,0.7017312842428367,0.5769613509755853,0.6867469879518072,0.784954729813068,41376
0.0,-0.501279526184585,1.361892902890099,0.0,0.0,1.0,0.0,-2.9563484614134308,0.07583578129156224,0.7,0.8472978603872034,8396
0.0,1.2573698251347072,0.5936541187008166,0.0,0.0,1.0,0.0,0.33273969206279574,0.3808444222773643,0.3047619047619048,-0.8247235383486645,22165
0.0,1.355072566874668,1.74601229498474,0.0,0.0,1.0,0.0,-2.9563484614134308,-2.763085769124241,0.28,-0.9444616088408512,1
0.0,-0.6966850096645064,1.74601229498474,0.0,0.0,1.0,0.0,-2.9563484614134308,-2.763085769124241,0.7,0.8472978603872034,1
0.0,-0.8920904931444278,-0.17458466548846568,1.0,0.0,1.0,0.0,0.3939667662358117,-0.5302183610574739,0.3047619047619048,-0.8247235383486645,1220
0.0,-0.30587404270466373,-0.17458466548846568,0.0,0.0,1.0,0.0,0.3939667662358117,0.35917726128905225,0.3047619047619048,-0.8247235383486645,20688
0.0,1.1596670833947464,1.361892902890099,0.0,0.0,1.0,0.0,0.7234102225118781,0.7117514782502609,0.6867469879518072,0.784954729813068,63542
0.0,1.7458835338345107,-0.17458466548846568,0.0,0.0,1.0,0.0,0.3939667662358117,0.3808444222773643,0.3047619047619048,-0.8247235383486645,22165
0.0,-0.30587404270466373,0.2095347266061755,0.0,0.0,1.0,0.0,0.45753244624187434,0.5655325317089791,0.3047619047619048,-0.8247235383486645,39898
0.0,-0.20817130096470304,-1.7110622338670305,0.0,0.0,1.0,1.0,0.7766823996005291,0.6890294790926039,0.6867469879518072,0.784954729813068,59109
0.0,1.2573698251347072,-0.942823449677748,0.0,0.0,1.0,1.0,0.663762298350412,0.6704216803524803,0.6867469879518072,0.784954729813068,55710
0.0,0.08493692425517901,-0.17458466548846568,0.0,0.0,1.0,0.0,0.4598404899999888,0.4712400738249592,0.3047619047619048,-0.8247235383486645,29554
0.0,0.47574789121502176,-0.17458466548846568,0.0,0.0,1.0,0.0,0.4906024481877853,0.4865727870093673,0.3047619047619048,-0.8247235383486645,31032
0.0,0.5734506329549824,-1.7110622338670305,0.0,0.0,1.0,1.0,0.7127486586459486,0.6559250331414539,0.6867469879518072,0.784954729813068,53198
0.0,0.2803424077351004,0.5936541187008166,0.0,0.0,1.0,0.0,0.5301557954684418,-2.763085769124241,0.3047619047619048,-0.8247235383486645,1
0.0,-0.4035767844446244,0.5936541187008166,0.0,0.0,1.0,0.0,0.5301557954684418,0.3808444222773643,0.3047619047619048,-0.8247235383486645,22165
0.0,1.061964341654786,1.74601229498474,0.0,0.0,1.0,0.0,0.2973375983101234,0.31073360518779986,0.28,-0.9444616088408512,17732
0.0,0.8665588581748644,-0.17458466548846568,1.0,0.0,1.0,0.0,-0.42438946080263235,-0.034481450524334135,0.3047619047619048,-0.8247235383486645,5910
0.0,-0.9897932348843885,-0.17458466548846568,1.0,0.0,0.0,0.0,-2.9563484614134308,0.14139317160251816,0.3047619047619048,-0.8247235383486645,10344
0.0,-1.0874959766243493,1.361892902890099,0.0,0.0,1.0,0.0,-0.4953830074515479,-2.763085769124241,0.7,0.8472978603872034,1
0.0,-1.1851987183643098,0.2095347266061755,0.0,0.0,0.0,0.0,-2.9563484614134308,-0.3303174806008288,0.3047619047619048,-0.8247235383486645,2305
0.0,-1.0874959766243493,-0.17458466548846568,1.0,0.0,0.0,0.0,-0.24326700817283461,-0.034481450524334135,0.3047619047619048,-0.8247235383486645,5910
0.0,-1.478306943584192,-0.17458466548846568,0.0,0.0,1.0,0.0,0.08620381143195817,0.43814094345492083,0.3047619047619048,-0.8247235383486645,26599
0.0,1.061964341654786,1.74601229498474,0.0,0.0,1.0,0.0,0.2973375983101234,0.31073360518779986,0.28,-0.9444616088408512,17732
0.0,-1.1851987183643098,-0.17458466548846568,1.0,0.0,1.0,0.0,-2.9563484614134308,-2.763085769124241,0.3047619047619048,-0.8247235383486645,1
0.0,-1.3806042018442313,-0.17458466548846568,1.0,0.0,0.0,0.0,0.21294037687620046,-0.2522655402108674,0.3047619047619048,-0.8247235383486645,2955
0.0,-1.2829014601042705,0.5936541187008166,0.0,0.0,0.0,0.0,-0.3045034627656604,0.16304615694841948,0.3047619047619048,-0.8247235383486645,11082
0.0,1.061964341654786,1.74601229498474,0.0,0.0,1.0,0.0,0.2973375983101234,0.31073360518779986,0.28,-0.9444616088408512,17732
0.0,1.8435862755744714,0.2095347266061755,0.0,0.0,1.0,0.0,-0.17586761697157324,-0.10459226761389805,0.3047619047619048,-0.8247235383486645,4728
0.0,1.8435862755744714,0.2095347266061755,0.0,0.0,1.0,0.0,-0.17586761697157324,-0.10459226761389805,0.3047619047619048,-0.8247235383486645,4728
0.0,-0.4035767844446244,-0.17458466548846568,0.0,0.0,1.0,0.0,-0.44068728062160833,-0.47015597480488946,0.3047619047619048,-0.8247235383486645,1477
0.0,0.08493692425517901,1.361892902890099,0.0,0.0,1.0,0.0,0.36474646482859197,0.31073360518779986,0.28,-0.9444616088408512,17732
0.0,-1.2829014601042705,-0.17458466548846568,1.0,0.0,0.0,0.0,-0.06611322273097826,-0.5482379105048087,0.3047619047619048,-0.8247235383486645,1152
0.0,-1.1851987183643098,-0.17458466548846568,1.0,0.0,1.0,0.0,-0.33253609048225086,-2.763085769124241,0.3047619047619048,-0.8247235383486645,1
0.0,-1.0874959766243493,0.2095347266061755,0.0,0.0,1.0,0.0,-0.07169568844156764,0.17132820580693486,0.3047619047619048,-0.8247235383486645,11378
0.0,-0.11046855922474234,-0.17458466548846568,0.0,0.0,1.0,0.0,-2.9563484614134308,-0.27257873139081096,0.3047619047619048,-0.8247235383486645,2770
0.0,1.4527753086146287,1.74601229498474,0.0,0.0,1.0,0.0,0.6663430875305901,0.5986355995452742,0.14285714285714285,-1.791759469228055,44331
0.0,-0.9897932348843885,0.2095347266061755,0.0,0.0,0.0,0.0,-0.25331901341610225,0.25345598413842507,0.3047619047619048,-0.8247235383486645,14777
0.0,-1.3806042018442313,-0.17458466548846568,1.0,0.0,0.0,0.0,-0.13293214303439344,0.31073360518779986,0.3047619047619048,-0.8247235383486645,17732
0.0,-1.478306943584192,-0.17458466548846568,0.0,0.0,1.0,0.0,0.1611433572964946,-2.763085769124241,0.3047619047619048,-0.8247235383486645,1
0.0,0.8665588581748644,0.5936541187008166,0.0,0.0,1.0,0.0,-2.9563484614134308,0.01834143893209582,0.3047619047619048,-0.8247235383486645,6992
0.0,0.47574789121502176,-0.17458466548846568,0.0,0.0,1.0,0.0,0.024975174055771297,0.18332921976592706,0.3047619047619048,-0.8247235383486645,11821
0.0,-0.5989822679245458,-0.17458466548846568,1.0,0.0,0.0,0.0,-0.282826869560638,-2.763085769124241,0.3047619047619048,-0.8247235383486645,1
0.0,-1.478306943584192,0.5936541187008166,0.0,0.0,0.0,0.0,-0.24326700817283461,-2.763085769124241,0.3047619047619048,-0.8247235383486645,1
0.0,0.8665588581748644,1.74601229498474,0.0,0.0,1.0,0.0,0.3888944280113613,0.4712400738249592,0.28,-0.9444616088408512,29554
0.0,-1.2829014601042705,0.9777735107954578,0.0,0.0,0.0,0.0,-0.24326700817283461,0.25345598413842507,0.7,0.8472978603872034,14777
0.0,1.8435862755744714,0.9777735107954578,0.0,0.0,1.0,0.0,0.4335353132064974,0.4551205673034924,0.28,-0.9444616088408512,28076
0.0,-1.5760096853241525,-0.17458466548846568,0.0,0.0,1.0,0.0,0.1721857467346406,0.35917726128905225,0.3047619047619048,-0.8247235383486645,20688
0.0,-0.9897932348843885,-0.17458466548846568,1.0,0.0,0.0,0.0,-0.11975905773201545,0.18332921976592706,0.3047619047619048,-0.8247235383486645,11821
0.0,-0.6966850096645064,-0.17458466548846568,0.0,0.0,1.0,0.0,-2.9563484614134308,-0.034481450524334135,0.3047619047619048,-0.8247235383486645,5910
0.0,-1.1851987183643098,-0.17458466548846568,1.0,0.0,0.0,0.0,0.31797419206211297,0.18332921976592706,0.3047619047619048,-0.8247235383486645,11821
0.0,-0.6966850096645064,-0.17458466548846568,0.0,0.0,1.0,0.0,-1.0965205597090406,-0.5656198209728678,0.3047619047619048,-0.8247235383486645,1090
0.0,-1.3806042018442313,-0.17458466548846568,1.0,0.0,0.0,0.0,0.0999131566370935,0.22034504122158188,0.3047619047619048,-0.8247235383486645,13299
