treat,age,education,black,hispanic,married,nodegree,re75,re78,u75,ageboxcox,agesq,re78boxcox,re75boxcox,lnre78,lnre75,re78sq,re75sq,educsq
1,37,11,1,0,1,1,1,9930,1,0.7209332553581584,1369,28.411044051173175,0.0,9.203315757039219,0.0,98604900,1,121
1,22,9,0,1,0,1,1,3595,1,0.7156797515343238,484,21.999959158627142,0.0,8.187299270155147,0.0,12924025,1,81
1,27,11,1,0,0,1,1,7506,1,0.7182050531877697,729,26.505469919208892,0.0,8.923457979694966,0.0,56340036,1,121
1,33,8,1,0,0,1,1,289,1,0.7200763342152169,1089,10.950422343719262,0.0,5.666426688112432,0.0,83521,1,64
1,22,9,1,0,0,1,1,4056,1,0.7156797515343238,484,22.691150831240318,0.0,8.30795254527102,0.0,16451136,1,81
1,23,12,1,0,0,0,1,1,1,0.7162899548411502,529,0.0,0.0,0.0,0.0,1,1,144
1,32,11,1,0,0,1,1,8472,1,0.7198218642948027,1024,27.31597195000318,0.0,9.044521887281242,0.0,71774784,1,121
1,22,16,1,0,0,0,1,2164,1,0.7156797515343238,484,19.2779181665303,0.0,7.679713639966372,0.0,4682896,1,256
1,33,12,0,0,1,0,1,12418,1,0.7200763342152169,1089,30.016680544244448,0.0,9.426902311924838,0.0,154206724,1,144
1,19,9,1,0,0,1,1,8173,1,0.713380702796395,361,27.073252244310822,0.0,9.00859131751613,0.0,66797929,1,81
1,18,8,1,0,0,1,1,1,1,0.7124085707817943,324,0.0,0.0,0.0,0.0,1,1,64
1,17,7,1,0,0,1,1,3023,1,0.7112990051614567,289,21.03757684780705,0.0,8.014004994779459,0.0,9138529,1,49
1,19,10,1,0,0,1,1,3228,1,0.713380702796395,361,21.397810386556614,0.0,8.07961802938984,0.0,10419984,1,100
1,27,13,1,0,0,0,1,14581,1,0.7182050531877697,729,31.217580168495086,0.0,9.587474590316285,0.0,212605561,1,169
1,23,10,1,0,0,1,1,7693,1,0.7162899548411502,529,26.668539840029492,0.0,8.948066103458935,0.0,59182249,1,100
1,40,12,1,0,0,0,1,10804,1,0.7214444343208374,1600,29.007920092925104,0.0,9.287671714912506,0.0,116726416,1,144
1,26,12,1,0,0,0,1,10747,1,0.7177915857080689,676,28.970177250521605,0.0,9.282381924841154,0.0,115498009,1,144
1,23,11,1,0,0,1,1,1,1,0.7162899548411502,529,0.0,0.0,0.0,0.0,1,1,121
1,41,14,0,0,0,0,1,5149,1,0.7215952220272032,1681,24.111135433658454,0.0,8.546557800046141,0.0,26512201,1,196
1,38,9,0,0,0,1,1,6408,1,0.7211143249918698,1444,25.47745262589833,0.0,8.765302488748196,0.0,41062464,1,81
1,24,11,1,0,0,1,1,1991,1,0.7168401930578476,576,18.858368892590978,0.0,7.596392304064196,0.0,3964081,1,121
1,33,11,1,0,0,1,7867,6281,0,0.7200763342152169,1089,25.349770834551222,12.205614778516129,8.74528448245438,8.970432074329242,39450961,61889689,121
1,18,10,1,0,0,1,1,11163,1,0.7124085707817943,324,29.24209193657876,0.0,9.320360017014732,0.0,124612569,1,100
1,29,11,1,0,1,1,1,9642,1,0.7189314185308672,841,28.205287929033737,0.0,9.173883834965567,0.0,92968164,1,121
1,25,11,1,0,0,1,1,9897,1,0.7173385048866895,625,28.387708376563673,0.0,9.199986959896691,0.0,97950609,1,121
1,27,10,0,1,0,1,1,11142,1,0.7182050531877697,729,29.22855861773322,0.0,9.31847703058076,0.0,124144164,1,100
1,17,10,1,0,0,1,1,16218,1,0.7112990051614567,289,32.03612958210478,0.0,9.693877015504503,0.0,263023524,1,100
1,24,11,1,0,0,1,1,995,1,0.7168401930578476,576,15.638449173640238,0.0,6.902742737158593,0.0,990025,1,121
1,17,10,1,0,0,1,1,1,1,0.7112990051614567,289,0.0,0.0,0.0,0.0,1,1,100
1,48,4,1,0,0,1,1,6551,1,0.7224458324510562,2304,25.618854311269224,0.0,8.787372988731876,0.0,42915601,1,16
1,25,11,1,0,1,1,1,1574,1,0.7173385048866895,625,17.714080370634935,0.0,7.3613754289773485,0.0,2477476,1,121
1,20,12,1,0,0,0,1,1,1,0.7142383848175501,400,0.0,0.0,0.0,0.0,1,1,144
1,25,12,1,0,0,0,1,3191,1,0.7173385048866895,625,21.33415351679888,0.0,8.068089626278244,0.0,10182481,1,144
1,25,5,1,0,0,1,1,6181,1,0.7173385048866895,625,25.247793861529797,0.0,8.729235349659273,0.0,38204761,1,25
1,23,12,1,0,1,0,1,5911,1,0.7162899548411502,529,24.96580651772479,0.0,8.684570300824369,0.0,34939921,1,144
1,46,8,1,0,1,1,1,3094,1,0.7222340537685071,2116,21.164462324156176,0.0,8.037220031133012,0.0,9572836,1,64
1,24,10,1,0,0,1,1,1,1,0.7168401930578476,576,0.0,0.0,0.0,0.0,1,1,100
1,21,12,1,0,0,0,1,1254,1,0.7149998541499754,441,16.660293176568885,0.0,7.134093721192866,0.0,1572516,1,144
1,19,9,0,0,0,1,1,13188,1,0.713380702796395,361,30.461837977967928,0.0,9.487062604191621,0.0,173923344,1,81
1,17,8,1,0,0,1,1,8061,1,0.7112990051614567,289,26.980529967475192,0.0,8.9947928972836,0.0,64979721,1,64
1,18,8,0,1,1,1,1,2787,1,0.7124085707817943,324,20.598186965183483,0.0,7.932721027481948,0.0,7767369,1,64
1,20,11,1,0,0,1,1,3972,1,0.7142383848175501,400,22.569993791463887,0.0,8.287025025165063,0.0,15776784,1,121
1,25,11,1,0,1,1,1,1,1,0.7173385048866895,625,0.0,0.0,0.0,0.0,1,1,121
1,17,8,1,0,0,1,1,1,1,0.7112990051614567,289,0.0,0.0,0.0,0.0,1,1,64
1,17,9,1,0,0,1,1,1,1,0.7112990051614567,289,0.0,0.0,0.0,0.0,1,1,81
1,25,5,1,0,0,1,1,12187,1,0.7173385048866895,625,29.87889463759588,0.0,9.408125088823502,0.0,148522969,1,25
1,23,12,1,0,0,0,1,4843,1,0.7162899548411502,529,23.73964728030209,0.0,8.48528964240323,0.0,23454649,1,144
1,28,8,1,0,0,1,1,1,1,0.7185836528124064,784,0.0,0.0,0.0,0.0,1,1,64
1,31,11,1,0,1,1,1,8087,1,0.7195477607421306,961,27.002144877181465,0.0,8.998013113095823,0.0,65399569,1,121
1,18,11,1,0,0,1,1,1,1,0.7124085707817943,324,0.0,0.0,0.0,0.0,1,1,121
1,25,12,1,0,0,0,1,2348,1,0.7173385048866895,625,19.69606177783773,0.0,7.761319180947987,0.0,5513104,1,144
1,30,11,1,0,1,1,1,590,1,0.7192517994692824,900,13.506247487869402,0.0,6.380122536899765,0.0,348100,1,121
1,17,10,1,0,0,1,1,1,1,0.7112990051614567,289,0.0,0.0,0.0,0.0,1,1,100
1,37,9,1,0,0,1,1,1067,1,0.7209332553581584,1369,15.941770548571661,0.0,6.9726062513017535,0.0,1138489,1,81
1,41,4,1,0,1,1,1,7284,1,0.7215952220272032,1681,26.307667119831113,0.0,8.8934354408475,0.0,53056656,1,16
1,42,14,1,0,1,0,1,13167,1,0.7217375127859984,1764,30.449972681781556,0.0,9.485468978356344,0.0,173369889,1,196
1,22,11,0,0,0,1,1,1048,1,0.7156797515343238,484,15.863333956584874,0.0,6.954638864880987,0.0,1098304,1,121
1,17,8,1,0,0,1,1,1,1,0.7112990051614567,289,0.0,0.0,0.0,0.0,1,1,64
1,29,8,1,0,0,1,1,1923,1,0.7189314185308672,841,18.685563282838654,0.0,7.56164174558878,0.0,3697929,1,64
1,28,10,1,0,0,1,2836,3196,0,0.7185836528124064,784,21.34278969012407,10.430022179486198,8.069655306886165,7.950149887652018,10214416,8042896,100
1,35,10,1,0,0,1,1,4666,1,0.720533889383405,1225,23.516238531654135,0.0,8.448057452581375,0.0,21771556,1,100
1,27,11,1,0,0,1,1,549,1,0.7182050531877697,729,13.23045934792578,0.0,6.3080984415095305,0.0,301401,1,121
1,29,4,1,0,0,1,1,762,1,0.7189314185308672,841,14.520519290341893,0.0,6.635946555686647,0.0,580644,1,16
1,28,9,1,0,0,1,1,10694,1,0.7185836528124064,784,28.934941170592314,0.0,9.277438115508676,0.0,114361636,1,81
1,27,11,1,0,0,1,1,1,1,0.7182050531877697,729,0.0,0.0,0.0,0.0,1,1,121
1,23,7,0,0,0,1,1,1,1,0.7162899548411502,529,0.0,0.0,0.0,0.0,1,1,49
1,45,5,1,0,1,1,1,8546,1,0.7221197265054933,2025,27.374998411771255,0.0,9.05321861620397,0.0,73034116,1,25
1,29,13,1,0,0,0,1,7479,1,0.7189314185308672,841,26.481661208618494,0.0,8.919854372191667,0.0,55935441,1,169
1,27,9,1,0,0,1,1,1,1,0.7182050531877697,729,0.0,0.0,0.0,0.0,1,1,81
1,46,13,1,0,0,0,1,647,1,0.7222340537685071,2116,13.865575742792233,0.0,6.472346294500901,0.0,418609,1,169
1,18,6,1,0,0,1,1,1,1,0.7124085707817943,324,0.0,0.0,0.0,0.0,1,1,36
1,25,12,1,0,0,0,1,11965,1,0.7173385048866895,625,29.74452295515737,0.0,9.389741000342473,0.0,143161225,1,144
1,28,15,1,0,0,0,1,9598,1,0.7185836528124064,784,28.173427687263334,0.0,9.169310022418191,0.0,92121604,1,225
1,31,9,1,0,0,1,1698,10363,0,0.7195477607421306,961,28.711711542182133,9.581162369859827,9.245997049184217,7.437206366871292,107391769,2883204,81
1,21,9,1,0,0,1,1,1,1,0.7149998541499754,441,0.0,0.0,0.0,0.0,1,1,81
1,22,11,1,0,0,1,1,6456,1,0.7156797515343238,484,25.525191038510695,0.0,8.772765209949785,0.0,41679936,1,121
1,25,12,1,0,0,0,1,1,1,0.7173385048866895,625,0.0,0.0,0.0,0.0,1,1,144
1,27,9,1,0,1,1,934,1773,0,0.7182050531877697,729,18.28663104312237,8.627291819191408,7.480428306074208,6.839476438228843,3143529,872356,81
1,23,10,1,0,1,1,936,11233,0,0.7162899548411502,529,29.28705852615344,8.630639225154273,9.326611153641569,6.841615476477592,126180289,876096,100
1,29,10,1,0,0,1,4398,1,0,0.7189314185308672,841,0.0,11.179075299987932,0.0,8.388905171114706,1,19342404,100
1,18,12,1,0,0,0,1,2321,1,0.7124085707817943,324,19.636359078360183,0.0,7.749753406274437,0.0,5387041,1,144
1,38,12,0,0,0,0,1,4941,1,0.7211143249918698,1444,23.860586348271816,0.0,8.50532301884575,0.0,24413481,1,144
1,27,13,1,0,0,0,1,1,1,0.7182050531877697,729,0.0,0.0,0.0,0.0,1,1,169
1,27,8,1,0,0,1,1,1,1,0.7182050531877697,729,0.0,0.0,0.0,0.0,1,1,64
1,38,11,1,0,0,1,1,1,1,0.7211143249918698,1444,0.0,0.0,0.0,0.0,1,1,121
1,23,8,0,1,0,1,1,3881,1,0.7162899548411502,529,22.436439036011063,0.0,8.263848131368906,0.0,15062161,1,64
1,42,9,1,0,1,1,3058,1294,0,0.7217375127859984,1764,16.802877492382525,10.557163930869724,7.165493475060845,8.025516386489008,1674436,9351364,81
1,21,12,0,0,0,0,1,8048,1,0.7149998541499754,441,26.96970189527651,0.0,8.99317889233952,0.0,64770304,1,144
1,25,8,1,0,0,1,1,1,1,0.7173385048866895,625,0.0,0.0,0.0,0.0,1,1,64
1,31,11,1,0,1,1,1,14509,1,0.7195477607421306,961,31.179945628456753,0.0,9.582524425515684,0.0,210511081,1,121
1,17,10,1,0,0,1,1,1,1,0.7112990051614567,289,0.0,0.0,0.0,0.0,1,1,100
1,19,8,1,0,0,1,2657,9970,0,0.713380702796395,361,28.439247891840257,10.320541188596073,9.207335862955883,7.884952945759814,99400900,7059649,64
1,25,11,1,0,0,1,1,1,1,0.7173385048866895,625,0.0,0.0,0.0,0.0,1,1,121
1,21,12,1,0,0,0,1,9983,1,0.7149998541499754,441,28.44839493189969,0.0,9.208638925336425,0.0,99660289,1,144
1,44,11,1,0,0,1,1,1,1,0.7219991953953784,1936,0.0,0.0,0.0,0.0,1,1,121
1,19,10,1,0,0,1,385,8124,0,0.713380702796395,361,27.032810295171355,7.2799752420691854,9.002577922700276,5.953243334287785,65999376,148225,100
1,25,12,0,0,0,0,1,5587,1,0.7173385048866895,625,24.61368933408188,0.0,8.628197749459149,0.0,31214569,1,144
1,18,10,1,0,0,1,798,9737,0,0.7124085707817943,324,28.273688109344015,8.382306422043365,9.183688340978756,6.682108597449809,94809169,636804,100
1,18,9,1,0,0,1,1,4482,1,0.7124085707817943,324,23.276795567062095,0.0,8.407824654360873,0.0,20088324,1,81
1,18,9,1,0,0,1,3287,5010,0,0.7124085707817943,324,23.944607683634885,10.679577720030679,8.51919119407891,8.097730573664219,25100100,10804369,81
1,26,11,1,0,1,1,1392,1460,0,0.7177915857080689,676,17.359867233051727,9.259906599458137,7.286191714702382,7.238496840894365,2131600,1937664,121
1,42,12,1,0,0,0,1,2456,1,0.7217375127859984,1764,19.929591864486703,0.0,7.806289289267033,0.0,6031936,1,144
1,25,10,1,0,0,1,1,1,1,0.7173385048866895,625,0.0,0.0,0.0,0.0,1,1,100
1,24,10,1,0,0,1,1,1,1,0.7168401930578476,576,0.0,0.0,0.0,0.0,1,1,100
1,26,10,1,0,0,1,1,9265,1,0.7177915857080689,676,27.928494652031667,0.0,9.13399913871946,0.0,85840225,1,100
1,20,12,1,0,0,0,377,1652,0,0.7142383848175501,400,17.944946861773595,7.248990733385703,7.409741954080923,5.932245187448011,2729104,142129,144
1,19,10,0,0,0,1,5324,13829,0,0.713380702796395,361,30.817044364258724,11.512068748130375,9.534523115464658,8.579980179515003,191241241,28344976,100
1,25,11,1,0,0,1,1,485,1,0.7173385048866895,625,12.765575015484279,0.0,6.184148890937483,0.0,235225,1,121
1,23,8,0,0,1,1,1713,4232,0,0.7162899548411502,529,22.938724250430596,9.59547836050653,8.350429973538136,7.44600149832412,17909824,2934369,64
1,31,12,0,0,0,0,2611,2484,0,0.7195477607421306,961,19.98881217543617,10.291293659775986,7.81762544305337,7.8674885686991285,6170256,6817321,144
1,18,11,1,0,0,1,1,4814,1,0.7124085707817943,324,23.70348943158143,0.0,8.479283618343016,0.0,23174596,1,121
1,19,11,1,0,0,1,1,7458,1,0.713380702796395,361,26.463096430584663,0.0,8.917042560738766,0.0,55621764,1,121
1,43,9,1,0,0,1,1,1,1,0.7218719710347498,1849,0.0,0.0,0.0,0.0,1,1,81
1,26,11,0,0,0,1,2226,13385,0,0.7177915857080689,676,30.572426644958842,10.02567644148344,9.501889955954454,7.70796153183549,179158225,4955076,121
1,29,10,0,1,0,1,8853,5112,0,0.7189314185308672,841,24.067157456558856,12.418870705202243,8.53934599605737,9.08851166361105,26132544,78375609,100
1,17,9,1,0,0,1,1,1953,1,0.7112990051614567,289,18.76238532337945,0.0,7.577121930876679,0.0,3814209,1,81
1,30,11,1,0,0,1,1,1,1,0.7192517994692824,900,0.0,0.0,0.0,0.0,1,1,121
1,17,10,1,0,0,1,156,10641,0,0.7112990051614567,289,28.899567146617713,5.984715433376042,9.272469743441732,5.049856007249537,113230881,24336,100
1,20,12,0,0,1,0,8644,11656,0,0.7142383848175501,400,29.554181386086558,12.375589677254656,9.363576347875041,9.064620717626777,135862336,74718736,144
1,17,9,1,0,0,1,375,3621,0,0.7112990051614567,289,22.040748135212873,7.241148628211478,8.19450550976564,5.926926025970411,13111641,140625,81
1,18,12,1,0,0,0,562,1,0,0.7124085707817943,324,0.0,7.845483873640068,0.0,6.331501849893691,1,315844,144
1,21,11,0,1,0,1,1395,1,0,0.7149998541499754,441,0.0,9.263364793799335,0.0,7.240649694255466,1,1946025,121
1,30,11,1,0,0,1,1913,1,0,0.7192517994692824,900,0.0,9.775924690628354,0.0,7.556427969440253,1,3659569,121
1,18,11,0,1,0,1,5491,2454,0,0.7124085707817943,324,19.925341511715406,11.566286173364192,7.805474625270857,8.610865667278873,6022116,30151081,121
1,20,12,1,0,0,0,9227,1,0,0.7142383848175501,400,0.0,12.493991001534898,0.0,9.129889247578555,1,85137529,144
1,20,6,0,1,1,1,10802,4488,0,0.7142383848175501,400,23.284724631725677,12.781977045306217,8.409162447202533,9.287486581152837,20142144,116683204,36
1,20,10,1,0,0,1,11073,1,0,0.7142383848175501,400,0.0,12.82752687821148,0.0,9.312264991698108,1,122611329,100
1,17,9,0,0,0,1,1618,6011,0,0.7112990051614567,289,25.0714079546657,9.502754818872694,8.701346403039162,7.388946097618437,36132121,2617924,81
1,18,10,0,1,0,1,2589,1,0,0.7124085707817943,324,0.0,10.277135088815296,0.0,7.859026979751538,1,6702921,100
1,19,9,0,1,0,1,6511,7913,0,0.713380702796395,361,26.85643344715502,11.867360158693325,8.976262255609193,8.781248333236862,62615569,42393121,81
1,19,11,1,0,0,1,192,661,0,0.713380702796395,361,13.949992932363964,6.2756812129118265,6.493753839851686,5.2574953720277815,436921,36864,121
1,27,10,0,1,0,1,421,3075,0,0.7182050531877697,729,21.130733894659766,7.41235451833568,8.031060180240619,6.042632833682381,9455625,177241,100
1,18,12,0,1,0,0,535,1115,0,0.7124085707817943,324,16.13513185479555,7.771080633377642,7.016609683894219,6.282266746896006,1243225,286225,144
1,22,11,1,0,0,1,606,317,0,0.7156797515343238,484,11.260227315249406,7.9598596731109055,5.75890177387728,6.406879986069314,100489,367236,121
1,20,9,1,0,0,1,660,12229,0,0.7142383848175501,400,29.90409887380756,8.090064641026459,9.41156545918937,6.492239835020471,149548441,435600,81
1,20,11,1,0,0,1,696,1,0,0.7142383848175501,400,0.0,8.17144449809139,0.0,6.54534966033442,1,484416,121
1,18,10,1,0,0,1,699,480,0,0.7124085707817943,324,12.727257991488628,8.178047412927274,6.173786103901937,6.54965074223381,230400,488601,100
1,17,10,1,0,0,1,856,3251,0,0.7112990051614567,289,21.437091501557386,8.491220381323725,8.086717920303906,6.752270376141742,10569001,732736,100
1,26,12,1,0,0,0,1088,11460,0,0.7177915857080689,676,29.43137515523778,8.86730897804765,9.346617990268731,6.992096427415888,131331600,1183744,144
1,22,10,1,0,0,1,1071,7315,0,0.7156797515343238,484,26.33557128296393,8.842431285475278,8.897682313454224,6.976348070447749,53509225,1147041,100
1,20,12,1,0,0,0,1160,702,0,0.7142383848175501,400,14.189360328398154,8.968799321034046,6.553933404025811,7.05617528410041,492804,1345600,144
1,18,8,1,0,0,1,1199,1,0,0.7124085707817943,324,0.0,9.0213401595891,0.0,7.089243155027514,1,1437601,64
1,18,9,1,0,0,1,1285,15369,0,0.7124085707817943,324,31.620181383171346,9.131772522497979,9.640107772607312,7.158513997329321,236206161,1651225,81
1,18,10,1,0,0,1,1371,12064,0,0.7124085707817943,324,29.804686194547283,9.235502374016683,9.397981090247738,7.223295679562314,145540096,1879641,100
1,19,10,1,0,0,1,1374,13278,0,0.713380702796395,361,30.51252116511034,9.239009992024384,9.493863809279105,7.2254814727822945,176305284,1887876,100
1,18,9,0,1,0,1,1713,8836,0,0.7124085707817943,324,27.60250472297365,9.59547836050653,9.086589564540008,7.44600149832412,78074896,2934369,81
1,17,10,0,1,0,1,2202,4387,0,0.7112990051614567,289,23.150122874895054,10.007727621356592,8.386400901166214,7.697121317282625,19245769,4848804,100
1,19,11,1,0,0,1,1927,11965,0,0.713380702796395,361,29.74452295515737,9.787885928478213,9.389741000342473,7.563719668414366,143161225,3713329,121
1,27,11,1,0,1,1,2142,2186,0,0.7182050531877697,729,19.329355949668066,9.962042972441575,7.689828668736484,7.669495251007694,4778596,4588164,121
1,19,10,1,0,0,1,3213,2975,0,0.713380702796395,361,20.95045763298512,10.64091632989264,7.99799931797973,8.074960359115858,8850625,10323369,100
1,19,9,0,1,0,1,3276,14271,0,0.713380702796395,361,31.054485523841237,10.673882545552937,9.56598478510039,8.09437844497296,203661441,10732176,81
1,27,10,1,0,0,1,3213,2094,0,0.7182050531877697,729,19.11146139764018,10.64091632989264,7.646831391430482,8.074960359115858,4384836,10323369,100
1,21,11,1,0,1,1,4167,11300,0,0.7149998541499754,441,29.329891534960755,11.085800178755386,9.332558004700433,8.334951631422454,127690000,17363889,121
1,29,10,1,0,1,1,4923,130,0,0.7189314185308672,841,8.512056745070005,11.375096675014905,4.867534450455582,8.5016733797582,16900,24235929,100
1,34,11,0,1,0,1,4641,2877,0,0.7203131098650127,1156,20.769090705389235,11.272378803981383,7.964503363551548,8.442685139241176,8277129,21538881,121
1,25,10,0,0,0,1,4712,6103,0,0.7173385048866895,625,25.167344994492648,11.298778767586823,8.716535732544495,8.457867725331422,37246609,22202944,100
1,31,13,0,0,0,0,5498,2329,0,0.7195477607421306,961,19.654105598911897,11.568524953526502,7.753194269884341,8.612139668725192,5424241,30228004,169
1,41,9,1,0,1,1,5783,1,0,0.7215952220272032,1681,0.0,11.657485607287475,0.0,8.662677858158219,1,33443089,81
1,21,11,0,1,0,1,6658,9381,0,0.7149998541499754,441,28.01459301082804,11.907060818145883,9.14644164612595,8.80357441813497,88003161,44328964,121
1,20,11,1,0,0,1,6426,16451,0,0.7142383848175501,400,32.147273861491264,11.844020069003511,9.708141544619421,8.768107539675803,270635401,41293476,121
1,24,12,0,1,1,0,7212,6485,0,0.7168401930578476,576,25.553897557455695,12.049665455642575,8.777247096750544,8.883501584323207,42055225,52012944,144
1,41,9,1,0,1,1,7212,3154,0,0.7215952220272032,1681,21.269912060495837,12.049665455642575,8.056426767522984,8.883501584323207,9947716,52012944,81
1,21,12,0,0,0,0,7390,3557,0,0.7149998541499754,441,21.939924116381093,12.093315108894542,8.176672771948455,8.907883013942248,12652249,54612100,144
1,22,11,1,0,0,1,7497,668,0,0.7156797515343238,484,13.991673988161605,12.119083459877789,6.504288173536645,8.922258219503062,446224,56205009,121
1,20,9,0,1,0,1,8015,5487,0,0.7142383848175501,400,24.50176258848636,12.239166179140868,8.610136937058975,8.989070065043654,30107169,64240225,81
1,17,11,1,0,0,1,8497,9017,0,0.7112990051614567,289,27.741532639247783,12.344558192680102,9.106866963499908,9.047468439003541,81306289,72199009,121
1,24,11,1,0,0,1,9180,1,0,0.7168401930578476,576,0.0,12.484708747656382,0.0,9.124782483614537,1,84272400,121
1,18,10,1,0,1,1,1958,10989,0,0.7124085707817943,324,29.129346979047643,9.814085116276416,9.304650051446924,7.579678823090456,120758121,3833764,100
1,22,10,1,0,0,1,653,11134,0,0.7156797515343238,484,29.22339777802079,8.073760321555325,9.317758768743452,6.481577129276431,123965956,426409,100
1,17,10,1,0,0,1,1000,1433,0,0.7112990051614567,289,17.27279461537632,8.734373844318034,7.267525427828172,6.907755278982137,2053489,1000000,100
1,20,7,1,0,0,1,1569,5518,0,0.7142383848175501,400,24.536630670483046,9.452921129840814,8.615770754777232,7.358193752733032,30448324,2461761,49
1,17,9,1,0,0,1,1667,5594,0,0.7112990051614567,289,24.621464887553007,9.551197594110265,8.629449873761905,7.418780882750794,31292836,2778889,81
1,23,11,1,0,0,1,1961,3689,0,0.7162899548411502,529,22.146345865777647,9.816599911550568,8.213110697596676,7.581209826196346,13608721,3845521,121
1,32,10,1,0,0,1,2321,179,0,0.7198218642948027,1024,9.439121390931138,10.094993195894572,5.187385805840755,7.749753406274437,32041,5387041,100
1,19,12,1,0,0,0,2534,4551,0,0.713380702796395,361,23.36747930523382,10.241240663864387,8.423102268016642,7.837554360881084,20711601,6421156,144
1,30,10,1,0,0,1,2615,1,0,0.7192517994692824,900,0.0,10.293855961154474,0.0,7.869019376499023,1,6838225,100
1,25,12,1,0,0,0,2746,2090,0,0.7173385048866895,625,19.101817812180887,10.375809616769091,7.644919344958857,7.917900586327916,4368100,7540516,144
1,26,11,0,0,0,1,4676,1973,0,0.7177915857080689,676,18.813084703298827,11.285439686462595,7.587310506022615,8.450198322591959,3892729,21864976,121
1,19,10,1,0,0,1,3473,5861,0,0.713380702796395,361,24.912476759291543,10.773274056486596,8.676075516476429,8.152774052744075,34351321,12061729,100
1,19,8,0,0,0,1,3416,9251,0,0.713380702796395,361,27.918046090909467,10.745069300881596,9.132486932771318,8.13622555490846,85581001,11669056,64
1,20,10,1,0,0,1,5100,13626,0,0.7142383848175501,400,30.705983593903852,11.436794775563959,9.519735011333614,8.536995818712418,185667876,26010000,100
1,21,11,1,0,0,1,5310,7906,0,0.7149998541499754,441,26.85051884346379,11.507451646020511,8.97537724385663,8.577347114235984,62504836,28196100,121
1,23,12,1,0,0,0,7841,7947,0,0.7162899548411502,529,26.885102987346954,12.19965977026391,8.98054977794018,8.967121656230923,63154809,61481281,144
1,19,11,1,0,0,1,6409,11648,0,0.713380702796395,361,29.549200877578095,11.83931745052662,9.362889770436468,8.765458531504226,135675904,41075281,121
1,23,12,1,0,0,0,7782,14416,0,0.7162899548411502,529,31.13111581783314,12.186077738906754,9.57609397984812,8.9595686535445,207821056,60559524,144
1,26,10,1,0,1,1,8141,4635,0,0.7177915857080689,676,23.47642535788025,12.267277014924922,8.441391477999955,9.004668301573977,21483225,66275881,100
1,24,12,1,0,0,0,12982,1,0,0.7168401930578476,576,0.0,13.121679957776717,0.0,9.471319061593414,1,168532324,144
1,18,10,0,1,0,1,12625,1,0,0.7124085707817943,324,0.0,13.069888389947836,0.0,9.443434254143561,1,159390625,100
1,21,12,1,0,0,0,807,4350,0,0.7149998541499754,441,23.100201637879096,8.39968229449395,8.37793112408273,6.693323668269949,18922500,651249,144
1,19,11,1,0,0,1,532,1,0,0.713380702796395,361,0.0,7.762598112751692,0.0,6.2766434893416445,1,283024,121
1,18,11,1,0,0,1,851,1,0,0.7124085707817943,324,0.0,8.482107317042741,0.0,6.7464121285733745,1,724201,121
1,34,7,1,0,0,1,857,1,0,0.7203131098650127,1156,0.0,8.49303702298861,0.0,6.75343791859778,1,734449,49
1,21,11,0,0,0,1,946,11412,0,0.7149998541499754,441,29.40104798390937,8.647276637868655,9.342420712333391,6.852242569051878,130233744,894916,121
1,25,9,1,0,0,1,1536,1709,0,0.7173385048866895,625,18.10828012207086,9.418533354068282,7.443663683115591,7.336936913707618,2920681,2359296,81
1,17,9,1,0,0,1,1341,1374,0,0.7112990051614567,289,17.077927566308887,9.200026186947992,7.2254814727822945,7.201170883281678,1887876,1798281,81
1,28,8,1,0,0,1,1182,7779,0,0.7185836528124064,784,26.74248728875208,8.998637084432056,8.959183074206774,7.074963197966044,60512841,1397124,64
1,18,9,1,0,0,1,1182,5100,0,0.7124085707817943,324,24.05284044068393,8.998637084432056,8.536995818712418,7.074963197966044,26010000,1397124,81
1,27,12,1,0,0,0,4310,1,0,0.7182050531877697,729,0.0,11.144094125539457,0.0,8.368693183097793,1,18576100,144
1,23,9,1,0,0,1,1774,11464,0,0.7162899548411502,529,29.433897896318847,9.652514984002185,9.346966969508008,7.480992162869525,131423296,3147076,81
1,19,8,0,1,0,1,1862,8774,0,0.713380702796395,361,27.554365603158264,9.731648597457344,9.07954808172616,7.529406457837013,76983076,3467044,64
1,21,11,1,0,0,1,2158,1,0,0.7149998541499754,441,0.0,9.974341348740124,0.0,7.67693714581808,1,4656964,121
1,21,11,1,0,0,1,2217,4082,0,0.7149998541499754,441,22.728250760442354,10.018966923581429,8.31434234336979,7.7039102096163115,16662724,4915089,121
1,23,10,1,0,0,1,2217,1,0,0.7162899548411502,529,0.0,10.018966923581429,0.0,7.7039102096163115,1,4915089,100
1,27,9,1,0,0,1,2294,2018,0,0.7182050531877697,729,18.925693756128346,10.07556640689932,7.609862200913554,7.738052297689316,4072324,5262436,81
1,27,11,1,0,0,1,2483,1,0,0.7182050531877697,729,0.0,10.207300125649555,0.0,7.817222785508166,1,6165289,121
1,23,12,0,0,0,0,3903,796,0,0.7162899548411502,529,14.699141128416374,10.973089796229164,6.679599185844383,8.269500767180615,633616,15233409,144
1,27,8,1,0,0,1,7218,7976,0,0.7182050531877697,729,26.90948010407297,12.05115310898199,8.984192311641674,8.884333185202735,63616576,52099524,64
1,28,11,1,0,1,1,6952,7318,0,0.7185836528124064,784,26.33826673524897,11.984063115739586,8.898092345579153,8.846784666945227,53553124,48330304,121
1,25,12,1,0,0,0,5204,1,0,0.7173385048866895,625,0.0,11.47211979413392,0.0,8.557182839632397,1,27081616,144
1,20,12,1,0,0,0,6085,9750,0,0.7142383848175501,400,28.283007162007696,11.747388477358143,9.185022563991893,8.713582005421628,95062500,37027225,144
1,26,12,1,0,0,0,6608,5811,0,0.7177915857080689,676,24.85878711481452,11.89364993422481,8.667507952075105,8.796036315200814,33767721,43665664,144
1,23,10,1,0,1,1,10495,3385,0,0.7162899548411502,529,21.661688189423472,12.729067837743596,8.127109185346375,9.258654232254733,11458225,110145025,100
1,49,8,0,0,1,1,7285,16717,0,0.7225440553011482,2401,32.272652639328875,12.067687188420365,9.72418144470263,8.893572718629306,279458089,53071225,64
1,19,11,1,0,0,1,10224,11293,0,0.713380702796395,361,29.32542582561201,12.681146966930504,9.331938343723671,9.232493176617316,127531849,104530176,121
1,21,13,0,0,0,0,8616,99,0,0.7149998541499754,441,7.770487763561743,12.36971713652769,4.59511985013459,9.061376218836225,9801,74235456,169
1,27,12,1,0,1,0,7806,2777,0,0.7182050531877697,729,20.57893023597491,12.191614205341443,7.9291264873067995,8.96264794774056,7711729,60933636,144
1,23,11,1,0,0,1,8959,1659,0,0.7162899548411502,529,17.96524240403932,12.44045815412233,7.413970290190444,9.100413892597578,2752281,80263681,121
1,22,11,1,0,0,1,12170,8408,0,0.7156797515343238,484,27.264593349610244,13.001858576461546,9.036938912556787,9.406729185981574,70694464,148108900,121
1,24,15,1,0,0,0,13008,14683,0,0.7168401930578476,576,31.270645765904284,13.125399704837955,9.594445640962938,9.473319831787592,215590489,169208064,225
1,18,11,1,0,0,1,214,929,0,0.7124085707817943,324,15.344801186560096,6.4292758285912965,6.834108738813838,5.365976015021851,863041,45796,121
1,17,10,1,0,0,1,5793,5522,0,0.7112990051614567,289,24.54111852097701,11.660532047676366,8.6164953924901,8.664405571096625,30492484,33558849,100
1,17,9,1,0,0,1,1253,5445,0,0.7112990051614567,289,24.454273365168596,9.09151164859757,8.602453035367061,7.133295954896068,29648025,1570009,81
1,28,11,1,0,0,1,6871,1,0,0.7185836528124064,784,0.0,11.963156577460845,0.0,8.835064935031076,1,47210641,121
1,27,11,1,0,0,1,2666,1,0,0.7182050531877697,729,0.0,10.326208131710624,0.0,7.888334500738654,1,7107556,121
1,19,11,1,0,0,1,2615,4146,0,0.713380702796395,361,22.81878630692636,10.293855961154474,8.329899292995725,7.869019376499023,17189316,6838225,121
1,18,11,0,0,0,1,919,4321,0,0.7124085707817943,324,23.060839639950302,8.601970600297127,8.371242135931933,6.823286122355687,18671041,844561,121
1,24,10,1,0,0,1,2421,1660,0,0.7168401930578476,576,17.968136253314874,10.16515051506756,7.414572881350589,7.791935956938058,2755600,5861241,100
1,23,12,1,0,0,0,3039,8484,0,0.7162899548411502,529,27.32557134911343,10.546625862213537,9.045937315684574,8.019283792916793,71978256,9235521,144
1,21,9,1,0,0,1,5749,743,0,0.7149998541499754,441,14.417947767601408,11.647090756704689,6.610696044717759,8.656781205623291,552049,33051001,81
1,21,12,1,0,0,0,3332,9371,0,0.7149998541499754,441,28.00720390186783,10.702692200570045,9.145375093123823,8.111328003286733,87815641,11102224,144
1,24,9,1,0,0,1,2288,4849,0,0.7168401930578476,576,23.74710689322717,10.071220335672807,8.486527777105353,7.7354333524996886,23512801,5234944,81
1,20,9,0,1,0,1,5875,1358,0,0.7142383848175501,400,17.02394701233089,11.685329100600399,7.213768308118642,8.67846133901236,1844164,34515625,81
1,25,13,1,0,0,0,3090,1,0,0.7173385048866895,625,0.0,10.574774721297976,0.0,8.035926369891792,1,9548100,169
1,17,9,0,1,0,1,74,6210,0,0.7112990051614567,289,25.277500283678854,4.971655408969967,8.733916174927524,4.30406509320417,38564100,5476,81
1,24,11,1,0,1,1,1666,4032,0,0.7168401930578476,576,22.65673795838769,9.550222343284512,8.302017809751204,7.418180822726788,16257024,2775556,121
1,20,12,1,0,0,0,165,1,0,0.7142383848175501,400,0.0,6.062924302576513,0.0,5.10594547390058,1,27225,144
1,21,8,1,0,0,1,3695,4279,0,0.7149998541499754,441,23.003461724114928,10.879151641953833,8.361474616416817,8.214735833382303,18309841,13653025,64
1,18,10,1,0,0,1,1784,11141,0,0.7124085707817943,324,29.22791367255931,9.661689941391652,9.318387276059317,7.486613313139955,124121881,3182656,100
1,22,9,1,0,0,1,3836,3462,0,0.7156797515343238,484,21.787593352323572,10.9433524348353,8.149601735736155,8.252185436003328,11985444,14714896,81
1,46,8,1,0,0,1,2594,1,0,0.7222340537685071,2116,0.0,10.280362791747555,0.0,7.860956364876389,1,6728836,64
1,19,10,1,0,0,1,6056,1,0,0.713380702796395,361,0.0,11.73893860225704,0.0,8.708804795117285,1,36675136,100
1,19,11,0,1,1,1,5463,6788,0,0.713380702796395,361,25.847936474154828,11.557304298921697,8.822911626354117,8.605753368395717,46076944,29844369,121
1,22,12,1,0,0,0,936,1,0,0.7156797515343238,484,0.0,8.630639225154273,0.0,6.841615476477592,1,876096,144
1,22,12,0,0,0,0,8455,12590,0,0.7156797515343238,484,30.117967775974098,12.335599891452603,9.440658127038393,9.042513261332681,158508100,71487025,144
1,26,12,1,0,1,0,5794,1424,0,0.7177915857080689,676,17.243482999392484,11.660836421362118,7.261225091971921,8.664578178329295,2027776,33570436,144
1,29,12,1,0,0,0,4878,10976,0,0.7189314185308672,841,29.120867141557447,11.359080326595883,9.303466349965667,8.492490578775866,120472576,23794884,144
1,31,9,1,0,0,1,5517,9558,0,0.7195477607421306,961,28.144363754554004,11.574588241698823,9.165133779138104,8.61558951327243,91355364,30437289,81
1,29,12,1,0,0,0,1817,1,0,0.7189314185308672,841,0.0,9.691629978004972,0.0,7.504942068396171,1,3301489,144
1,25,12,1,0,0,0,2409,1,0,0.7173385048866895,625,0.0,10.156876162079804,0.0,7.786967002614872,1,5803281,144
1,22,12,0,1,1,0,7055,10092,0,0.7156797515343238,484,28.524722180466537,12.01032162462426,9.219498309760949,8.861491864286915,101848464,49773025,144
1,27,10,1,0,0,1,3550,1,0,0.7182050531877697,729,0.0,10.810695990349279,0.0,8.174702882469461,1,12602500,100
1,22,10,1,0,1,1,5588,13228,0,0.7156797515343238,484,30.48439739647619,11.59707439773139,9.490091074101683,8.628376720376853,174979984,31225744,100
1,19,8,1,0,0,1,2937,7535,0,0.713380702796395,361,26.530967150962905,10.488978408645606,8.927314111060596,7.98514393119862,56776225,8625969,64
1,20,11,1,0,0,1,1220,1085,0,0.7142383848175501,400,16.015069645707328,9.048973409205173,6.98933526597456,7.106606137727303,1177225,1488400,121
1,21,12,0,0,0,0,334,12558,0,0.7149998541499754,441,30.099206594608074,7.071120279554094,9.438113191674054,5.811140992976701,157703364,111556,144
1,27,12,1,0,1,0,334,1,0,0.7182050531877697,729,0.0,7.071120279554094,0.0,5.811140992976701,1,111556,144
1,20,10,1,0,0,1,2777,5615,0,0.7142383848175501,400,24.644745614854696,10.394667888786573,8.633196867172543,7.9291264873067995,31528225,7711729,100
1,23,12,1,0,0,0,501,671,0,0.7162899548411502,529,14.009431945252976,7.672227840969746,6.508769136971682,6.2166061010848646,450241,251001,144
1,27,13,0,0,1,0,853,1,0,0.7182050531877697,729,0.0,8.485758531993305,0.0,6.748759547491679,1,727609,169
1,23,12,0,1,0,0,1117,559,0,0.7162899548411502,529,13.29918446708496,8.908920840750158,6.326149473155099,7.018401799069201,312481,1247689,144
1,24,12,1,0,0,0,2842,6167,0,0.7168401930578476,576,25.233413487414158,10.433578935427624,8.726967774991493,7.952263308657046,38031889,8076964,144
1,20,11,1,0,0,1,1484,6943,0,0.7142383848175501,400,25.99436936130394,9.3629195003736,8.845489236753274,7.302496423727326,48205249,2202256,121
1,26,10,1,0,0,1,6788,672,0,0.7177915857080689,676,14.01533735468025,11.9414935274816,6.51025834052315,8.822911626354117,451584,46076944,100
1,26,10,1,0,1,1,1,1,1,0.7177915857080689,676,0.0,0.0,0.0,0.0,1,1,100
1,20,9,1,0,0,1,1,8881,1,0.7142383848175501,400,27.63727789457765,0.0,9.091669442258505,0.0,78872161,1,81
1,31,4,1,0,0,1,4023,7382,0,0.7195477607421306,961,26.395563250246376,11.025177916349048,8.906799883589944,8.299783171949787,54493924,16184529,16
1,24,10,1,0,1,1,4078,1,0,0.7168401930578476,576,0.0,11.04856804021207,0.0,8.3133619511344,1,16630084,100
1,33,12,1,0,1,0,10941,15952,0,0.7200763342152169,1089,31.907694201589415,12.805471970701294,9.67733949220162,9.30027247947679,254466304,119705481,144
0,23,10,1,0,0,1,1,1,1,0.7162899548411502,529,0.0,0.0,0.0,0.0,1,1,100
0,26,12,0,0,0,0,1,12383,1,0.7177915857080689,676,29.995934490561865,0.0,9.424079843215099,0.0,153338689,1,144
0,22,9,1,0,0,1,1,1,1,0.7156797515343238,484,0.0,0.0,0.0,0.0,1,1,81
0,34,9,1,0,0,1,4368,14051,0,0.7203131098650127,1156,30.937038233985614,11.167223976974146,9.55044884660634,8.38206051742474,197430601,19079424,81
0,18,9,1,0,0,1,1,10740,1,0.7124085707817943,324,28.96553129151147,0.0,9.281730368062856,0.0,115347600,1,81
0,45,11,1,0,0,1,1,11796,1,0.7221197265054933,2025,29.640907085786957,0.0,9.375515769935166,0.0,139145616,1,121
0,18,9,1,0,0,1,1,9227,1,0.7124085707817943,324,27.90010523344166,0.0,9.129889247578555,0.0,85137529,1,81
0,27,12,1,0,0,0,2483,3552,0,0.7182050531877697,729,21.931987175881112,10.207300125649555,8.17526610411206,7.817222785508166,12616704,6165289,144
0,24,8,0,0,0,1,1,10569,1,0.7168401930578476,576,28.851288672557644,0.0,9.265680467009346,0.0,111703761,1,64
0,34,11,1,0,1,1,1,6040,1,0.7203131098650127,1156,25.10177317475063,0.0,8.706159290928861,0.0,36481600,1,121
0,20,13,1,0,0,0,8965,9199,0,0.7142383848175501,400,27.87912767554712,12.441672935307203,9.126850061477157,9.101083386039234,84621601,80371225,169
0,24,4,0,1,0,1,1,3880,1,0.7168401930578476,576,22.434957749539084,0.0,8.263590432617319,0.0,15054400,1,16
0,28,12,0,0,0,0,803,16477,0,0.7185836528124064,784,32.15959911041734,8.391982158582126,9.709720748057432,6.688354713946762,271491529,644809,144
0,21,10,1,0,0,1,922,1,0,0.7149998541499754,441,0.0,8.607065589674203,0.0,6.826545223556594,1,850084,100
0,20,12,1,0,0,0,6004,4779,0,0.7142383848175501,400,23.65962124275327,11.723691962089836,8.471986598578159,8.700181192753353,22838841,36048016,144
0,23,8,1,0,0,1,3403,1,0,0.7162899548411502,529,0.0,10.73857507379884,0.0,8.132412674500905,1,11580409,64
0,21,11,1,0,1,1,7244,8976,0,0.7149998541499754,441,27.710234184324722,12.057586281443136,9.102309627762478,8.887928819003305,80568576,52475536,121
0,36,10,1,0,0,1,1,1,1,0.7207401655258995,1296,0.0,0.0,0.0,0.0,1,1,100
0,18,12,0,0,0,0,735,2502,0,0.7124085707817943,324,20.026605036827508,8.255281292460687,7.824845691026856,6.5998704992128365,6260004,540225,144
0,21,14,1,0,0,0,1,5775,1,0.7149998541499754,441,24.81990461497514,0.0,8.661293535389994,0.0,33350625,1,196
0,30,13,1,0,0,0,5569,1,0,0.7192517994692824,900,0.0,11.591083257898696,0.0,8.624970783589669,1,31013761,169
0,26,11,0,1,0,1,1491,1,0,0.7177915857080689,676,0.0,9.37051109027716,0.0,7.307202314764738,1,2223081,121
0,28,9,1,0,0,1,1,1,1,0.7185836528124064,784,0.0,0.0,0.0,0.0,1,1,81
0,31,4,0,0,0,1,10711,1,0,0.7195477607421306,961,0.0,12.766441954856509,0.0,9.27902652976463,1,114725521,16
0,18,12,1,0,0,0,642,14444,0,0.7124085707817943,324,31.14584333137403,8.047806248039477,9.578034382397348,6.464588303689961,208629136,412164,144
0,27,7,1,0,1,1,1,1,1,0.7182050531877697,729,0.0,0.0,0.0,0.0,1,1,49
0,19,11,0,0,0,1,1,1,1,0.713380702796395,361,0.0,0.0,0.0,0.0,1,1,121
0,20,8,1,0,0,1,1,1,1,0.7142383848175501,400,0.0,0.0,0.0,0.0,1,1,64
0,28,8,1,0,0,1,10610,4623,0,0.7185836528124064,784,23.46095743660778,12.749054625511812,8.438799123988225,9.26955223160803,21372129,112572100,64
0,34,12,1,0,0,0,1,2113,1,0.7203131098650127,1156,19.157071091634155,0.0,7.655864017616056,0.0,4464769,1,144
0,24,10,1,0,0,1,1,7618,1,0.7168401930578476,576,26.6035168740322,0.0,8.938269147038548,0.0,58033924,1,100
0,24,9,1,0,0,1,1,16461,1,0.7168401930578476,576,32.15201615800153,0.0,9.708749225727084,0.0,270964521,1,81
0,22,8,0,1,0,1,1,9920,1,0.7156797515343238,484,28.40397909914435,0.0,9.20230820027892,0.0,98406400,1,64
0,25,11,1,0,0,1,1,4196,1,0.7173385048866895,625,22.888753660031032,0.0,8.341886969516187,0.0,17606416,1,121
0,20,11,0,0,0,1,1177,8743,0,0.7142383848175501,400,27.53019540818648,8.99190162516101,9.076008659180891,7.0707241072602764,76440049,1385329,121
0,21,9,1,0,0,1,1,3343,1,0.7149998541499754,441,21.592058240974293,0.0,8.114623886420098,0.0,11175649,1,81
0,19,12,1,0,0,0,2814,1720,0,0.713380702796395,361,18.1393047207262,10.416920296365557,7.450079569807499,7.942362237674335,2958400,7918596,144
0,39,9,1,0,0,1,1,1,1,0.7212844102958149,1521,0.0,0.0,0.0,0.0,1,1,81
0,19,9,1,0,1,1,1,16658,1,0.713380702796395,361,32.2449795272154,0.0,9.720645860495285,0.0,277488964,1,81
0,24,10,1,0,0,1,1307,1,0,0.7168401930578476,576,0.0,9.158911890660155,0.0,7.175489713624222,1,1708249,100
0,44,9,1,0,0,1,1,9722,1,0.7219991953953784,1936,28.262923159832418,0.0,9.1821466376054,0.0,94517284,1,81
0,23,11,1,0,0,1,1896,5573,0,0.7162899548411502,529,24.598115157548275,9.761289860994975,8.625688787569537,7.547501682814967,31058329,3594816,121
0,22,12,1,0,0,0,532,1333,0,0.7156797515343238,484,16.938589868287764,7.762598112751692,7.195187320178709,6.2766434893416445,1776889,283024,144
0,27,8,1,0,0,1,1,3783,1,0.7182050531877697,729,22.289820787632706,0.0,8.23827262463303,0.0,14311089,1,64
0,27,11,1,0,1,1,1122,215,0,0.7182050531877697,729,9.999234523958673,8.915993076669288,5.3706380281276624,7.022868086082641,46225,1258884,121
0,18,9,1,0,0,1,1605,1,0,0.7124085707817943,324,0.0,9.489672563466733,0.0,7.380879035564116,1,2576025,81
0,25,8,1,0,0,1,1,3515,1,0.7173385048866895,625,21.872978428838078,0.0,8.164794804244766,0.0,12355225,1,64
0,31,10,1,0,0,1,1,17014,1,0.7195477607421306,961,32.41079831131851,0.0,9.74179181353583,0.0,289476196,1,100
0,28,10,1,0,0,1,6567,5435,0,0.7185836528124064,784,24.442923862016396,11.882582057111987,8.60061479955531,8.789812386190972,29539225,43125489,100
0,26,10,1,0,1,1,558,1,0,0.7177915857080689,676,0.0,7.8346747867826,0.0,6.324358962381311,1,311364,100
0,30,8,1,0,0,1,1706,1,0,0.7192517994692824,900,0.0,9.588812205188674,0.0,7.441906728051625,1,2910436,64
0,28,11,0,1,1,1,1,6771,1,0.7185836528124064,784,25.831716172567475,0.0,8.820404065485645,0.0,45846441,1,121
0,34,10,1,0,1,1,1,1,1,0.7203131098650127,1156,0.0,0.0,0.0,0.0,1,1,100
0,21,7,0,1,0,1,1,1,1,0.7149998541499754,441,0.0,0.0,0.0,0.0,1,1,49
0,33,12,1,0,0,0,1,5970,1,0.7200763342152169,1089,25.028280137340644,0.0,8.694502206386648,0.0,35640900,1,144
0,19,9,1,0,0,1,1778,7171,0,0.713380702796395,361,26.205152581884892,9.65619075274023,8.877800393882575,7.48324441607385,51423241,3161284,81
0,20,11,1,0,0,1,7967,1,0,0.7142383848175501,400,0.0,12.228348539327524,0.0,8.983063289380366,1,63473089,121
0,18,10,0,1,0,1,1,1859,1,0.7124085707817943,324,18.518464443406568,0.0,7.527793987721444,0.0,3455881,1,100
0,27,12,1,0,1,0,752,1,0,0.7182050531877697,729,0.0,8.290531277789592,0.0,6.62273632394984,1,565504,144
0,26,12,1,0,1,0,1,6191,1,0.7177915857080689,676,25.25804984381391,0.0,8.730851903519232,0.0,38328481,1,144
0,24,9,1,0,0,1,9662,1,0,0.7168401930578476,576,0.0,12.577864040528205,0.0,9.175955945114351,1,93354244,81
0,31,12,1,0,0,0,1,7284,1,0.7195477607421306,961,26.307667119831113,0.0,8.8934354408475,0.0,53056656,1,144
0,22,12,1,0,0,0,2158,1,0,0.7156797515343238,484,0.0,9.974341348740124,0.0,7.67693714581808,1,4656964,144
0,28,14,1,0,0,0,6539,3123,0,0.7185836528124064,784,21.215629099643852,11.874986336207927,8.046549357283078,8.785539527561276,9753129,42758521,196
0,35,10,1,0,0,1,1,445,1,0.720533889383405,1225,12.449844325940195,0.0,6.09807428216624,0.0,198025,1,100
0,20,12,1,0,0,0,1,1,1,0.7142383848175501,400,0.0,0.0,0.0,0.0,1,1,144
0,30,9,0,0,0,1,3141,1320,0,0.7192517994692824,900,16.89370435771489,10.60249270583174,7.1853870155804165,8.052296499538647,1742400,9865881,81
0,25,11,1,0,0,1,1,1,1,0.7173385048866895,625,0.0,0.0,0.0,0.0,1,1,121
0,25,10,1,0,0,1,1,7367,1,0.7173385048866895,625,26.38216962068495,0.0,8.904765846682814,0.0,54272689,1,100
0,35,11,1,0,0,1,1,1,1,0.720533889383405,1225,0.0,0.0,0.0,0.0,1,1,121
0,22,8,1,0,0,1,6150,1,0,0.7156797515343238,484,0.0,11.766191963006442,0.0,8.724207360800564,1,37822500,64
0,21,12,1,0,0,0,449,1,0,0.7149998541499754,441,0.0,7.5081926001088775,0.0,6.1070228877422545,1,201601,144
0,20,10,1,0,0,1,1,2015,1,0.7142383848175501,400,18.91824841121476,0.0,7.608374474380783,0.0,4060225,1,100
0,21,8,1,0,0,1,2237,1764,0,0.7149998541499754,441,18.261860346852416,10.033842620085561,7.475339236566737,7.71289096149013,3111696,5004169,64
0,25,9,0,1,0,1,1,15791,1,0.7173385048866895,625,31.829134553261273,0.0,9.667195436466644,0.0,249355681,1,81
0,24,10,0,1,0,1,3000,5350,0,0.7168401930578476,576,24.34578238146553,10.524800793579068,8.584851839890053,8.006367567650246,28622500,9000000,100
0,21,9,1,0,0,1,12357,1,0,0.7149998541499754,441,0.0,13.030101114597892,0.0,9.42197798310419,1,152695449,81
0,27,11,1,0,1,1,4491,1,0,0.7182050531877697,729,0.0,11.215340163745333,0.0,8.409830673087738,1,20169081,121
0,27,10,1,0,0,1,1,1135,1,0.7182050531877697,729,16.213765755900305,0.0,7.034387929915503,0.0,1288225,1,100
0,20,11,0,1,0,1,1,6378,1,0.7142383848175501,400,25.447472774846812,0.0,8.760609847570002,0.0,40678884,1,121
0,25,13,1,0,0,0,10240,10020,0,0.7173385048866895,625,28.474377516913673,12.684009030324802,9.212338374638856,9.234056898593499,100400400,104857600,169
0,18,11,1,0,0,1,645,5497,0,0.7124085707817943,324,24.51302728791101,8.054925599030822,8.61195776786066,6.4692503167957724,30217009,416025,121
0,26,11,1,0,0,1,1,7176,1,0.7177915857080689,676,26.209715456186938,0.0,8.878497403738631,0.0,51494976,1,121
0,38,8,1,0,0,1,1,1,1,0.7211143249918698,1444,0.0,0.0,0.0,0.0,1,1,64
0,21,11,1,0,1,1,7652,8396,0,0.7149998541499754,441,27.25492556103499,12.155808369722896,9.035510680940524,8.942722330560143,70492816,58553104,121
0,34,11,1,0,0,1,8912,5611,0,0.7203131098650127,1156,24.640316489045702,12.430915977752406,8.632484235750972,9.095153962167066,31483321,79423744,121
0,31,13,1,0,0,0,10393,7404,0,0.7195477607421306,961,26.41516848208494,12.7111684070972,8.909775673693389,9.248887781588422,54819216,108014449,169
0,34,10,1,0,0,1,1,7952,1,0.7203131098650127,1156,26.889310936302383,0.0,8.98117874833641,0.0,63234304,1,100
0,25,11,1,0,0,1,3649,1,0,0.7173385048866895,625,0.0,10.857710720336808,0.0,8.202208436436448,1,13315201,121
0,24,9,1,0,0,1,1275,8644,0,0.7168401930578476,576,27.45255155659626,9.119292612397823,9.064620717626777,7.150701457592526,74718736,1625625,81
0,19,12,1,0,0,0,1,1,1,0.713380702796395,361,0.0,0.0,0.0,0.0,1,1,144
0,32,8,1,0,0,1,1,7152,1,0.7198218642948027,1024,26.187790752041632,0.0,8.87514731685335,0.0,51151104,1,64
0,20,9,0,1,0,1,1,8329,1,0.7142383848175501,400,27.2007459707582,0.0,9.02749867993534,0.0,69372241,1,81
0,23,10,1,0,0,1,1,1,1,0.7162899548411502,529,0.0,0.0,0.0,0.0,1,1,100
0,38,10,1,0,0,1,1,12429,1,0.7211143249918698,1444,30.023191211536155,0.0,9.42778773074551,0.0,154480041,1,100
0,24,11,1,0,0,1,1,1,1,0.7168401930578476,576,0.0,0.0,0.0,0.0,1,1,121
0,19,10,0,1,0,1,1197,11223,0,0.713380702796395,361,29.280648277180553,9.018684879623814,9.325720523016257,7.087573705557973,125955729,1432809,100
0,23,11,1,0,0,1,1,5088,1,0.7162899548411502,529,24.038496842329423,0.0,8.534640105019959,0.0,25887744,1,121
0,20,7,0,1,0,1,1,4374,1,0.7142383848175501,400,23.132620936768305,0.0,8.383433201236713,0.0,19131876,1,49
0,25,10,1,0,1,1,9319,1,0,0.7173385048866895,625,0.0,12.512033323653808,0.0,9.139810605785655,1,86843761,100
0,21,11,1,0,0,1,1,1553,1,0.7149998541499754,441,17.650385825562516,0.0,7.347943823148687,0.0,2411809,1,121
0,25,10,1,0,0,1,1,1,1,0.7173385048866895,625,0.0,0.0,0.0,0.0,1,1,100
0,22,11,1,0,1,1,1,1698,1,0.7156797515343238,484,18.07709769259418,0.0,7.437206366871292,0.0,2883204,1,121
0,21,11,1,0,0,1,1862,11630,0,0.7149998541499754,441,29.53798486571541,9.731648597457344,9.36134324551271,7.529406457837013,135256900,3467044,121
0,21,7,1,0,0,1,1,11011,1,0.7149998541499754,441,29.143679473735883,0.0,9.306650052113591,0.0,121242121,1,49
0,23,11,1,0,0,1,1,1,1,0.7162899548411502,529,0.0,0.0,0.0,0.0,1,1,121
0,26,12,1,0,0,0,7322,4677,0,0.7177915857080689,676,23.53031566411483,12.076757139852711,8.450412157725886,8.898638793680181,21874329,53611684,144
0,24,12,0,0,0,0,1,11294,1,0.7168401930578476,576,29.326063917674745,0.0,9.332026890232783,0.0,127554436,1,144
0,43,10,1,0,0,1,4128,7565,0,0.7218719710347498,1849,26.557262316039036,11.069577357065407,8.931287626222456,8.325548307161398,57229225,17040384,100
0,31,11,1,0,0,1,1726,1,0,0.7195477607421306,961,0.0,9.607791103644509,0.0,7.453561871643373,1,2979076,121
0,22,11,1,0,0,1,2707,100,0,0.7156797515343238,484,7.7970940711299725,10.351800053038067,4.605170185988092,7.903596289614301,10000,7327849,121
0,29,11,1,0,0,1,1,1,1,0.7189314185308672,841,0.0,0.0,0.0,0.0,1,1,121
0,24,11,1,0,0,1,1,14626,1,0.7168401930578476,576,31.24102742002101,0.0,9.590556045830896,0.0,213919876,1,121
0,22,9,1,0,0,1,1,12898,1,0.7156797515343238,484,30.296648481680737,0.0,9.464827539570322,0.0,166358404,1,81
0,19,11,1,0,0,1,8870,7396,0,0.713380702796395,361,26.408044627221404,12.42234905211442,8.908694592507015,9.090430075303626,54700816,78676900,121
0,28,11,1,0,0,1,1,5767,1,0.7185836528124064,784,24.811238120402987,0.0,8.659907293615413,0.0,33258289,1,121
0,18,10,0,1,0,1,1,6527,1,0.7124085707817943,324,25.595293620839072,0.0,8.783702698635217,0.0,42601729,1,100
0,18,9,1,0,0,1,2138,5767,0,0.7124085707817943,324,24.811238120402987,9.958954965805395,8.659907293615413,7.6676260915849905,33258289,4571044,81
0,26,10,1,0,0,1,1,3931,1,0.7177915857080689,676,22.510122611081766,0.0,8.27664912542186,0.0,15452761,1,100
0,26,12,1,0,0,0,8479,10820,0,0.7177915857080689,676,29.0184863524178,12.340723999222568,9.289151552400472,9.045347797304004,117072400,71893441,144
0,20,8,0,1,0,1,1124,11731,0,0.7142383848175501,400,29.60074307519777,8.918813727152855,9.369990189505721,7.024649030453636,137616361,1263376,64
0,24,10,1,0,0,1,1,1,1,0.7168401930578476,576,0.0,0.0,0.0,0.0,1,1,100
0,27,13,1,0,0,0,8797,1653,0,0.7182050531877697,729,17.947850370815257,12.407368307668435,7.410347097821024,9.082166033252674,2732409,77387209,169
0,26,5,1,0,0,1,1,1,1,0.7177915857080689,676,0.0,0.0,0.0,0.0,1,1,25
0,37,10,1,0,0,1,8606,1,0,0.7209332553581584,1369,0.0,12.367615477552048,0.0,9.060214913398545,1,74063236,100
0,36,10,1,0,0,1,1,14690,1,0.7207401655258995,1296,31.274276853961393,0.0,9.594922269167922,0.0,215796100,1,100
0,22,11,1,0,0,1,1,1,1,0.7156797515343238,484,0.0,0.0,0.0,0.0,1,1,121
0,22,9,1,0,0,1,506,604,0,0.7156797515343238,484,13.596957507216203,7.687151156004826,6.403574197934815,6.226536669287466,364816,256036,81
0,25,12,1,0,0,0,1,3418,1,0.7173385048866895,625,21.715921181247847,0.0,8.136810863675537,0.0,11682724,1,144
0,22,10,1,0,0,1,1765,1,0,0.7156797515343238,484,0.0,9.644216103260955,0.0,7.475905969367397,1,3115225,100
0,27,11,1,0,0,1,1,11197,1,0.7182050531877697,729,29.26396053082396,0.0,9.323401164260197,0.0,125372809,1,121
0,29,8,1,0,0,1,1,1,1,0.7189314185308672,841,0.0,0.0,0.0,0.0,1,1,64
0,18,9,1,0,0,1,2006,6546,0,0.7124085707817943,324,25.613951452471856,9.853896562817493,8.786609455061125,7.603897968521881,42850116,4024036,81
0,24,12,1,0,0,0,1,1,1,0.7168401930578476,576,0.0,0.0,0.0,0.0,1,1,144
0,27,9,0,1,0,1,1596,6723,0,0.7182050531877697,729,25.785743721595846,9.480557481513797,8.813289762469037,7.3752557780097545,45198729,2547216,81
0,19,9,1,0,0,1,902,1914,0,0.713380702796395,361,18.662332490367323,8.572802020431405,7.5569505720129,6.804614520062624,3663396,813604,81
0,22,10,1,0,0,1,1,1,1,0.7156797515343238,484,0.0,0.0,0.0,0.0,1,1,100
0,29,12,1,0,0,0,1359,132,0,0.7189314185308672,841,8.554896692677303,9.221399794262103,4.882801922586371,7.214504414151143,17424,1846881,144
0,30,11,1,0,1,1,9311,3982,0,0.7192517994692824,900,22.58452256627274,12.510471049378408,8.289539484624141,9.138951775888529,15856324,86694721,121
0,24,7,1,0,0,1,1,1455,1,0.7168401930578476,576,17.3438390082305,0.0,7.282761179605593,0.0,2117025,1,49
0,29,14,1,0,0,0,3357,7226,0,0.7189314185308672,841,26.25520689641501,10.715407825332226,8.885440911707585,8.118802996980035,52215076,11269449,196
0,29,12,1,0,0,0,1,1890,1,0.7189314185308672,841,18.599959918440856,0.0,7.5443321080536885,0.0,3572100,1,144
0,22,11,1,0,0,1,1321,2639,0,0.7156797515343238,484,20.307437557725006,9.175960979768366,7.878155336503324,7.186144304522325,6964321,1745041,121
0,25,11,0,1,1,1,1,4485,1,0.7173385048866895,625,23.280761144713974,0.0,8.408493774492896,0.0,20115225,1,121
0,30,12,1,0,0,0,1,13613,1,0.7192517994692824,900,30.698826993536688,0.0,9.518780497512473,0.0,185313769,1,144
0,22,8,1,0,0,1,1,1390,1,0.7156797515343238,484,17.13141480937476,0.0,7.237059026124737,0.0,1932100,1,64
0,55,3,1,0,0,1,1,5843,1,0.7230455806830944,3025,24.893190233510925,0.0,8.672999642554437,0.0,34140649,1,9
0,35,10,1,0,0,1,9902,9453,0,0.720533889383405,1225,28.067612079685446,12.622639931722718,9.154087430425385,9.200492035921368,89359209,98049604,100
0,20,10,1,0,0,1,1,8598,1,0.7142383848175501,400,27.416235855967646,0.0,9.059284897056227,0.0,73925604,1,100
0,29,9,1,0,0,1,1203,9378,0,0.7189314185308672,841,28.012376930424484,9.026638324915686,9.146121799649531,7.0925737159746784,87946884,1447209,81
0,20,11,1,0,0,1,3470,7896,0,0.7142383848175501,400,26.84206224376131,10.771800418452456,8.974111581113318,8.151909872940905,62346816,12040900,121
0,27,9,1,0,0,1,2129,1,0,0.7182050531877697,729,0.0,9.951987163067741,0.0,7.663407664893479,1,4532641,81
0,28,10,1,0,1,1,6449,16988,0,0.7185836528124064,784,32.398781020818184,11.850363963526197,9.740262491433162,8.771680359010377,288592144,41589601,100
0,20,11,1,0,0,1,2531,1,0,0.7142383848175501,400,0.0,10.239261910318213,0.0,7.836369760545124,1,6405961,121
0,26,14,1,0,1,0,2025,1,0,0.7177915857080689,676,0.0,9.869409764236247,0.0,7.613324979540639,1,4100625,196
0,19,8,0,1,0,1,1087,2987,0,0.713380702796395,361,20.97234074163094,8.865855674284992,8.00202481821611,6.99117688712121,8922169,1181569,64
0,34,11,1,0,0,1,1,2920,1,0.7203131098650127,1156,20.849260463848037,0.0,7.979338895262328,0.0,8526400,1,121
0,22,12,1,0,0,0,1,1,1,0.7156797515343238,484,0.0,0.0,0.0,0.0,1,1,144
0,32,12,0,1,1,0,1,6735,1,0.7198218642948027,1024,25.797261032910136,0.0,8.815073088844464,0.0,45360225,1,144
0,19,11,1,0,0,1,1868,1,0,0.713380702796395,361,0.0,9.736915969373293,0.0,7.532623618788788,1,3489424,121
0,31,10,1,0,0,1,1,1,1,0.7195477607421306,961,0.0,0.0,0.0,0.0,1,1,100
0,18,9,1,0,0,1,1,1,1,0.7124085707817943,324,0.0,0.0,0.0,0.0,1,1,81
0,28,10,1,0,0,1,4479,128,0,0.7185836528124064,784,8.468694010829616,11.210700477319168,4.852030263919617,8.4071550862073,16384,20061441,100
0,32,12,1,0,0,0,12419,10673,0,0.7198218642948027,1024,28.920941616291813,13.039376830654787,9.275472466913964,9.426982836948033,113912929,154231561,144
0,50,10,0,1,0,1,1,1,1,0.7226376254225517,2500,0.0,0.0,0.0,0.0,1,1,100
0,20,12,1,0,0,0,591,4159,0,0.7142383848175501,400,22.837041538963053,7.921765946638774,8.33302993974291,6.3818160174060985,17297281,349281,144
0,25,11,1,0,1,1,1,44,1,0.7173385048866895,625,5.799918504195016,0.0,3.784189633918261,0.0,1936,1,121
0,23,10,1,0,1,1,1,1,1,0.7162899548411502,529,0.0,0.0,0.0,0.0,1,1,100
0,38,10,1,0,0,1,1,1,1,0.7211143249918698,1444,0.0,0.0,0.0,0.0,1,1,100
0,25,7,0,1,0,1,1177,9722,0,0.7173385048866895,625,28.262923159832418,8.99190162516101,9.1821466376054,7.0707241072602764,94517284,1385329,49
0,25,10,1,0,1,1,1,3701,1,0.7173385048866895,625,22.164821174166622,0.0,8.216358332386156,0.0,13697401,1,100
0,29,12,1,0,0,0,2080,16969,0,0.7189314185308672,841,32.389989981690334,9.913561517539533,9.739143428972826,7.640123172695364,287946961,4326400,144
0,42,10,1,0,0,1,1,6930,1,0.7217375127859984,1764,25.982187468673033,0.0,8.84361509218395,0.0,48024900,1,100
0,39,12,1,0,1,0,1,3795,1,0.7212844102958149,1521,22.307933791091944,0.0,8.24143968982973,0.0,14402025,1,144
0,34,13,1,0,1,0,1,5193,1,0.7203131098650127,1156,24.163110442207714,0.0,8.555066843844319,0.0,26967249,1,169
0,25,11,1,0,1,1,3266,479,0,0.7173385048866895,625,12.719556859040912,10.668689584922282,6.171700597410915,8.09132127353041,229441,10666756,121
0,28,10,1,0,0,1,10068,1,0,0.7185836528124064,784,0.0,12.653020368536094,0.0,9.217117356255207,1,101364624,100
0,24,7,1,0,0,1,1,2193,1,0.7168401930578476,576,19.345636919484534,0.0,7.693025748417888,0.0,4809249,1,49
0,32,11,1,0,0,1,1,11120,1,0.7198218642948027,1024,29.21435926984679,0.0,9.316500567804573,0.0,123654400,1,121
0,27,13,1,0,0,0,1,7609,1,0.7182050531877697,729,26.595680246920605,0.0,8.937087036176523,0.0,57896881,1,169
0,20,12,1,0,0,0,4932,6086,0,0.7142383848175501,400,25.14970377935193,11.37828351923215,8.713746330456916,8.503499864284235,37039396,24324624,144
0,29,13,1,0,0,0,2265,2725,0,0.7189314185308672,841,20.477904675280506,10.054461129100991,7.9102237070973445,7.725330037917135,7425625,5130225,169
0,26,10,1,0,0,1,1,2169,1,0.7177915857080689,676,19.289644649144723,0.0,7.682021510826875,0.0,4704561,1,100
0,44,11,1,0,0,1,1,1,1,0.7219991953953784,1936,0.0,0.0,0.0,0.0,1,1,121
0,24,9,1,0,0,1,4118,597,0,0.7168401930578476,576,13.55181212986541,11.065394589833353,6.391917113392602,8.323122887587735,356409,16957924,81
0,28,10,0,0,1,1,6346,6793,0,0.7185836528124064,784,25.852701055884516,11.821787851688772,8.823647949191303,8.75557997214314,46144849,40271716,100
0,24,11,1,0,0,1,1327,9495,0,0.7168401930578476,576,28.098393009867596,9.183216094608172,9.158520623246385,7.190676034332207,90155025,1760929,121
0,25,11,1,0,0,1,1,1264,1,0.7173385048866895,625,16.696271700660407,0.0,7.142036574706803,0.0,1597696,1,121
0,25,8,1,0,1,1,515,14281,0,0.7173385048866895,625,31.059790029808955,7.713669172735337,9.566685261452934,6.244166900663736,203946961,265225,64
0,23,11,1,0,0,1,5716,10274,0,0.7162899548411502,529,28.650731364201185,11.636946549153688,9.237371711027214,8.651024539049757,105555076,32672656,121
0,20,11,1,0,0,1,1650,278,0,0.7142383848175501,400,10.822213206575611,9.534543473703149,5.627621113690637,7.408530566894626,77284,2722500,121
0,24,12,1,0,0,0,8100,11235,0,0.7168401930578476,576,29.288340036038637,12.258174734394204,9.326789184619429,8.99961934066053,126225225,65610000,144
0,20,11,0,0,1,1,8159,6336,0,0.7142383848175501,400,25.405313656207678,12.271259612747667,8.754002933494261,9.0068768914288,40144896,66569281,121
0,25,12,1,0,0,0,1,1,1,0.7173385048866895,625,0.0,0.0,0.0,0.0,1,1,144
0,28,11,1,0,0,1,863,1,0,0.7185836528124064,784,0.0,8.503895450394007,0.0,6.760414691083428,1,744769,121
0,28,12,1,0,1,0,1,1,1,0.7185836528124064,784,0.0,0.0,0.0,0.0,1,1,144
0,21,12,0,0,0,0,5440,11544,0,0.7149998541499754,441,29.484207582598867,11.549894088288134,9.353921100453707,8.601534339849989,133263936,29593600,144
0,24,11,0,0,0,1,1468,10361,0,0.7168401930578476,576,28.71034574435486,9.34544085564247,9.245804036251752,7.291656209174461,107350321,2155024,121
0,32,10,1,0,0,1,1,1,1,0.7198218642948027,1024,0.0,0.0,0.0,0.0,1,1,100
0,21,10,1,0,1,1,1785,6831,0,0.7149998541499754,441,25.888821810558746,9.662604792026002,8.82922635473185,7.487173694213739,46662561,3186225,100
0,21,8,1,0,0,1,6608,3083,0,0.7149998541499754,441,21.144955308083986,11.89364993422481,8.03365842788615,8.796036315200814,9504889,43665664,64
0,25,10,1,0,1,1,11696,11127,0,0.7173385048866895,625,29.218879644623108,12.928411836775563,9.3171298661577,9.36700218198956,123810129,136796416,100
0,22,10,1,0,0,1,1,1,1,0.7156797515343238,484,0.0,0.0,0.0,0.0,1,1,100
0,19,9,1,0,0,1,1,5712,1,0.713380702796395,361,24.75139800459617,0.0,8.65032450401942,0.0,32626944,1,81
0,31,10,1,0,1,1,1,1,1,0.7195477607421306,961,0.0,0.0,0.0,0.0,1,1,100
0,23,11,1,0,0,1,1,1,1,0.7162899548411502,529,0.0,0.0,0.0,0.0,1,1,121
0,22,11,1,0,0,1,875,9139,0,0.7156797515343238,484,27.834005700916876,8.52540227264982,9.120306249272202,6.774223886357614,83521321,765625,121
0,33,11,1,0,0,1,1,1,1,0.7200763342152169,1089,0.0,0.0,0.0,0.0,1,1,121
0,27,10,1,0,0,1,1,1184,1,0.7182050531877697,729,16.40190155072606,0.0,7.076653815443951,0.0,1401856,1,100
0,29,11,1,0,1,1,1,10225,1,0.7189314185308672,841,28.61698005217237,0.0,9.232590980911002,0.0,104550625,1,121
0,20,6,1,0,0,1,2850,1,0,0.7142383848175501,400,0.0,10.438310376423031,0.0,7.955074273262696,1,8122500,36
0,23,10,1,0,0,1,1,1,1,0.7162899548411502,529,0.0,0.0,0.0,0.0,1,1,100
0,29,11,1,0,0,1,3256,3290,0,0.7189314185308672,841,21.503200731752894,10.66348174384303,8.098642843759418,8.08825472712243,10824100,10601536,121
0,26,9,1,0,0,1,6955,11856,0,0.7177915857080689,676,29.67782698962326,11.984833052371432,9.380589347535867,8.847216104357543,140564736,48372025,81
0,25,9,1,0,1,1,1,4715,1,0.7173385048866895,625,23.57874579877715,0.0,8.458504195067558,0.0,22231225,1,81
0,25,10,1,0,0,1,1,289,1,0.7173385048866895,625,10.950422343719262,0.0,5.666426688112432,0.0,83521,1,100
0,25,13,1,0,0,0,3751,1672,0,0.7173385048866895,625,18.00275569225712,10.904919464395151,7.421775793644647,8.229777750081887,2795584,14070001,169
0,20,9,1,0,0,1,9164,8924,0,0.7142383848175501,400,27.67037604914529,12.48153869624193,9.096499555552423,9.123038043573386,79637776,83978896,81
0,25,11,1,0,0,1,3072,284,0,0.7173385048866895,625,10.892631161065664,10.564889741581782,5.648974238161206,8.030084094267563,80656,9437184,121
0,29,12,0,0,0,0,12205,16328,0,0.7189314185308672,841,32.08875691639802,13.007175322097495,9.70063670448968,9.40960098282706,266603584,148962025,144
0,23,11,1,0,0,1,580,1,0,0.7162899548411502,529,0.0,7.893251906096927,0.0,6.363028103540465,1,336400,121
0,44,9,1,0,1,1,10857,12359,0,0.7219991953953784,1936,29.981681891561603,12.791307191864533,9.422139821589736,9.292565312231853,152744881,117874449,81
0,22,12,1,0,1,0,9352,8072,0,0.7156797515343238,484,26.989681434857797,12.51846448489069,8.996156562033445,9.143345503151904,65157184,87459904,144
0,20,11,0,0,0,1,1159,1,0,0.7142383848175501,400,0.0,8.967430528576722,0.0,7.055312843339752,1,1343281,121
0,36,11,1,0,0,1,7311,1,0,0.7207401655258995,1296,0.0,12.074065150260257,0.0,8.897135342293316,1,53450721,121
0,24,10,1,0,0,1,1,1,1,0.7168401930578476,576,0.0,0.0,0.0,0.0,1,1,100
0,28,8,0,0,0,1,1,8190,1,0.7185836528124064,784,27.087238462998982,0.0,9.010669176847115,0.0,67076100,1,64
0,39,11,1,0,0,1,83,1,0,0.7212844102958149,1521,0.0,5.124360928744369,0.0,4.418840607796598,1,6889,121
0,31,10,1,0,0,1,520,14527,0,0.7195477607421306,961,31.189368042735232,7.728214852572681,9.583764265872883,6.253828811575473,211033729,270400,100
0,26,6,1,0,0,1,1,4813,1,0.7177915857080689,676,23.702239549750605,0.0,8.47907586930311,0.0,23164969,1,36
0,31,8,1,0,0,1,4577,6153,0,0.7195477607421306,961,25.219007353529282,11.24825617829263,8.724695046740491,8.428799040653642,37859409,20948929,64
0,26,8,1,0,0,1,5562,3523,0,0.7177915857080689,676,21.885778426172912,11.588871179660154,8.167068178341237,8.62371303479391,12411529,30935844,64
0,26,10,1,0,1,1,9107,12659,0,0.7177915857080689,676,30.15829399980856,12.470203195581963,9.446123703636829,9.11679862756782,160250281,82937449,100
0,24,12,1,0,0,0,159,1,0,0.7168401930578476,576,0.0,6.011243263689836,0.0,5.0689042022202315,1,25281,144
0,25,11,1,0,0,1,2455,8764,0,0.7173385048866895,625,27.546576132282752,10.188388057874024,9.078407700715356,7.805882040228621,76807696,6027025,121
0,29,9,1,0,0,1,9160,1,0,0.7189314185308672,841,0.0,12.480745375216676,0.0,9.122601457668177,1,83905600,81
0,30,14,1,0,1,0,1,7344,1,0.7192517994692824,900,26.361590904629804,0.0,8.901638932300326,0.0,53934336,1,196
0,25,10,1,0,1,1,1,1,1,0.7173385048866895,625,0.0,0.0,0.0,0.0,1,1,100
0,41,12,1,0,0,0,9818,1,0,0.7215952220272032,1681,0.0,12.607084877878274,0.0,9.191972714617998,1,96393124,144
0,29,11,1,0,1,1,1,1,1,0.7189314185308672,841,0.0,0.0,0.0,0.0,1,1,121
0,25,12,1,0,1,0,1,1,1,0.7173385048866895,625,0.0,0.0,0.0,0.0,1,1,144
0,28,13,1,0,0,0,1,1,1,0.7185836528124064,784,0.0,0.0,0.0,0.0,1,1,169
0,23,11,1,0,0,1,1,4350,1,0.7162899548411502,529,23.100201637879096,0.0,8.37793112408273,0.0,18922500,1,121
0,54,11,1,0,0,1,1,7812,1,0.7229711472536406,2916,26.770691417242308,0.0,8.96341629199657,0.0,61027344,1,121
0,33,5,0,1,0,1,1,1,1,0.7200763342152169,1089,0.0,0.0,0.0,0.0,1,1,25
0,31,12,0,0,0,0,494,1,0,0.7195477607421306,961,0.0,7.651099658591225,0.0,6.202535517187923,1,244036,144
0,34,12,1,0,0,0,4087,5670,0,0.7203131098650127,1156,24.705395277293317,11.05236741947985,8.642944396721798,8.315566483564277,32148900,16703569,144
0,50,8,1,0,1,1,5630,8997,0,0.7226376254225517,2500,27.726279147767958,11.610250702258611,9.104646467417119,8.635864721133736,80946009,31696900,64
0,31,11,1,0,0,1,7505,308,0,0.7195477607421306,961,11.163085543688196,12.120996230660284,5.730099782973574,8.923324744067562,94864,56325025,121
0,36,12,0,1,0,0,11491,4978,0,0.7207401655258995,1296,23.90575545712711,12.895781535351547,8.512783482927537,9.349319399257634,24780484,132043081,144
0,20,8,1,0,0,1,1,3644,1,0.7142383848175501,400,22.07663866836017,0.0,8.200837258379849,0.0,13278736,1,64
0,23,12,0,1,0,0,8960,7078,0,0.7162899548411502,529,26.119822428595594,12.440660670441614,8.864746660905409,9.100525505968976,50098084,80281600,144
0,26,13,0,0,0,0,5395,9766,0,0.7177915857080689,676,28.29446332734791,11.53531077780832,9.186662244621605,8.593227877692234,95374756,29106025,169
0,28,11,0,0,0,1,3200,7645,0,0.7185836528124064,784,26.62698304366379,10.634038654549709,8.941807118363164,8.070906088787819,58446025,10240000,121
0,45,9,1,0,0,1,1,4844,1,0.7221197265054933,2025,23.740891054897546,0.0,8.485496104672983,0.0,23464336,1,81
0,23,10,1,0,1,1,9854,1,0,0.7162899548411502,529,0.0,12.613766499874417,0.0,9.195632743103909,1,97101316,100
0,28,11,1,0,0,1,13371,1,0,0.7185836528124064,784,0.0,13.176619953752754,0.0,9.500843461614666,1,178783641,121
0,26,11,1,0,1,1,4184,1,0,0.7177915857080689,676,0.0,11.092827301924327,0.0,8.339023005744759,1,17505856,121
0,22,10,1,0,0,1,2174,5344,0,0.7156797515343238,484,24.33887947636205,9.986554804429101,8.583729715216482,7.684324067681155,28558336,4726276,100
0,27,13,0,0,0,0,474,4812,0,0.7182050531877697,729,23.700989463172952,7.589154263030676,8.47886807709457,6.161207321695077,23155344,224676,169
0,39,6,1,0,0,1,1,1,1,0.7212844102958149,1521,0.0,0.0,0.0,0.0,1,1,36
0,25,11,1,0,0,1,1,1,1,0.7173385048866895,625,0.0,0.0,0.0,0.0,1,1,121
0,22,12,1,0,0,0,2003,439,0,0.7156797515343238,484,12.400573244601382,9.85143456652279,6.0844994130751715,7.602401335665818,192721,4012009,144
0,28,10,1,0,0,1,367,4858,0,0.7185836528124064,784,23.758282680178773,7.209384257521777,8.488382109562117,5.905361848054571,23600164,134689,100
0,31,11,1,0,0,1,6382,1,0,0.7195477607421306,961,0.0,11.831824572195604,0.0,8.76123680683819,1,40729924,121
0,27,10,1,0,1,1,11280,1,0,0.7182050531877697,729,0.0,12.861623064958764,0.0,9.33078652505205,1,127238400,100
0,28,11,1,0,1,1,5393,4974,0,0.7185836528124064,784,23.900885095772747,11.53465999551349,8.51197962436335,8.592857095337227,24740676,29084449,121
0,26,12,1,0,0,0,1,1,1,0.7177915857080689,676,0.0,0.0,0.0,0.0,1,1,144
0,27,12,0,0,0,0,5035,1,0,0.7182050531877697,729,0.0,11.414373187227786,0.0,8.524168805152662,1,25351225,144
0,36,12,1,0,0,0,142,1,0,0.7207401655258995,1296,0.0,5.8542478417393635,0.0,4.955827057601261,1,20164,144
0,26,8,1,0,1,1,4084,1,0,0.7177915857080689,676,0.0,11.051101829241468,0.0,8.314832179284556,1,16679056,64
0,23,10,1,0,0,1,1,1,1,0.7162899548411502,529,0.0,0.0,0.0,0.0,1,1,100
0,31,12,1,0,0,0,5613,1,0,0.7195477607421306,961,0.0,11.604928538464504,0.0,8.6328406149422,1,31505769,144
0,39,12,1,0,1,0,6608,499,0,0.7212844102958149,1521,12.871230488575536,11.89364993422481,6.212606095751519,8.796036315200814,249001,43665664,144
0,35,11,1,0,1,1,8720,1,0,0.720533889383405,1225,0.0,12.391440272540596,0.0,9.073374516903025,1,76038400,121
0,21,9,0,0,0,1,1577,1740,0,0.7149998541499754,441,18.19531457203925,9.461155721277628,7.461640392208575,7.3632795869630385,3027600,2486929,81
0,36,11,0,1,0,1,3063,1324,0,0.7207401655258995,1296,16.907552262327087,10.559926936422658,7.188412736496954,8.027150106832774,1752976,9381969,121
0,27,12,0,0,0,0,1,14792,1,0.7182050531877697,729,31.32703286280964,0.0,9.60184177306696,0.0,218803264,1,144
0,26,11,1,0,0,1,1174,6672,0,0.7177915857080689,676,25.736613584783687,8.987847503124923,8.805674944038582,7.068172000388042,44515584,1378276,121
0,28,9,1,0,1,1,9210,1239,0,0.7185836528124064,784,16.60589892130164,12.490638701961332,7.122059881629142,9.128045129249353,1535121,84824100,81
0,33,9,0,1,1,1,1,1,1,0.7200763342152169,1089,0.0,0.0,0.0,0.0,1,1,81
0,28,11,1,0,1,1,10033,1,0,0.7185836528124064,784,0.0,12.646654002194301,0.0,9.213634938925614,1,100661089,121
0,22,11,1,0,0,1,6974,3708,0,0.7156797515343238,484,22.17557663838362,11.98970212244459,8.218247926685745,8.849944227235596,13749264,48636676,121
0,25,11,1,0,0,1,4284,4116,0,0.7173385048866895,625,22.776485983639965,11.133631003409189,8.32263709695394,8.36264243156764,16941456,18352656,121
0,25,10,1,0,1,1,1,1,1,0.7173385048866895,625,0.0,0.0,0.0,0.0,1,1,100
0,27,11,1,0,0,1,766,1,0,0.7182050531877697,729,0.0,8.319005896318926,0.0,6.641182169740591,1,586756,121
0,28,12,1,0,1,0,5551,12780,0,0.7185836528124064,784,30.228594525942576,11.585389794620166,9.455636727931525,8.621733370690162,163328400,30813601,144
0,25,10,0,0,0,1,8140,3412,0,0.7173385048866895,625,21.706091433421598,12.267055518278546,8.13505390861157,9.004545458996587,11641744,66259600,100
0,22,10,0,0,0,1,10598,7094,0,0.7156797515343238,484,26.134565588021985,12.746978533366432,8.867004635333567,9.268420583052707,50324836,112317604,100
0,23,8,1,0,0,1,1,3746,1,0.7162899548411502,529,22.233685723079198,0.0,8.228443883004033,0.0,14032516,1,64
0,20,12,0,0,0,0,3104,12573,0,0.7142383848175501,400,30.10800558538617,10.582425904944651,9.439306936593182,8.04044688130311,158080329,9634816,144
0,19,11,1,0,0,1,3285,11195,0,0.713380702796395,361,29.262675593139633,10.678543559875736,9.323222529032856,8.09712193091871,125328025,10791225,121
0,17,9,0,1,0,1,671,4209,0,0.7112990051614567,289,22.90683744588819,8.115362067264094,8.344980368770571,6.508769136971682,17715681,450241,81
0,19,11,1,0,0,1,5160,1,0,0.713380702796395,361,0.0,11.457255842371938,0.0,8.548691858475609,1,26625600,121
0,18,11,1,0,0,1,4152,4164,0,0.7124085707817943,324,22.844050804742004,11.079577491289331,8.33423142973486,8.331345424845724,17338896,17239104,121
0,17,10,0,1,0,1,1239,5088,0,0.7112990051614567,289,24.038496842329423,9.073594532038578,8.534640105019959,7.122059881629142,25887744,1535121,100
0,20,11,1,0,0,1,3248,6027,0,0.7142383848175501,400,25.088175425220058,10.659304697585556,8.704004653483045,8.085794701281568,36324729,10549504,121
0,18,8,1,0,0,1,1,1568,1,0.7124085707817943,324,17.695950633706335,0.0,7.357556200910353,0.0,2458624,1,64
0,20,10,1,0,0,1,3677,557,0,0.7142383848175501,400,13.285517431949335,10.87079158367943,6.322565239927284,8.209852481301272,310249,13520329,100
0,18,11,1,0,0,1,2041,796,0,0.7124085707817943,324,14.699141128416374,9.882368366381346,6.679599185844383,7.621195162809845,633616,4165681,121
0,19,10,0,1,0,1,2275,4335,0,0.713380702796395,361,23.079867901001126,10.061767192126599,8.374476889214643,7.729735331385051,18792225,5175625,100
0,17,8,1,0,0,1,1,7010,1,0.7112990051614567,289,26.056869324942372,0.0,8.855092980028635,0.0,49140100,1,64
0,17,10,0,1,0,1,1734,6354,0,0.7112990051614567,289,25.423408746382023,9.61532517016408,8.756839814829462,7.458186157340487,40373316,3006756,100
0,18,10,1,0,0,1,2682,1,0,0.7124085707817943,324,0.0,10.336238697064344,0.0,7.894318063841624,1,7193124,100
0,18,10,1,0,0,1,240,2891,0,0.7124085707817943,324,20.795295589487935,6.592813948407982,7.969357742016346,5.480638923341991,8357881,57600,100
0,19,11,0,1,1,1,308,1,0,0.713380702796395,361,0.0,6.9528770655710215,0.0,5.730099782973574,1,94864,121
0,18,11,1,0,0,1,8784,1824,0,0.7124085707817943,324,18.42515548768867,12.40468832355025,7.508787170634276,9.080687163749312,3326976,77158656,121
0,19,11,1,0,0,1,1615,8823,0,0.713380702796395,361,27.592433151572227,9.499744578405359,9.085117227222105,7.387090235656757,77845329,2608225,121
0,19,10,1,0,0,1,963,7047,0,0.713380702796395,361,26.091182627228115,8.675186653762847,8.860357273327022,6.870053411798126,49660209,927369,100
0,19,9,0,1,0,1,1,3811,1,0.713380702796395,361,22.332014355337922,0.0,8.24564690087386,0.0,14523721,1,81
0,18,10,1,0,0,1,1642,1,0,0.7124085707817943,324,0.0,9.526650681932383,0.0,7.403670290012373,1,2696164,100
0,18,10,1,0,0,1,1,9602,1,0.7124085707817943,324,28.176328825410064,0.0,9.169726689090886,0.0,92198404,1,100
0,17,11,1,0,0,1,3796,1,0,0.7112990051614567,289,0.0,10.925366540157299,0.0,8.241703159729818,1,14409616,121
0,18,6,0,1,0,1,6142,3825,0,0.7124085707817943,324,22.35301955490587,11.763887737777067,8.249313746260636,8.722905701000768,14630625,37724164,36
0,19,11,1,0,0,1,2445,9772,0,0.713380702796395,361,28.298755574656322,10.181584866536838,9.187276432377631,7.801800401908973,95491984,5978025,121
0,18,8,0,1,0,1,1,10798,1,0.7124085707817943,324,29.003954565058798,0.0,9.287116210778231,0.0,116596804,1,64
0,18,11,1,0,0,1,1,4657,1,0.7124085707817943,324,23.50470140446477,0.0,8.446126742982377,0.0,21687649,1,121
0,17,11,1,0,0,1,1,8551,1,0.7112990051614567,289,27.378972133024913,0.0,9.053803514155955,0.0,73119601,1,121
0,19,10,1,0,0,1,1,4309,1,0.713380702796395,361,23.044490978314055,0.0,8.368461137615839,0.0,18567481,1,100
0,19,10,1,0,0,1,1,5286,1,0.713380702796395,361,24.27183440483282,0.0,8.572817095164234,0.0,27941796,1,100
0,18,9,1,0,0,1,1,12486,1,0.7124085707817943,324,30.05685573331503,0.0,9.43236329562169,0.0,155900196,1,81
0,18,10,1,0,0,1,2285,3268,0,0.7124085707817943,324,21.46598479138595,10.069043304447506,8.091933455979893,7.734121303328305,10679824,5221225,100
0,18,11,1,0,0,1,2292,4994,0,0.7124085707817943,324,23.92520610371984,10.074118898043148,8.515992470839718,7.73718007783463,24940036,5253264,121
0,18,10,1,0,0,1,273,5514,0,0.7124085707817943,324,24.532140254505016,6.778032519188373,8.615045591583742,5.60947179518496,30404196,74529,100
0,18,9,0,1,0,1,2684,2978,0,0.7124085707817943,324,20.95593492476548,10.337488583445333,7.999007213243955,7.895063498091573,8868484,7203856,81
0,18,9,1,0,0,1,1,10877,1,0.7124085707817943,324,29.05602882697926,0.0,9.294405747093851,0.0,118309129,1,81
0,18,12,1,0,0,0,1405,1,0,0.7124085707817943,324,0.0,9.274842124853272,0.0,7.247792581767846,1,1974025,144
0,18,9,0,1,0,1,1646,1065,0,0.7124085707817943,324,15.933566165179776,9.5306015590344,6.970730078143525,7.406103381237015,1134225,2709316,81
0,19,11,1,0,0,1,393,2481,0,0.713380702796395,361,19.982492390124083,7.310363808681364,7.816416983691801,5.973809611869261,6155361,154449,121
0,18,7,0,1,1,1,2672,6330,0,0.7124085707817943,324,25.39927295351532,10.329976169844803,8.753055515138222,7.890582534656536,40068900,7139584,49
0,19,11,0,0,0,1,823,2649,0,0.713380702796395,361,20.327482373147838,8.430130343570829,7.88193748927207,6.71295620067707,7017201,677329,121
0,18,8,0,1,0,1,2483,11135,0,0.7124085707817943,324,29.22404304282631,10.207300125649555,9.317848579691468,7.817222785508166,123988225,6165289,64
0,17,8,1,0,0,1,1178,14380,0,0.7112990051614567,289,31.11214727030605,8.993250853405609,9.573593631275038,7.071573364211532,206784400,1387684,64
0,18,10,1,0,0,1,1,202,1,0.7124085707817943,324,9.806155241129195,0.0,5.308267697401205,0.0,40804,1,100
0,17,10,1,0,0,1,1726,11061,0,0.7112990051614567,289,29.176169557910242,9.607791103644509,9.311180686902254,7.453561871643373,122345721,2979076,100
0,17,10,1,0,0,1,664,1,0,0.7112990051614567,289,0.0,8.099308983945484,0.0,6.498282149476434,1,440896,100
0,20,10,1,0,0,1,690,10864,0,0.7142383848175501,400,29.047480185625044,8.158158490692667,9.293209849798478,6.536691597591305,118026496,476100,100
0,18,10,1,0,0,1,1428,11602,0,0.7124085707817943,324,29.52051050357393,9.300952931511052,9.358932776026009,7.2640301428995295,134606404,2039184,100
0,19,11,1,0,0,1,705,1,0,0.713380702796395,361,0.0,8.191174169103716,0.0,6.558197802812269,1,497025,121
0,17,10,1,0,0,1,1,2657,1,0.7112990051614567,289,20.343475318160813,0.0,7.884952945759814,0.0,7059649,1,100
0,18,7,1,0,0,1,1,4132,1,0.7124085707817943,324,22.79907628973546,0.0,8.326516830239528,0.0,17073424,1,49
0,18,11,1,0,0,1,1,11303,1,0.7124085707817943,324,29.33180474279131,0.0,9.33282345619073,0.0,127757809,1,121
0,20,9,1,0,0,1,2483,1,0,0.7142383848175501,400,0.0,10.207300125649555,0.0,7.817222785508166,1,6165289,81
0,19,10,0,1,0,1,1,1,1,0.713380702796395,361,0.0,0.0,0.0,0.0,1,1,100
0,18,9,1,0,0,1,1,1,1,0.7124085707817943,324,0.0,0.0,0.0,0.0,1,1,81
0,17,10,1,0,0,1,1,1,1,0.7112990051614567,289,0.0,0.0,0.0,0.0,1,1,100
0,17,11,1,0,0,1,1156,6365,0,0.7112990051614567,289,25.434446971800128,8.963317518980535,8.758569510991506,7.052721049232323,40513225,1336336,121
0,17,10,1,0,0,1,1,2189,1,0.7112990051614567,289,19.336338533626915,0.0,7.691200097522863,0.0,4791721,1,100
0,18,9,1,0,0,1,490,3480,0,0.7124085707817943,324,21.81670691056225,7.638900449272433,8.15478757276852,6.194405391104672,12110400,240100,81
0,19,11,1,0,0,1,1,1,1,0.713380702796395,361,0.0,0.0,0.0,0.0,1,1,121
0,17,8,0,0,0,1,1,10210,1,0.7112990051614567,289,28.60662252837626,0.0,9.231122911158712,0.0,104244100,1,64
0,18,10,1,0,0,1,1,11048,1,0.7124085707817943,324,29.167733292621392,0.0,9.310004695089129,0.0,122058304,1,100
0,18,9,1,0,0,1,1,1,1,0.7124085707817943,324,0.0,0.0,0.0,0.0,1,1,81
0,17,9,1,0,0,1,2595,1,0,0.7112990051614567,289,0.0,10.281007634567164,0.0,7.861341795599989,1,6734025,81
0,17,8,1,0,0,1,1,8993,1,0.7112990051614567,289,27.72322524223106,0.0,9.104201775914515,0.0,80874049,1,64
0,17,8,1,0,0,1,2036,1,0,0.7112990051614567,289,0.0,9.878329031813903,0.0,7.618742377670413,1,4145296,64
0,19,9,0,1,0,1,2750,15581,0,0.713380702796395,361,31.72571084337371,10.378254089093284,9.653807502217354,7.919356190660617,242767561,7562500,81
0,19,10,1,0,0,1,1428,4687,0,0.713380702796395,361,23.543090425143646,9.300952931511052,8.452547997922705,7.2640301428995295,21967969,2039184,100
0,19,6,0,1,0,1,1,5071,1,0.713380702796395,361,24.018131021684464,0.0,8.531293315795018,0.0,25715041,1,36
0,20,11,1,0,0,1,1633,1310,0,0.7142383848175501,400,16.858939292077398,9.5177282200429,7.177782416195197,7.398174092970465,1716100,2666689,121
0,19,10,0,0,0,1,1,3194,1,0.713380702796395,361,21.33933649986214,0.0,8.069029328774958,0.0,10201636,1,100
0,17,11,0,0,0,1,1,1,1,0.7112990051614567,289,0.0,0.0,0.0,0.0,1,1,121
0,18,9,0,0,0,1,559,7300,0,0.7124085707817943,324,26.322080934130543,7.8373838306746615,8.895629627136483,6.326149473155099,53290000,312481,81
0,20,11,1,0,0,1,7666,7659,0,0.7142383848175501,400,26.639124974482275,12.15909114241212,8.943636705909594,8.9445502459405,58660281,58767556,121
0,20,9,1,0,0,1,1,5193,1,0.7142383848175501,400,24.163110442207714,0.0,8.555066843844319,0.0,26967249,1,81
0,19,9,1,0,0,1,2642,2652,0,0.713380702796395,361,20.333484183974594,10.311056297646203,7.883069351305753,7.879291485082271,7033104,6980164,81
0,18,10,1,0,0,1,2456,13674,0,0.7124085707817943,324,30.732361423299288,10.189066951993738,9.523251498473739,7.806289289267033,186978276,6031936,100
0,19,11,1,0,0,1,4503,1,0,0.713380702796395,361,0.0,11.219968278925126,0.0,8.412499120301572,1,20277009,121
0,17,9,1,0,0,1,1,1,1,0.7112990051614567,289,0.0,0.0,0.0,0.0,1,1,81
0,18,9,1,0,0,1,1413,3475,0,0.7124085707817943,324,21.808631742202227,9.283969155637894,8.153349757998892,7.253470382684528,12075625,1996569,81
0,17,11,1,0,0,1,165,4251,0,0.7112990051614567,289,22.964962637892754,6.062924302576513,8.35490952835879,5.10594547390058,18071001,27225,121
0,17,10,1,0,0,1,1,275,1,0.7112990051614567,289,10.786553959603973,0.0,5.616771097666572,0.0,75625,1,100
0,19,10,1,0,0,1,604,1,0,0.713380702796395,361,0.0,7.954831758398578,0.0,6.403574197934815,1,364816,100
0,17,10,0,1,0,1,1168,11306,0,0.7112990051614567,289,29.33371755033372,8.979710131566014,9.333088837235236,7.0630481633881725,127825636,1364224,100
0,20,9,1,0,0,1,9691,8562,0,0.7142383848175501,400,27.387707876012634,12.58332932339698,9.055089086704891,9.17895289873455,73307844,93915481,81
0,17,9,1,0,0,1,1,3590,1,0.7112990051614567,289,21.992088478895994,0.0,8.185907481482324,0.0,12888100,1,81
0,19,11,1,0,0,1,1,1,1,0.713380702796395,361,0.0,0.0,0.0,0.0,1,1,121
0,17,10,0,0,0,1,2465,4211,0,0.7112990051614567,289,22.909615657165226,10.195165400952583,8.345455428161928,7.80994708647679,17732521,6076225,100
0,19,10,1,0,1,1,1,12797,1,0.713380702796395,361,30.23842937141164,0.0,9.456966047437597,0.0,163763209,1,100
0,20,9,1,0,0,1,1,2035,1,0.7142383848175501,400,18.9677199939551,0.0,7.618251097876695,0.0,4141225,1,81
0,18,11,1,0,0,1,1170,604,0,0.7124085707817943,324,13.596957507216203,8.98242692057237,6.403574197934815,7.064759027791802,364816,1368900,121
0,18,10,0,1,1,1,1922,4768,0,0.7124085707817943,324,23.645781791968485,9.78362340828794,8.469682208745185,7.561121589530238,22733824,3694084,100
0,18,9,1,0,0,1,1,2389,1,0.7124085707817943,324,19.785694736837357,0.0,7.77863014732581,0.0,5707321,1,81
0,18,11,1,0,0,1,1,1,1,0.7124085707817943,324,0.0,0.0,0.0,0.0,1,1,121
0,20,10,1,0,0,1,2749,6867,0,0.7142383848175501,400,25.922895642401187,10.377643282680435,8.834482608620677,7.918992488165245,47155689,7557001,100
0,17,10,0,1,0,1,1,8469,1,0.7112990051614567,289,27.313570425454813,0.0,9.0441677169216,0.0,71723961,1,100
0,19,11,1,0,0,1,1,1,1,0.713380702796395,361,0.0,0.0,0.0,0.0,1,1,121
0,19,9,1,0,0,1,1537,4188,0,0.713380702796395,361,22.87760321094459,9.419585509457653,8.339978571990427,7.337587743538596,17539344,2362369,81
0,17,10,1,0,0,1,1,1143,1,0.7112990051614567,289,16.244913638545146,0.0,7.04141166379481,0.0,1306449,1,100
0,17,8,1,0,0,1,768,3020,0,0.7112990051614567,289,21.03216396885612,8.32303393365465,8.013012110368916,6.643789733147672,9120400,589824,64
0,18,8,0,0,0,1,1345,1725,0,0.7124085707817943,324,18.153355123750735,9.204798948461354,7.45298232946546,7.20414929203594,2975625,1809025,64
0,20,10,1,0,0,1,825,1,0,0.7142383848175501,400,0.0,8.433897379094837,0.0,6.715383386334681,1,680625,100
0,17,9,0,1,0,1,1,5114,1,0.7112990051614567,289,24.069541049302764,0.0,8.539737155851132,0.0,26152996,1,81
0,17,9,1,0,0,1,1206,1,0,0.7112990051614567,289,0.0,9.030601155895761,0.0,7.095064377287131,1,1454436,81
0,19,11,1,0,0,1,1,1,1,0.713380702796395,361,0.0,0.0,0.0,0.0,1,1,121
0,18,10,1,0,0,1,1,781,1,0.7124085707817943,324,14.621093921470509,0.0,6.660575149839686,0.0,609961,1,100
