treat,age,education,black,hispanic,married,nodegree,re74,re75,re78,u74,u75,educ_re74,educ_re75,hisp_u75,hisp_u74,black_u75,black_u74,ageboxcox,agesq,re78boxcox,re75boxcox,re74boxcox,lnre78,lnre75,lnre74,re78sq,re75sq,re74sq,educsq
0,23,10,1,0,0,1,1,1,1,1,1,0,0,0,0,1,1,0.980157371,529,0,0,0,0,0,0,1,1,1,100
0,26,12,0,0,0,0,1,1,12383,1,1,0,0,0,0,0,0,0.985647479,676,24.98275004,0,0,9.424079843,0,0,153338689,1,1,144
0,22,9,1,0,0,1,1,1,1,1,1,0,0,0,0,1,1,0.977999627,484,0,0,0,0,0,0,1,1,1,81
0,18,9,1,0,0,1,1,1,10740,1,1,0,0,0,0,1,1,0.967010209,324,24.20466876,0,0,9.281730368,0,0,115347600,1,1,81
0,45,11,1,0,0,1,1,1,11796,1,1,0,0,0,0,1,1,1.003576423,2025,24.71503553,0,0,9.37551577,0,0,139145616,1,1,121
0,18,9,1,0,0,1,1,1,9227,1,1,0,0,0,0,1,1,0.967010209,324,23.39658039,0,0,9.129889248,0,0,85137529,1,1,81
0,24,8,0,0,0,1,1,1,10569,1,1,0,0,0,0,0,0,0.982137733,576,24.11819525,0,0,9.265680467,0,0,111703761,1,1,64
0,34,11,1,0,1,1,1,1,6040,1,1,0,0,0,0,1,1,0.995604658,1156,21.25588648,0,0,8.706159291,0,0,36481600,1,1,121
0,36,10,1,0,0,1,1,1,1,1,1,0,0,0,0,1,1,0.997411043,1296,0,0,0,0,0,0,1,1,1,100
0,21,14,1,0,0,0,1,1,5775,1,1,0,0,0,0,1,1,0.975639416,441,21.03871863,0,0,8.661293535,0,0,33350625,1,1,196
0,28,9,1,0,0,1,1,1,1,1,1,0,0,0,0,1,1,0.988662389,784,0,0,0,0,0,0,1,1,1,81
0,19,11,0,0,0,1,1,1,1,1,1,0,0,0,0,0,0,0.970185058,361,0,0,0,0,0,0,1,1,1,121
0,20,8,1,0,0,1,1,1,1,1,1,0,0,0,0,1,1,0.973046674,400,0,0,0,0,0,0,1,1,1,64
0,34,12,1,0,0,0,1,1,2113,1,1,0,0,0,0,1,1,0.995604658,1156,16.60859261,0,0,7.655864018,0,0,4464769,1,1,144
0,24,10,1,0,0,1,1,1,7618,1,1,0,0,0,0,1,1,0.982137733,576,22.40808555,0,0,8.938269147,0,0,58033924,1,1,100
0,22,8,0,1,0,1,1,1,9920,1,1,0,0,1,1,0,0,0.977999627,484,23.77921045,0,0,9.2023082,0,0,98406400,1,1,64
0,25,11,1,0,0,1,1,1,4196,1,1,0,0,0,0,1,1,0.983961811,625,19.54276158,0,0,8.34188697,0,0,17606416,1,1,121
0,39,9,1,0,0,1,1,1,1,1,1,0,0,0,0,1,1,0.999777798,1521,0,0,0,0,0,0,1,1,1,81
0,19,9,1,0,1,1,1,1,16658,1,1,0,0,0,0,1,1,0.970185058,361,26.66984431,0,0,9.72064586,0,0,277488964,1,1,81
0,44,9,1,0,0,1,1,1,9722,1,1,0,0,0,0,1,1,1.003014281,1936,23.67217961,0,0,9.182146638,0,0,94517284,1,1,81
0,27,8,1,0,0,1,1,1,3783,1,1,0,0,0,0,1,1,0.987209979,729,19.0758238,0,0,8.238272625,0,0,14311089,1,1,64
0,25,8,1,0,0,1,1,1,3515,1,1,0,0,0,0,1,1,0.983961811,625,18.74998061,0,0,8.164794804,0,0,12355225,1,1,64
0,31,10,1,0,0,1,1,1,17014,1,1,0,0,0,0,1,1,0.992464722,961,26.79364466,0,0,9.741791814,0,0,289476196,1,1,100
0,34,10,1,0,1,1,1,1,1,1,1,0,0,0,0,1,1,0.995604658,1156,0,0,0,0,0,0,1,1,1,100
0,33,12,1,0,0,0,1,1,5970,1,1,0,0,0,0,1,1,0.994620561,1089,21.19929136,0,0,8.694502206,0,0,35640900,1,1,144
0,18,10,0,1,0,1,1,1,1859,1,1,0,0,1,1,0,0,0.967010209,324,16.1001763,0,0,7.527793988,0,0,3455881,1,1,100
0,26,12,1,0,1,0,1,1,6191,1,1,0,0,0,0,1,1,0.985647479,676,21.37616547,0,0,8.730851904,0,0,38328481,1,1,144
0,31,12,1,0,0,0,1,1,7284,1,1,0,0,0,0,1,1,0.992464722,961,22.18172914,0,0,8.893435441,0,0,53056656,1,1,144
0,35,10,1,0,0,1,1,1,445,1,1,0,0,0,0,1,1,0.996533292,1225,11.15932933,0,0,6.098074282,0,0,198025,1,1,100
0,20,12,1,0,0,0,1,1,1,1,1,0,0,0,0,1,1,0.973046674,400,0,0,0,0,0,0,1,1,1,144
0,25,11,1,0,0,1,1,1,1,1,1,0,0,0,0,1,1,0.983961811,625,0,0,0,0,0,0,1,1,1,121
0,25,10,1,0,0,1,1,1,7367,1,1,0,0,0,0,1,1,0.983961811,625,22.23876018,0,0,8.904765847,0,0,54272689,1,1,100
0,35,11,1,0,0,1,1,1,1,1,1,0,0,0,0,1,1,0.996533292,1225,0,0,0,0,0,0,1,1,1,121
0,20,10,1,0,0,1,1,1,2015,1,1,0,0,0,0,1,1,0.973046674,400,16.41868639,0,0,7.608374474,0,0,4060225,1,1,100
0,25,9,0,1,0,1,1,1,15791,1,1,0,0,1,1,0,0,0.983961811,625,26.35902677,0,0,9.667195436,0,0,249355681,1,1,81
0,27,10,1,0,0,1,1,1,1135,1,1,0,0,0,0,1,1,0.987209979,729,14.24833296,0,0,7.03438793,0,0,1288225,1,1,100
0,20,11,0,1,0,1,1,1,6378,1,1,0,0,1,1,0,0,0.973046674,400,21.52183645,0,0,8.760609848,0,0,40678884,1,1,121
0,26,11,1,0,0,1,1,1,7176,1,1,0,0,0,0,1,1,0.985647479,676,22.10671838,0,0,8.878497404,0,0,51494976,1,1,121
0,38,8,1,0,0,1,1,1,1,1,1,0,0,0,0,1,1,0.999029822,1444,0,0,0,0,0,0,1,1,1,64
0,34,10,1,0,0,1,1,1,7952,1,1,0,0,0,0,1,1,0.995604658,1156,22.62646042,0,0,8.981178748,0,0,63234304,1,1,100
0,19,12,1,0,0,0,1,1,1,1,1,0,0,0,0,1,1,0.970185058,361,0,0,0,0,0,0,1,1,1,144
0,32,8,1,0,0,1,1,1,7152,1,1,0,0,0,0,1,1,0.993575852,1024,22.08992397,0,0,8.875147317,0,0,51151104,1,1,64
0,20,9,0,1,0,1,1,1,8329,1,1,0,0,1,1,0,0,0.973046674,400,22.86410888,0,0,9.02749868,0,0,69372241,1,1,81
0,23,10,1,0,0,1,1,1,1,1,1,0,0,0,0,1,1,0.980157371,529,0,0,0,0,0,0,1,1,1,100
0,38,10,1,0,0,1,1,1,12429,1,1,0,0,0,0,1,1,0.999029822,1444,25.00328733,0,0,9.427787731,0,0,154480041,1,1,100
0,24,11,1,0,0,1,1,1,1,1,1,0,0,0,0,1,1,0.982137733,576,0,0,0,0,0,0,1,1,1,121
0,23,11,1,0,0,1,1,1,5088,1,1,0,0,0,0,1,1,0.980157371,529,20.43512856,0,0,8.534640105,0,0,25887744,1,1,121
0,21,11,1,0,0,1,1,1,1553,1,1,0,0,0,0,1,1,0.975639416,441,15.40587241,0,0,7.347943823,0,0,2411809,1,1,121
0,25,10,1,0,0,1,1,1,1,1,1,0,0,0,0,1,1,0.983961811,625,0,0,0,0,0,0,1,1,1,100
0,22,11,1,0,1,1,1,1,1698,1,1,0,0,0,0,1,1,0.977999627,484,15.74763237,0,0,7.437206367,0,0,2883204,1,1,121
0,23,11,1,0,0,1,1,1,1,1,1,0,0,0,0,1,1,0.980157371,529,0,0,0,0,0,0,1,1,1,121
0,24,12,0,0,0,0,1,1,11294,1,1,0,0,0,0,0,0,0.982137733,576,24.47729421,0,0,9.33202689,0,0,127554436,1,1,144
0,29,11,1,0,0,1,1,1,1,1,1,0,0,0,0,1,1,0.990015998,841,0,0,0,0,0,0,1,1,1,121
0,24,11,1,0,0,1,1,1,14626,1,1,0,0,0,0,1,1,0.982137733,576,25.91859549,0,0,9.590556046,0,0,213919876,1,1,121
0,22,9,1,0,0,1,1,1,12898,1,1,0,0,0,0,1,1,0.977999627,484,25.20920478,0,0,9.46482754,0,0,166358404,1,1,81
0,28,11,1,0,0,1,1,1,5767,1,1,0,0,0,0,1,1,0.988662389,784,21.03203681,0,0,8.659907294,0,0,33258289,1,1,121
0,18,10,0,1,0,1,1,1,6527,1,1,0,0,1,1,0,0,0.967010209,324,21.63542423,0,0,8.783702699,0,0,42601729,1,1,100
0,26,10,1,0,0,1,1,1,3931,1,1,0,0,0,0,1,1,0.985647479,676,19.24774377,0,0,8.276649125,0,0,15452761,1,1,100
0,25,10,1,0,0,1,1,1,20942,1,1,0,0,0,0,1,1,0.983961811,625,28.03536566,0,0,9.949511991,0,0,438567364,1,1,100
0,24,10,1,0,0,1,1,1,1,1,1,0,0,0,0,1,1,0.982137733,576,0,0,0,0,0,0,1,1,1,100
0,36,10,1,0,0,1,1,1,14690,1,1,0,0,0,0,1,1,0.997411043,1296,25.94352298,0,0,9.594922269,0,0,215796100,1,1,100
0,22,11,1,0,0,1,1,1,1,1,1,0,0,0,0,1,1,0.977999627,484,0,0,0,0,0,0,1,1,1,121
0,25,12,1,0,0,0,1,1,3418,1,1,0,0,0,0,1,1,0.983961811,625,18.62702244,0,0,8.136810864,0,0,11682724,1,1,144
0,27,11,1,0,0,1,1,1,11197,1,1,0,0,0,0,1,1,0.987209979,729,24.43036255,0,0,9.323401164,0,0,125372809,1,1,121
0,29,8,1,0,0,1,1,1,1,1,1,0,0,0,0,1,1,0.990015998,841,0,0,0,0,0,0,1,1,1,64
0,24,12,1,0,0,0,1,1,1,1,1,0,0,0,0,1,1,0.982137733,576,0,0,0,0,0,0,1,1,1,144
0,22,10,1,0,0,1,1,1,1,1,1,0,0,0,0,1,1,0.977999627,484,0,0,0,0,0,0,1,1,1,100
0,29,12,1,0,0,0,1,1,1890,1,1,0,0,0,0,1,1,0.990015998,841,16.16516685,0,0,7.544332108,0,0,3572100,1,1,144
0,25,11,0,1,1,1,1,1,4485,1,1,0,0,1,1,0,0,0.983961811,625,19.84759781,0,0,8.408493774,0,0,20115225,1,1,121
0,30,12,1,0,0,0,1,1,13613,1,1,0,0,0,0,1,1,0.991280597,900,25.51163756,0,0,9.518780498,0,0,185313769,1,1,144
0,22,8,1,0,0,1,1,1,1390,1,1,0,0,0,0,1,1,0.977999627,484,14.98897061,0,0,7.237059026,0,0,1932100,1,1,64
0,20,10,1,0,0,1,1,1,8598,1,1,0,0,0,0,1,1,0.973046674,400,23.02835131,0,0,9.059284897,0,0,73925604,1,1,100
0,34,11,1,0,0,1,1,1,2920,1,1,0,0,0,0,1,1,0.995604658,1156,17.9466406,0,0,7.979338895,0,0,8526400,1,1,121
0,22,12,1,0,0,0,1,1,1,1,1,0,0,0,0,1,1,0.977999627,484,0,0,0,0,0,0,1,1,1,144
0,32,12,0,1,1,0,1,1,6735,1,1,0,0,1,1,0,0,0.993575852,1024,21.79049217,0,0,8.815073089,0,0,45360225,1,1,144
0,31,10,1,0,0,1,1,1,1,1,1,0,0,0,0,1,1,0.992464722,961,0,0,0,0,0,0,1,1,1,100
0,18,9,1,0,0,1,1,1,1,1,1,0,0,0,0,1,1,0.967010209,324,0,0,0,0,0,0,1,1,1,81
0,50,10,0,1,0,1,1,1,1,1,1,0,0,1,1,0,0,1.006054254,2500,0,0,0,0,0,0,1,1,1,100
0,25,11,1,0,1,1,1,1,44,1,1,0,0,0,0,1,1,0.983961811,625,5.441438804,0,0,3.784189634,0,0,1936,1,1,121
0,23,10,1,0,1,1,1,1,1,1,1,0,0,0,0,1,1,0.980157371,529,0,0,0,0,0,0,1,1,1,100
0,38,10,1,0,0,1,1,1,1,1,1,0,0,0,0,1,1,0.999029822,1444,0,0,0,0,0,0,1,1,1,100
0,25,10,1,0,1,1,1,1,3701,1,1,0,0,0,0,1,1,0.983961811,625,18.97818773,0,0,8.216358332,0,0,13697401,1,1,100
0,42,10,1,0,0,1,1,1,6930,1,1,0,0,0,0,1,1,1.001810867,1764,21.93234861,0,0,8.843615092,0,0,48024900,1,1,100
0,39,12,1,0,1,0,1,1,3795,1,1,0,0,0,0,1,1,0.999777798,1521,19.08996638,0,0,8.24143969,0,0,14402025,1,1,144
0,34,13,1,0,1,0,1,1,5193,1,1,0,0,0,0,1,1,0.995604658,1156,20.53153939,0,0,8.555066844,0,0,26967249,1,1,169
0,32,11,1,0,0,1,1,1,11120,1,1,0,0,0,0,1,1,0.993575852,1024,24.39287003,0,0,9.316500568,0,0,123654400,1,1,121
0,27,13,1,0,0,0,1,1,7609,1,1,0,0,0,0,1,1,0.987209979,729,22.40209362,0,0,8.937087036,0,0,57896881,1,1,169
0,26,10,1,0,0,1,1,1,2169,1,1,0,0,0,0,1,1,0.985647479,676,16.71389558,0,0,7.682021511,0,0,4704561,1,1,100
0,44,11,1,0,0,1,1,1,1,1,1,0,0,0,0,1,1,1.003014281,1936,0,0,0,0,0,0,1,1,1,121
0,25,11,1,0,0,1,1,1,1264,1,1,0,0,0,0,1,1,0.983961811,625,14.63832682,0,0,7.142036575,0,0,1597696,1,1,121
0,25,12,1,0,0,0,1,1,1,1,1,0,0,0,0,1,1,0.983961811,625,0,0,0,0,0,0,1,1,1,144
0,28,12,1,0,1,0,1,1,1,1,1,0,0,0,0,1,1,0.988662389,784,0,0,0,0,0,0,1,1,1,144
0,32,10,1,0,0,1,1,1,1,1,1,0,0,0,0,1,1,0.993575852,1024,0,0,0,0,0,0,1,1,1,100
0,22,10,1,0,0,1,1,1,1,1,1,0,0,0,0,1,1,0.977999627,484,0,0,0,0,0,0,1,1,1,100
0,19,9,1,0,0,1,1,1,5712,1,1,0,0,0,0,1,1,0.970185058,361,20.98589285,0,0,8.650324504,0,0,32626944,1,1,81
0,31,10,1,0,1,1,1,1,1,1,1,0,0,0,0,1,1,0.992464722,961,0,0,0,0,0,0,1,1,1,100
0,23,11,1,0,0,1,1,1,1,1,1,0,0,0,0,1,1,0.980157371,529,0,0,0,0,0,0,1,1,1,121
0,33,11,1,0,0,1,1,1,1,1,1,0,0,0,0,1,1,0.994620561,1089,0,0,0,0,0,0,1,1,1,121
0,27,10,1,0,0,1,1,1,1184,1,1,0,0,0,0,1,1,0.987209979,729,14.40054709,0,0,7.076653815,0,0,1401856,1,1,100
0,29,11,1,0,1,1,1,1,10225,1,1,0,0,0,0,1,1,0.990015998,841,23.94070951,0,0,9.232590981,0,0,104550625,1,1,121
0,23,10,1,0,0,1,1,1,1,1,1,0,0,0,0,1,1,0.980157371,529,0,0,0,0,0,0,1,1,1,100
0,25,9,1,0,1,1,1,1,4715,1,1,0,0,0,0,1,1,0.983961811,625,20.07891403,0,0,8.458504195,0,0,22231225,1,1,81
0,25,10,1,0,0,1,1,1,289,1,1,0,0,0,0,1,1,0.983961811,625,9.902809224,0,0,5.666426688,0,0,83521,1,1,100
0,24,10,1,0,0,1,1,1,1,1,1,0,0,0,0,1,1,0.982137733,576,0,0,0,0,0,0,1,1,1,100
0,28,8,0,0,0,1,1,1,8190,1,1,0,0,0,0,0,0,0.988662389,784,22.77753234,0,0,9.010669177,0,0,67076100,1,1,64
0,30,14,1,0,1,0,1,1,7344,1,1,0,0,0,0,1,1,0.991280597,900,22.22300929,0,0,8.901638932,0,0,53934336,1,1,196
0,25,10,1,0,1,1,1,1,1,1,1,0,0,0,0,1,1,0.983961811,625,0,0,0,0,0,0,1,1,1,100
0,29,11,1,0,1,1,1,1,1,1,1,0,0,0,0,1,1,0.990015998,841,0,0,0,0,0,0,1,1,1,121
0,25,12,1,0,1,0,1,1,1,1,1,0,0,0,0,1,1,0.983961811,625,0,0,0,0,0,0,1,1,1,144
0,28,13,1,0,0,0,1,1,1,1,1,0,0,0,0,1,1,0.988662389,784,0,0,0,0,0,0,1,1,1,169
0,23,11,1,0,0,1,1,1,4350,1,1,0,0,0,0,1,1,0.980157371,529,19.7072653,0,0,8.377931124,0,0,18922500,1,1,121
0,54,11,1,0,0,1,1,1,7812,1,1,0,0,0,0,1,1,1.007710416,2916,22.53585755,0,0,8.963416292,0,0,61027344,1,1,121
0,20,8,1,0,0,1,1,1,3644,1,1,0,0,0,0,1,1,0.973046674,400,18.90927044,0,0,8.200837258,0,0,13278736,1,1,64
0,45,9,1,0,0,1,1,1,4844,1,1,0,0,0,0,1,1,1.003576423,2025,20.20463702,0,0,8.485496105,0,0,23464336,1,1,81
0,26,12,1,0,0,0,1,1,1,1,1,0,0,0,0,1,1,0.985647479,676,0,0,0,0,0,0,1,1,1,144
0,23,10,1,0,0,1,1,1,1,1,1,0,0,0,0,1,1,0.980157371,529,0,0,0,0,0,0,1,1,1,100
0,27,12,0,0,0,0,1,1,14792,1,1,0,0,0,0,0,0,0.987209979,729,25.98306807,0,0,9.601841773,0,0,218803264,1,1,144
0,33,9,0,1,1,1,1,1,1,1,1,0,0,1,1,0,0,0.994620561,1089,0,0,0,0,0,0,1,1,1,81
0,25,10,1,0,1,1,1,1,1,1,1,0,0,0,0,1,1,0.983961811,625,0,0,0,0,0,0,1,1,1,100
0,23,8,1,0,0,1,1,1,3746,1,1,0,0,0,0,1,1,0.980157371,529,19.03198515,0,0,8.228443883,0,0,14032516,1,1,64
0,18,8,1,0,0,1,1,1,1568,1,1,0,0,0,0,1,1,0.967010209,324,15.44240976,0,0,7.357556201,0,0,2458624,1,1,64
0,17,8,1,0,0,1,1,1,7010,1,1,0,0,0,0,1,1,0.963467415,289,21.98960241,0,0,8.85509298,0,0,49140100,1,1,64
0,19,9,0,1,0,1,1,1,3811,1,1,0,0,1,1,0,0,0.970185058,361,19.10876633,0,0,8.245646901,0,0,14523721,1,1,81
0,18,8,0,1,0,1,1,1,10798,1,1,0,0,1,1,0,0,0.967010209,324,24.23374308,0,0,9.287116211,0,0,116596804,1,1,64
0,18,11,1,0,0,1,1,1,4657,1,1,0,0,0,0,1,1,0.967010209,324,20.02146807,0,0,8.446126743,0,0,21687649,1,1,121
0,17,11,1,0,0,1,1,1,8551,1,1,0,0,0,0,1,1,0.963467415,289,22.99996079,0,0,9.053803514,0,0,73119601,1,1,121
0,19,10,1,0,0,1,1,1,4309,1,1,0,0,0,0,1,1,0.970185058,361,19.66394041,0,0,8.368461138,0,0,18567481,1,1,100
0,19,10,1,0,0,1,1,1,5286,1,1,0,0,0,0,1,1,0.970185058,361,20.61560855,0,0,8.572817095,0,0,27941796,1,1,100
0,18,9,1,0,0,1,1,1,12486,1,1,0,0,0,0,1,1,0.967010209,324,25.0286496,0,0,9.432363296,0,0,155900196,1,1,81
0,18,9,1,0,0,1,1,1,10877,1,1,0,0,0,0,1,1,0.967010209,324,24.2731394,0,0,9.294405747,0,0,118309129,1,1,81
0,18,10,1,0,0,1,1,1,202,1,1,0,0,0,0,1,1,0.967010209,324,8.932443167,0,0,5.308267697,0,0,40804,1,1,100
0,17,10,1,0,0,1,1,1,2657,1,1,0,0,0,0,1,1,0.963467415,289,17.5480607,0,0,7.884952946,0,0,7059649,1,1,100
0,18,11,1,0,0,1,1,1,11303,1,1,0,0,0,0,1,1,0.967010209,324,24.48163195,0,0,9.332823456,0,0,127757809,1,1,121
0,19,10,0,1,0,1,1,1,1,1,1,0,0,1,1,0,0,0.970185058,361,0,0,0,0,0,0,1,1,1,100
0,18,9,1,0,0,1,1,1,1,1,1,0,0,0,0,1,1,0.967010209,324,0,0,0,0,0,0,1,1,1,81
0,17,10,1,0,0,1,1,1,1,1,1,0,0,0,0,1,1,0.963467415,289,0,0,0,0,0,0,1,1,1,100
0,17,10,1,0,0,1,1,1,2189,1,1,0,0,0,0,1,1,0.963467415,289,16.75096479,0,0,7.691200098,0,0,4791721,1,1,100
0,19,11,1,0,0,1,1,1,1,1,1,0,0,0,0,1,1,0.970185058,361,0,0,0,0,0,0,1,1,1,121
0,17,8,0,0,0,1,1,1,10210,1,1,0,0,0,0,0,0,0.963467415,289,23.93285975,0,0,9.231122911,0,0,104244100,1,1,64
0,18,10,1,0,0,1,1,1,11048,1,1,0,0,0,0,1,1,0.967010209,324,24.35761938,0,0,9.310004695,0,0,122058304,1,1,100
0,18,9,1,0,0,1,1,1,1,1,1,0,0,0,0,1,1,0.967010209,324,0,0,0,0,0,0,1,1,1,81
0,17,8,1,0,0,1,1,1,8993,1,1,0,0,0,0,1,1,0.963467415,289,23.26206354,0,0,9.104201776,0,0,80874049,1,1,64
0,19,10,0,0,0,1,1,1,3194,1,1,0,0,0,0,0,0,0.970185058,361,18.33177529,0,0,8.069029329,0,0,10201636,1,1,100
0,17,11,0,0,0,1,1,1,1,1,1,0,0,0,0,0,0,0.963467415,289,0,0,0,0,0,0,1,1,1,121
0,20,9,1,0,0,1,1,1,5193,1,1,0,0,0,0,1,1,0.973046674,400,20.53153939,0,0,8.555066844,0,0,26967249,1,1,81
0,17,9,1,0,0,1,1,1,1,1,1,0,0,0,0,1,1,0.963467415,289,0,0,0,0,0,0,1,1,1,81
0,17,10,1,0,0,1,1,1,275,1,1,0,0,0,0,1,1,0.963467415,289,9.764478538,0,0,5.616771098,0,0,75625,1,1,100
0,17,9,1,0,0,1,1,1,3590,1,1,0,0,0,0,1,1,0.963467415,289,18.84316169,0,0,8.185907481,0,0,12888100,1,1,81
0,19,11,1,0,0,1,1,1,1,1,1,0,0,0,0,1,1,0.970185058,361,0,0,0,0,0,0,1,1,1,121
0,19,10,1,0,1,1,1,1,12797,1,1,0,0,0,0,1,1,0.970185058,361,25.16538409,0,0,9.456966047,0,0,163763209,1,1,100
0,20,9,1,0,0,1,1,1,2035,1,1,0,0,0,0,1,1,0.973046674,400,16.4580473,0,0,7.618251098,0,0,4141225,1,1,81
0,18,9,1,0,0,1,1,1,2389,1,1,0,0,0,0,1,1,0.967010209,324,17.10718009,0,0,7.778630147,0,0,5707321,1,1,81
0,18,11,1,0,0,1,1,1,1,1,1,0,0,0,0,1,1,0.967010209,324,0,0,0,0,0,0,1,1,1,121
0,17,10,0,1,0,1,1,1,8469,1,1,0,0,1,1,0,0,0.963467415,289,22.95012116,0,0,9.044167717,0,0,71723961,1,1,100
0,19,11,1,0,0,1,1,1,1,1,1,0,0,0,0,1,1,0.970185058,361,0,0,0,0,0,0,1,1,1,121
0,17,10,1,0,0,1,1,1,1143,1,1,0,0,0,0,1,1,0.963467415,289,14.27354699,0,0,7.041411664,0,0,1306449,1,1,100
0,17,9,0,1,0,1,1,1,5114,1,1,0,0,1,1,0,0,0.963467415,289,20.45915232,0,0,8.539737156,0,0,26152996,1,1,81
0,18,10,1,0,0,1,1,1,781,1,1,0,0,0,0,1,1,0.967010209,324,12.95177017,0,0,6.66057515,0,0,609961,1,1,100
0,21,9,1,0,0,1,591,1,3343,0,1,5319,0,0,0,1,0,0.975639416,441,18.52997859,0,2.269328377,8.114623886,0,6.381816017,11175649,1,349281,81
0,18,10,1,0,0,1,1563,1,9602,0,1,15630,0,0,0,1,0,0.967010209,324,23.60644116,0,2.328700801,9.169726689,0,7.35436233,92198404,1,2442969,100
0,19,11,1,0,0,1,1626,1,1,0,1,17886,0,0,0,1,0,0.970185058,361,0,0,2.330650313,0,0,7.39387829,1,1,2643876,121
0,24,9,1,0,0,1,2788,1,16461,0,1,25092,0,0,0,1,0,0.982137733,576,26.60040338,0,2.354336485,9.708749226,0,7.933079772,270964521,1,7772944,81
0,28,11,0,1,1,1,3472,1,6771,0,1,38192,0,1,0,0,0,0.988662389,784,21.81693181,0,2.362578654,8.820404065,0,8.152486076,45846441,1,12054784,121
0,25,11,1,0,0,1,5281,1,1,0,1,58091,0,0,0,1,0,0.983961811,625,0,0,2.376420247,0,0,8.571870753,1,1,27888961,121
0,39,11,1,0,0,1,1,83,1,1,0,0,913,0,0,0,1,0.999777798,1521,0,2.653173035,0,0,4.418840608,0,1,6889,1,121
0,36,12,1,0,0,0,1,142,1,1,0,0,1704,0,0,0,1,0.997411043,1296,0,2.816195504,0,0,4.955827058,0,1,20164,1,144
0,24,12,1,0,0,0,1,159,1,1,0,0,1908,0,0,0,1,0.982137733,576,0,2.84777556,0,0,5.068904202,0,1,25281,1,144
0,17,11,1,0,0,1,989,165,4251,0,0,10879,1815,0,0,0,0,0.963467415,289,19.60207168,2.857924364,2.303675117,8.354909528,5.105945474,6.896694332,18071001,27225,978121,121
0,18,10,1,0,0,1,960,240,2891,0,0,9600,2400,0,0,0,0,0.967010209,324,17.90416769,2.955381832,2.30188019,7.969357742,5.480638923,6.866933284,8357881,57600,921600,100
0,18,10,1,0,0,1,1,273,5514,1,0,0,2730,0,0,0,1,0.967010209,324,20.8167048,2.986801042,0,8.615045592,5.609471795,0,30404196,74529,1,100
0,28,10,1,0,0,1,1471,367,4858,0,0,14710,3670,0,0,0,0,0.988662389,784,20.21811596,3.055178265,2.325646075,8.48838211,5.905361848,7.293697721,23600164,134689,2163841,100
0,27,13,0,0,0,0,5214,474,4812,0,0,67782,6162,0,0,0,0,0.987209979,729,20.17370787,3.110289922,2.376032863,8.478868077,6.161207322,8.559102594,23155344,224676,27185796,169
0,31,12,0,0,0,0,1,494,1,1,0,0,5928,0,0,0,0,0.992464722,961,0,3.118860603,0,0,6.202535517,0,1,244036,1,144
0,22,9,1,0,0,1,1,506,604,1,0,0,4554,0,0,0,1,0.977999627,484,12.11007613,3.123796767,0,6.403574198,6.226536669,0,364816,256036,1,81
0,31,10,1,0,0,1,1,520,14527,1,0,0,5200,0,0,0,1,0.992464722,961,25.87985936,3.129373254,0,9.583764266,6.253828812,0,211033729,270400,1,100
0,26,10,1,0,1,1,6140,558,1,0,0,61400,5580,0,0,0,0,0.985647479,676,0,3.143606275,2.380843438,0,6.324358962,8.722580021,1,311364,37699600,100
0,18,9,0,0,0,1,1,559,7300,1,0,0,5031,0,0,0,0,0.967010209,324,22.19276431,3.143964287,0,8.895629627,6.326149473,0,53290000,312481,1,81
0,23,11,1,0,0,1,6382,580,1,0,0,70202,6380,0,0,0,0,0.980157371,529,0,3.151301978,2.381934822,0,6.363028104,8.761236807,1,336400,40729924,121
0,20,12,1,0,0,0,1,591,4159,1,0,0,7092,0,0,0,1,0.973046674,400,19.50250308,3.155013788,0,8.33302994,6.381816017,0,17297281,349281,1,144
0,19,10,1,0,0,1,1,604,1,1,0,0,6040,0,0,0,1,0.970185058,361,0,3.159290297,0,0,6.403574198,0,1,364816,1,100
0,18,11,1,0,0,1,1064,645,5497,0,0,11704,7095,0,0,0,0,0.967010209,324,20.80194796,3.172056069,2.307992229,8.611957768,6.469250317,6.96979067,30217009,416025,1132096,121
0,17,10,1,0,0,1,1,664,1,1,0,0,6640,0,0,0,1,0.963467415,289,0,3.177631472,0,0,6.498282149,0,1,440896,1,100
0,27,12,1,0,1,0,1,752,1,1,0,0,9024,0,0,0,1,0.987209979,729,0,3.201070883,0,0,6.622736324,0,1,565504,1,144
0,27,11,1,0,0,1,3065,766,1,0,0,33715,8426,0,0,0,0,0.987209979,729,0,3.204482194,2.357985524,0,6.64118217,8.027802848,1,586756,9394225,121
0,28,12,0,0,0,0,1,803,16477,1,0,0,9636,0,0,0,0,0.988662389,784,26.60606855,3.213133627,0,9.709720748,6.688354714,0,271491529,644809,1,144
0,28,11,1,0,0,1,2431,863,1,0,0,26741,9493,0,0,0,0,0.988662389,784,0,3.226150523,2.348802004,0,6.760414691,7.796057974,1,744769,5909761,121
0,17,10,0,1,0,1,4905,1168,11306,0,0,49050,11680,0,0,0,0,0.963467415,289,24.48307723,3.278285065,2.374151142,9.333088837,7.063048163,8.498010372,127825636,1364224,24059025,100
0,26,11,1,0,0,1,4699,1174,6672,0,0,51689,12914,0,0,0,0,0.985647479,676,21.74394319,3.279133639,2.372801277,8.805674944,7.068172,8.455104999,44515584,1378276,22080601,121
0,29,9,1,0,0,1,1,1203,9378,1,0,0,10827,0,0,0,1,0.990015998,841,23.48190906,3.283159732,0,9.1461218,7.092573716,0,87946884,1447209,1,81
0,17,10,0,1,0,1,1203,1239,5088,0,0,12030,12390,0,0,0,0,0.963467415,289,20.43512856,3.287991478,2.314960233,8.534640105,7.122059882,7.092573716,25887744,1535121,1447209,100
0,22,11,1,0,0,1,7914,1321,2639,0,0,87054,14531,0,0,0,0,0.977999627,484,17.51961813,3.298368465,2.387704369,7.878155337,7.186144305,8.976388622,6964321,1745041,62631396,121
0,24,11,1,0,0,1,1,1327,9495,1,0,0,14597,0,0,0,1,0.982137733,576,23.54725486,3.299095886,0,9.158520623,7.190676034,0,90155025,1760929,1,121
0,20,12,1,0,0,0,557,1371,20893,0,0,6684,16452,0,0,0,0,0.973046674,400,28.02109957,3.304307229,2.264892689,9.947169454,7.22329568,6.32256524,436517449,1879641,310249,144
0,18,12,1,0,0,0,1,1405,1,1,0,0,16860,0,0,0,1,0.967010209,324,0,3.30819253,0,0,7.247792582,0,1,1974025,1,144
0,24,11,0,0,0,1,2669,1468,10361,0,0,29359,16148,0,0,0,0,0.982137733,576,24.01145395,3.31508924,2.352608055,9.245804036,7.291656209,7.889459149,107350321,2155024,7123561,121
0,21,9,0,0,0,1,2988,1577,1740,0,0,26892,14193,0,0,0,0,0.975639416,441,15.84215289,3.326186456,2.357019179,7.461640392,7.363279587,8.002359546,3027600,2486929,8928144,81
0,30,8,1,0,0,1,1,1706,1,1,0,0,13648,0,0,0,1,0.991280597,900,0,3.338138164,0,0,7.441906728,0,1,2910436,1,64
0,31,11,1,0,0,1,17711,1726,1,0,0,194821,18986,0,0,0,0,0.992464722,961,0,3.339889538,2.405318429,0,7.453561872,9.781941194,1,2979076,313679521,121
0,17,10,0,1,0,1,1442,1734,6354,0,0,14420,17340,0,0,0,0,0.963467415,289,21.50333782,3.340582974,2.324626854,8.756839815,7.458186157,7.273786318,40373316,3006756,2079364,100
0,19,9,1,0,0,1,8409,1778,7171,0,0,75681,16002,0,0,0,0,0.970185058,361,22.10322334,3.344326431,2.389241802,8.877800394,7.483244416,9.03705784,51423241,3161284,70711281,81
0,23,11,1,0,0,1,1,1896,5573,1,0,0,20856,0,0,0,1,0.980157371,529,20.86763254,3.353817446,0,8.625688788,7.547501683,0,31058329,3594816,1,121
0,22,12,1,0,0,0,4380,2003,439,0,0,52560,24036,0,0,0,0,0.977999627,484,11.11829463,3.361804267,2.370537775,6.084499413,7.602401336,8.384804003,192721,4012009,19184400,144
0,29,12,1,0,0,0,22859,2080,16969,0,0,274308,24960,0,0,0,0,0.990015998,841,26.77811346,3.367227734,2.409793796,9.739143429,7.640123173,10.03710019,287946961,4326400,522533881,144
0,22,10,1,0,0,1,1,2174,5344,1,0,0,21740,0,0,0,1,0.977999627,484,20.66742784,3.373516837,0,8.583729715,7.684324068,0,28558336,4726276,1,100
0,29,13,1,0,0,0,718,2265,2725,0,0,9334,29445,0,0,0,0,0.990015998,841,17.65410709,3.379288431,2.283168318,7.910223707,7.725330038,6.576469569,7425625,5130225,515524,169
0,19,11,1,0,0,1,721,2445,9772,0,0,7931,26895,0,0,0,0,0.970185058,361,23.69937478,3.389892069,2.283452915,9.187276432,7.801800402,6.580639137,95491984,5978025,519841,121
0,17,9,1,0,0,1,1,2595,1,1,0,0,23355,0,0,0,1,0.963467415,289,0,3.398006571,0,0,7.861341796,0,1,6734025,1,81
0,18,10,1,0,0,1,1716,2682,1,0,0,17160,26820,0,0,0,0,0.967010209,324,0,3.402448063,2.333257986,0,7.894318064,7.44775128,1,7193124,2944656,100
0,19,12,1,0,0,0,8417,2814,1720,0,0,101004,33768,0,0,0,0,0.970185058,361,15.79737876,3.408852666,2.389265597,7.45007957,7.942362238,9.038008749,2958400,7918596,70845889,144
0,33,11,1,0,0,1,10523,2899,18859,0,0,115753,31889,0,0,0,0,0.994620561,1089,27.40323283,3.412780627,2.394605615,9.844745533,7.972121129,9.261318617,355661881,8404201,110733529,121
0,36,11,0,1,0,1,5443,3063,1324,0,0,59873,33693,0,0,0,0,0.997411043,1296,14.80870433,3.419966158,2.377328963,7.188412736,8.027150107,8.602085658,1752976,9381969,29626249,121
0,25,11,1,0,0,1,15209,3072,284,0,0,167299,33792,0,0,0,0,0.983961811,625,9.854047908,3.420346452,2.402416462,5.648974238,8.030084094,9.629642637,80656,9437184,231313681,121
0,19,11,1,0,0,1,3504,3285,11195,0,0,38544,36135,0,0,0,0,0.970185058,361,24.42939139,3.428958755,2.362907482,9.323222529,8.097121931,8.161660452,125328025,10791225,12278016,121
0,23,8,1,0,0,1,7724,3403,1,0,0,61792,27224,0,0,0,0,0.980157371,529,0,3.433433843,2.387077797,0,8.132412675,8.952087644,1,11580409,59660176,64
0,17,11,1,0,0,1,4080,3796,1,0,0,44880,41756,0,0,0,0,0.963467415,289,0,3.447040328,2.368186523,0,8.24170316,8.313852267,1,14409616,16646400,121
0,43,10,1,0,0,1,2502,4128,7565,0,0,25020,41280,0,0,0,0,1.00242637,1849,22.37271599,3.457225371,2.349990591,8.931287626,8.325548307,7.824845691,57229225,17040384,6260004,100
0,26,11,1,0,1,1,1,4184,1,1,0,0,46024,0,0,0,1,0.985647479,676,0,3.458842028,0,0,8.339023006,0,1,17505856,1,121
0,27,11,1,0,1,1,1,4491,1,1,0,0,49401,0,0,0,1,0.987209979,729,0,3.467246828,0,0,8.409830673,0,1,20169081,1,121
0,19,11,1,0,0,1,6337,4503,1,0,0,69707,49533,0,0,0,0,0.970185058,361,0,3.467560618,2.381736331,0,8.41249912,8.754160749,1,20277009,40157569,121
0,28,11,1,0,1,1,8593,5393,4974,0,0,94523,59323,0,0,0,0,0.988662389,784,20.32859245,3.488283019,2.389781174,8.511979624,8.592857095,9.058703197,24740676,29084449,73839649,121
0,28,12,1,0,1,0,10585,5551,12780,0,0,127020,66612,0,0,0,0,0.988662389,784,25.15798052,3.491513344,2.394739629,9.455636728,8.621733371,9.267193184,163328400,30813601,112042225,144
0,26,8,1,0,0,1,1126,5562,3523,0,0,9008,44496,0,0,0,0,0.985647479,676,18.75999702,3.491733936,2.311249765,8.167068178,8.623713035,7.026426809,12411529,30935844,1267876,64
0,31,12,1,0,0,0,1,5613,1,1,0,0,67356,0,0,0,1,0.992464722,961,0,3.492749579,0,0,8.632840615,0,1,31505769,1,144
0,23,11,1,0,0,1,7617,5716,10274,0,0,83787,62876,0,0,0,0,0.980157371,529,23.96628658,3.494765919,2.386715301,9.237371711,8.651024539,8.93813787,105555076,32672656,58018689,121
0,20,12,1,0,0,0,7182,6004,4779,0,0,86184,72048,0,0,0,0,0.973046674,400,20.14163537,3.500170223,2.385164327,8.471986599,8.700181193,8.879333175,22838841,36048016,51581124,144
0,28,10,1,0,1,1,8293,6449,16988,0,0,82930,64490,0,0,0,0,0.988662389,784,26.78467519,3.507911168,2.388893145,9.740262491,8.771680359,9.023167064,288592144,41589601,68773849,100
0,39,12,1,0,1,0,19785,6608,499,0,0,237420,79296,0,0,0,0,0.999777798,1521,11.50959799,3.510516097,2.407318074,6.212606096,8.796036315,9.892679354,249001,43665664,391446225,144
0,22,11,1,0,0,1,8810,6974,3708,0,0,96910,76714,0,0,0,0,0.977999627,484,18.98659125,3.516224583,2.390396755,8.218247927,8.849944227,9.083642719,13749264,48636676,77616100,121
0,20,11,1,0,0,1,8009,7666,7659,0,0,88099,84326,0,0,0,0,0.973046674,400,22.43530902,3.526055347,2.38800977,8.943636706,8.944550246,8.988321188,58660281,58767556,64144081,121
0,21,11,0,1,0,1,2992,8920,20857,0,0,32912,98120,0,0,0,0,0.975639416,441,28.01060089,3.541313439,2.357070239,9.945444902,9.096051226,8.003697339,435014449,79566400,8952064,121
0,23,12,0,1,0,0,5721,8960,7078,0,0,68652,107520,0,0,0,0,0.980157371,529,22.03784922,3.541755174,2.378802854,8.864746661,9.100525506,8.651898894,50098084,80281600,32729841,144
0,29,9,1,0,0,1,9268,9160,1,0,0,83412,82440,0,0,0,0,0.990015998,841,0,3.543927331,2.391628554,0,9.122601458,9.134322886,1,83905600,85895824,81
0,28,9,1,0,1,1,10222,9210,1239,0,0,91998,82890,0,0,0,0,0.988662389,784,14.56537713,3.544461087,2.393938832,7.122059882,9.128045129,9.232297539,1535121,84824100,104489284,81
0,30,11,1,0,1,1,1,9311,3982,1,0,0,102421,0,0,0,1,0.991280597,900,19.30575965,3.545528269,0,8.289539485,9.138951776,0,15856324,86694721,1,121
0,25,10,1,0,1,1,13519,9319,1,0,0,135190,93190,0,0,0,0,0.983961811,625,0,3.545612177,2.40004501,0,9.139810606,9.511851382,1,86843761,182763361,100
0,28,11,1,0,1,1,824,10033,1,0,0,9064,110363,0,0,0,0,0.988662389,784,0,3.552756741,2.292315802,0,9.213634939,6.71417053,1,100661089,678976,121
0,44,9,1,0,1,1,12260,10857,12359,0,0,110340,97713,0,0,0,0,1.003014281,1936,24.97201013,3.560248432,2.397988536,9.422139822,9.292565312,9.414097209,152744881,117874449,150307600,81
0,28,11,1,0,0,1,17491,13371,1,0,0,192401,147081,0,0,0,0,0.988662389,784,0,3.579309688,2.405086993,0,9.500843462,9.769441742,1,178783641,305935081,121
1,37,11,1,0,1,1,1,1,9930,1,1,0,0,0,0,1,1,0.998241999,1369,23.78456951,0,0,9.203315757,0,0,98604900,1,1,121
1,22,9,0,1,0,1,1,1,3595,1,1,0,0,1,1,0,0,0.977999627,484,18.84931693,0,0,8.18729927,0,0,12924025,1,1,81
1,30,12,1,0,0,0,1,1,24909,1,1,0,0,0,0,1,1,0.991280597,900,29.10886138,0,0,10.12298446,0,0,620458281,1,1,144
1,27,11,1,0,0,1,1,1,7506,1,1,0,0,0,0,1,1,0.987209979,729,22.33310298,0,0,8.92345798,0,0,56340036,1,1,121
1,33,8,1,0,0,1,1,1,289,1,1,0,0,0,0,1,1,0.994620561,1089,9.902809224,0,0,5.666426688,0,0,83521,1,1,64
1,22,9,1,0,0,1,1,1,4056,1,1,0,0,0,0,1,1,0.977999627,484,19.38886757,0,0,8.307952545,0,0,16451136,1,1,81
1,23,12,1,0,0,0,1,1,1,1,1,0,0,0,0,1,1,0.980157371,529,0,0,0,0,0,0,1,1,1,144
1,32,11,1,0,0,1,1,1,8472,1,1,0,0,0,0,1,1,0.993575852,1024,22.95195151,0,0,9.044521887,0,0,71774784,1,1,121
1,33,12,0,0,1,0,1,1,12418,1,1,0,0,0,0,0,0,0.994620561,1089,24.99838191,0,0,9.426902312,0,0,154206724,1,1,144
1,19,9,1,0,0,1,1,1,8173,1,1,0,0,0,0,1,1,0.970185058,361,22.76686149,0,0,9.008591318,0,0,66797929,1,1,81
1,21,13,1,0,0,0,1,1,17094,1,1,0,0,0,0,1,1,0.975639416,441,26.82117285,0,0,9.746482804,0,0,292204836,1,1,169
1,18,8,1,0,0,1,1,1,1,1,1,0,0,0,0,1,1,0.967010209,324,0,0,0,0,0,0,1,1,1,64
1,27,10,1,0,1,1,1,1,18739,1,1,0,0,0,0,1,1,0.987209979,729,27.36510479,0,0,9.838362193,0,0,351150121,1,1,100
1,19,10,1,0,0,1,1,1,3228,1,1,0,0,0,0,1,1,0.970185058,361,18.37765905,0,0,8.079618029,0,0,10419984,1,1,100
1,27,13,1,0,0,0,1,1,14581,1,1,0,0,0,0,1,1,0.987209979,729,25.90101485,0,0,9.58747459,0,0,212605561,1,1,169
1,23,10,1,0,0,1,1,1,7693,1,1,0,0,0,0,1,1,0.980157371,529,22.45779427,0,0,8.948066103,0,0,59182249,1,1,100
1,40,12,1,0,0,0,1,1,10804,1,1,0,0,0,0,1,1,1.000488891,1600,24.23674347,0,0,9.287671715,0,0,116726416,1,1,144
1,26,12,1,0,0,0,1,1,10747,1,1,0,0,0,0,1,1,0.985647479,676,24.20818454,0,0,9.282381925,0,0,115498009,1,1,144
1,23,11,1,0,0,1,1,1,1,1,1,0,0,0,0,1,1,0.980157371,529,0,0,0,0,0,0,1,1,1,121
1,41,14,0,0,0,0,1,1,5149,1,1,0,0,0,0,0,0,1.001165773,1681,20.49133464,0,0,8.5465578,0,0,26512201,1,1,196
1,38,9,0,0,0,1,1,1,6408,1,1,0,0,0,0,0,0,0.999029822,1444,21.5448798,0,0,8.765302489,0,0,41062464,1,1,81
1,24,11,1,0,0,1,1,1,1991,1,1,0,0,0,0,1,1,0.982137733,576,16.37102901,0,0,7.596392304,0,0,3964081,1,1,121
1,18,10,1,0,0,1,1,1,11163,1,1,0,0,0,0,1,1,0.967010209,324,24.41383351,0,0,9.320360017,0,0,124612569,1,1,100
1,29,11,1,0,1,1,1,1,9642,1,1,0,0,0,0,1,1,0.990015998,841,23.62842831,0,0,9.173883835,0,0,92968164,1,1,121
1,25,11,1,0,0,1,1,1,9897,1,1,0,0,0,0,1,1,0.983961811,625,23.7668678,0,0,9.19998696,0,0,97950609,1,1,121
1,27,10,0,1,0,1,1,1,11142,1,1,0,0,1,1,0,0,0.987209979,729,24.40360381,0,0,9.318477031,0,0,124144164,1,1,100
1,17,10,1,0,0,1,1,1,16218,1,1,0,0,0,0,1,1,0.963467415,289,26.51380468,0,0,9.693877016,0,0,263023524,1,1,100
1,24,11,1,0,0,1,1,1,995,1,1,0,0,0,0,1,1,0.982137733,576,13.78165084,0,0,6.902742737,0,0,990025,1,1,121
1,17,10,1,0,0,1,1,1,1,1,1,0,0,0,0,1,1,0.963467415,289,0,0,0,0,0,0,1,1,1,100
1,25,11,1,0,1,1,1,1,1574,1,1,0,0,0,0,1,1,0.983961811,625,15.45694464,0,0,7.361375429,0,0,2477476,1,1,121
1,20,12,1,0,0,0,1,1,1,1,1,0,0,0,0,1,1,0.973046674,400,0,0,0,0,0,0,1,1,1,144
1,25,12,1,0,0,0,1,1,3191,1,1,0,0,0,0,1,1,0.983961811,625,18.32770757,0,0,8.068089626,0,0,10182481,1,1,144
1,42,14,1,0,0,0,1,1,20505,1,1,0,0,0,0,1,1,1.001810867,1764,27.90715798,0,0,9.928424038,0,0,420455025,1,1,196
1,23,12,1,0,1,0,1,1,5911,1,1,0,0,0,0,1,1,0.980157371,529,21.15116642,0,0,8.684570301,0,0,34939921,1,1,144
1,46,8,1,0,1,1,1,1,3094,1,1,0,0,0,0,1,1,1.004114462,2116,18.19446632,0,0,8.037220031,0,0,9572836,1,1,64
1,24,10,1,0,0,1,1,1,1,1,1,0,0,0,0,1,1,0.982137733,576,0,0,0,0,0,0,1,1,1,100
1,21,12,1,0,0,0,1,1,1254,1,1,0,0,0,0,1,1,0.975639416,441,14.60928988,0,0,7.134093721,0,0,1572516,1,1,144
1,19,9,0,0,0,1,1,1,13188,1,1,0,0,0,0,0,0,0.970185058,361,25.33348436,0,0,9.487062604,0,0,173923344,1,1,81
1,17,8,1,0,0,1,1,1,8061,1,1,0,0,0,0,1,1,0.963467415,289,22.69610169,0,0,8.994792897,0,0,64979721,1,1,64
1,18,8,0,1,1,1,1,1,2787,1,1,0,0,1,1,0,0,0.967010209,324,17.74892536,0,0,7.932721027,0,0,7767369,1,1,64
1,20,11,1,0,0,1,1,1,3972,1,1,0,0,0,0,1,1,0.973046674,400,19.29443211,0,0,8.287025025,0,0,15776784,1,1,121
1,25,11,1,0,1,1,1,1,1,1,1,0,0,0,0,1,1,0.983961811,625,0,0,0,0,0,0,1,1,1,121
1,17,8,1,0,0,1,1,1,1,1,1,0,0,0,0,1,1,0.963467415,289,0,0,0,0,0,0,1,1,1,64
1,17,9,1,0,0,1,1,1,1,1,1,0,0,0,0,1,1,0.963467415,289,0,0,0,0,0,0,1,1,1,81
1,23,12,1,0,0,0,1,1,4843,1,1,0,0,0,0,1,1,0.980157371,529,20.20367302,0,0,8.485289642,0,0,23454649,1,1,144
1,28,8,1,0,0,1,1,1,1,1,1,0,0,0,0,1,1,0.988662389,784,0,0,0,0,0,0,1,1,1,64
1,31,11,1,0,1,1,1,1,8087,1,1,0,0,0,0,1,1,0.992464722,961,22.71259945,0,0,8.998013113,0,0,65399569,1,1,121
1,18,11,1,0,0,1,1,1,1,1,1,0,0,0,0,1,1,0.967010209,324,0,0,0,0,0,0,1,1,1,121
1,25,12,1,0,0,0,1,1,2348,1,1,0,0,0,0,1,1,0.983961811,625,17.03620043,0,0,7.761319181,0,0,5513104,1,1,144
1,30,11,1,0,1,1,1,1,590,1,1,0,0,0,0,1,1,0.991280597,900,12.03520843,0,0,6.380122537,0,0,348100,1,1,121
1,17,10,1,0,0,1,1,1,1,1,1,0,0,0,0,1,1,0.963467415,289,0,0,0,0,0,0,1,1,1,100
1,37,9,1,0,0,1,1,1,1067,1,1,0,0,0,0,1,1,0.998241999,1369,14.02792725,0,0,6.972606251,0,0,1138489,1,1,81
1,42,14,1,0,1,0,1,1,13167,1,1,0,0,0,0,1,1,1.001810867,1764,25.32456032,0,0,9.485468978,0,0,173369889,1,1,196
1,22,11,0,0,0,1,1,1,1048,1,1,0,0,0,0,0,0,0.977999627,484,13.96429152,0,0,6.954638865,0,0,1098304,1,1,121
1,17,8,1,0,0,1,1,1,1,1,1,0,0,0,0,1,1,0.963467415,289,0,0,0,0,0,0,1,1,1,64
1,29,8,1,0,0,1,1,1,1923,1,1,0,0,0,0,1,1,0.990015998,841,16.23339866,0,0,7.561641746,0,0,3697929,1,1,64
1,35,10,1,0,0,1,1,1,4666,1,1,0,0,0,0,1,1,0.996533292,1225,20.03042034,0,0,8.448057453,0,0,21771556,1,1,100
1,27,11,1,0,0,1,1,1,549,1,1,0,0,0,0,1,1,0.987209979,729,11.8072601,0,0,6.308098442,0,0,301401,1,1,121
1,28,9,1,0,0,1,1,1,10694,1,1,0,0,0,0,1,1,0.988662389,784,24.18151831,0,0,9.277438116,0,0,114361636,1,1,81
1,27,11,1,0,0,1,1,1,1,1,1,0,0,0,0,1,1,0.987209979,729,0,0,0,0,0,0,1,1,1,121
1,29,13,1,0,0,0,1,1,7479,1,1,0,0,0,0,1,1,0.990015998,841,22.31488995,0,0,8.919854372,0,0,55935441,1,1,169
1,27,9,1,0,0,1,1,1,1,1,1,0,0,0,0,1,1,0.987209979,729,0,0,0,0,0,0,1,1,1,81
1,46,13,1,0,0,0,1,1,647,1,1,0,0,0,0,1,1,1.004114462,2116,12.3314735,0,0,6.472346295,0,0,418609,1,1,169
1,25,12,1,0,0,0,1,1,11965,1,1,0,0,0,0,1,1,0.983961811,625,24.79320923,0,0,9.389741,0,0,143161225,1,1,144
1,25,11,0,0,0,1,1,1,18783,1,1,0,0,0,0,0,0,0.983961811,625,27.37910821,0,0,9.840707484,0,0,352801089,1,1,121
1,22,12,1,0,0,0,1,1,18678,1,1,0,0,0,0,1,1,0.977999627,484,27.34564639,0,0,9.83510164,0,0,348867684,1,1,144
1,21,9,1,0,0,1,1,1,1,1,1,0,0,0,0,1,1,0.975639416,441,0,0,0,0,0,0,1,1,1,81
1,40,11,1,0,0,1,1,1,23005,1,1,0,0,0,0,1,1,1.000488891,1600,28.61258465,0,0,10.04346686,0,0,529230025,1,1,121
1,22,11,1,0,0,1,1,1,6456,1,1,0,0,0,0,1,1,0.977999627,484,21.58156617,0,0,8.77276521,0,0,41679936,1,1,121
1,25,12,1,0,0,0,1,1,1,1,1,0,0,0,0,1,1,0.983961811,625,0,0,0,0,0,0,1,1,1,144
1,18,12,1,0,0,0,1,1,2321,1,1,0,0,0,0,1,1,0.967010209,324,16.98890181,0,0,7.749753406,0,0,5387041,1,1,144
1,38,12,0,0,0,0,1,1,4941,1,1,0,0,0,0,0,0,0.999029822,1444,20.29738027,0,0,8.505323019,0,0,24413481,1,1,144
1,27,13,1,0,0,0,1,1,1,1,1,0,0,0,0,1,1,0.987209979,729,0,0,0,0,0,0,1,1,1,169
1,27,8,1,0,0,1,1,1,1,1,1,0,0,0,0,1,1,0.987209979,729,0,0,0,0,0,0,1,1,1,64
1,38,11,1,0,0,1,1,1,1,1,1,0,0,0,0,1,1,0.999029822,1444,0,0,0,0,0,0,1,1,1,121
1,23,8,0,1,0,1,1,1,3881,1,1,0,0,1,1,0,0,0.980157371,529,19.19026434,0,0,8.263848131,0,0,15062161,1,1,64
1,26,11,1,0,0,1,1,1,17230,1,1,0,0,0,0,1,1,0.985647479,676,26.86772975,0,0,9.75440733,0,0,296872900,1,1,121
1,21,12,0,0,0,0,1,1,8048,1,1,0,0,0,0,0,0,0.975639416,441,22.68783648,0,0,8.993178892,0,0,64770304,1,1,144
1,25,8,1,0,0,1,1,1,1,1,1,0,0,0,0,1,1,0.983961811,625,0,0,0,0,0,0,1,1,1,64
1,31,11,1,0,1,1,1,1,14509,1,1,0,0,0,0,1,1,0.992464722,961,25.87279323,0,0,9.582524426,0,0,210511081,1,1,121
1,17,10,1,0,0,1,1,1,1,1,1,0,0,0,0,1,1,0.963467415,289,0,0,0,0,0,0,1,1,1,100
1,25,11,1,0,0,1,1,1,1,1,1,0,0,0,0,1,1,0.983961811,625,0,0,0,0,0,0,1,1,1,121
1,21,12,1,0,0,0,1,1,9983,1,1,0,0,0,0,1,1,0.975639416,441,23.81289902,0,0,9.208638925,0,0,99660289,1,1,144
1,44,11,1,0,0,1,1,1,1,1,1,0,0,0,0,1,1,1.003014281,1936,0,0,0,0,0,0,1,1,1,121
1,25,12,0,0,0,0,1,1,5587,1,1,0,0,0,0,0,0,0.983961811,625,20.87965227,0,0,8.628197749,0,0,31214569,1,1,144
1,18,9,1,0,0,1,1,1,4482,1,1,0,0,0,0,1,1,0.967010209,324,19.8445171,0,0,8.407824654,0,0,20088324,1,1,81
1,42,12,1,0,0,0,1,1,2456,1,1,0,0,0,0,1,1,1.001810867,1764,17.22105419,0,0,7.806289289,0,0,6031936,1,1,144
1,25,10,1,0,0,1,1,1,1,1,1,0,0,0,0,1,1,0.983961811,625,0,0,0,0,0,0,1,1,1,100
1,31,9,0,1,0,1,1,1,26817,1,1,0,0,1,1,0,0,0.992464722,961,29.57595396,0,0,10.19679129,0,0,719151489,1,1,81
1,24,10,1,0,0,1,1,1,1,1,1,0,0,0,0,1,1,0.982137733,576,0,0,0,0,0,0,1,1,1,100
1,26,10,1,0,0,1,1,1,9265,1,1,0,0,0,0,1,1,0.985647479,676,23.41816083,0,0,9.133999139,0,0,85840225,1,1,100
1,25,11,1,0,0,1,1,1,485,1,1,0,0,0,0,1,1,0.983961811,625,11.42188693,0,0,6.184148891,0,0,235225,1,1,121
1,18,11,1,0,0,1,1,1,4814,1,1,0,0,0,0,1,1,0.967010209,324,20.17564586,0,0,8.479283618,0,0,23174596,1,1,121
1,19,11,1,0,0,1,1,1,7458,1,1,0,0,0,0,1,1,0.970185058,361,22.30068703,0,0,8.917042561,0,0,55621764,1,1,121
1,43,9,1,0,0,1,1,1,1,1,1,0,0,0,0,1,1,1.00242637,1849,0,0,0,0,0,0,1,1,1,81
1,17,9,1,0,0,1,1,1,1953,1,1,0,0,0,0,1,1,0.963467415,289,16.29460101,0,0,7.577121931,0,0,3814209,1,1,81
1,30,11,1,0,0,1,1,1,1,1,1,0,0,0,0,1,1,0.991280597,900,0,0,0,0,0,0,1,1,1,121
1,26,10,1,0,1,1,2027,1,1,0,1,20270,0,0,0,1,0,0.985647479,676,0,0,2.34096697,0,0,7.614312146,1,1,4108729,100
1,20,9,1,0,0,1,6083,1,8881,0,1,54747,0,0,0,1,0,0.973046674,400,23.19666323,0,2.380577531,9.091669442,0,8.713253274,78872161,1,37002889,81
1,17,9,0,1,0,1,445,74,6210,0,0,4005,666,0,0,0,0,0.963467415,289,21.39112935,2.615343763,2.247079175,8.733916175,4.304065093,6.098074282,38564100,5476,198025,81
1,20,12,1,0,0,0,989,165,1,0,0,11868,1980,0,0,0,0,0.973046674,400,0,2.857924364,2.303675117,0,5.105945474,6.896694332,1,27225,978121,144
1,18,11,1,0,0,1,858,214,929,0,0,9438,2354,0,0,0,0,0.967010209,324,13.54273223,2.926538641,2.294905625,6.834108739,5.365976015,6.754604099,863041,45796,736164,121
1,27,12,1,0,1,0,3670,334,1,0,0,44040,4008,0,0,0,0,0.987209979,729,0,3.033960897,2.364547842,0,5.811140993,8.207946941,1,111556,13468900,144
1,21,12,0,0,0,0,3670,334,12558,0,0,44040,4008,0,0,0,0,0.975639416,441,25.06055106,3.033960897,2.364547842,9.438113192,5.811140993,8.207946941,157703364,111556,13468900,144
1,27,12,1,0,0,0,2143,357,22163,0,0,25716,4284,0,0,0,0,0.987209979,729,28.38232753,3.049009845,2.343428038,10.00617951,5.877735782,7.669961995,491198569,127449,4592449,144
1,20,12,1,0,0,0,1,377,1652,1,0,0,4524,0,0,0,1,0.973046674,400,15.64188857,3.061139356,0,7.409741954,5.932245187,0,2729104,142129,1,144
1,19,10,1,0,0,1,1,385,8124,1,0,0,3850,0,0,0,1,0.970185058,361,22.73600235,3.065767184,0,9.002577923,5.953243334,0,65999376,148225,1,100
1,23,12,1,0,0,0,5506,501,671,0,0,66072,6012,0,0,0,0,0.980157371,529,12.44985404,3.121758066,2.377672133,6.508769137,6.216606101,8.613593686,450241,251001,30316036,144
1,29,14,1,0,0,0,1,679,17814,1,0,0,9506,0,0,0,1,0.990015998,841,27.06429543,3.181893595,0,9.787739944,6.520621128,0,317338596,461041,1,196
1,18,10,1,0,0,1,1,798,9737,1,0,0,7980,0,0,0,1,0.967010209,324,23.68035016,3.211994047,0,9.183688341,6.682108597,0,94809169,636804,1,100
1,19,9,1,0,0,1,1,798,17685,1,0,0,7182,0,0,0,1,0.970185058,361,27.02133476,3.211994047,0,9.780472102,6.682108597,0,312759225,636804,1,81
1,27,13,0,0,1,0,9381,853,1,0,0,121953,11089,0,0,0,0,0.987209979,729,0,3.224061289,2.391919349,0,6.748759547,9.146441646,1,727609,88003161,169
1,18,11,0,0,0,1,3678,919,4321,0,0,40458,10109,0,0,0,0,0.967010209,324,19.67665566,3.237314238,2.364624249,8.371242136,6.823286122,8.210124405,18671041,844561,13527684,121
1,27,9,1,0,1,1,1,934,1773,1,0,0,8406,0,0,0,1,0.987209979,729,15.91511779,3.240160254,0,7.480428306,6.839476438,0,3143529,872356,1,81
1,22,12,1,0,0,0,5605,936,1,0,0,67260,11232,0,0,0,0,0.977999627,484,0,3.240535389,2.378200375,0,6.841615476,8.631414336,1,876096,31416025,144
1,23,10,1,0,1,1,1,936,11233,1,0,0,9360,0,0,0,1,0.980157371,529,24.44781917,3.240535389,0,9.326611154,6.841615476,0,126180289,876096,1,100
1,23,12,0,1,0,0,9385,1117,559,0,0,112620,13404,0,0,0,0,0.980157371,529,11.86410995,3.270844035,2.391929552,6.326149473,7.018401799,9.146867949,312481,1247689,88078225,144
1,20,11,1,0,0,1,3637,1220,1085,0,0,40007,13420,0,0,0,0,0.973046674,400,14.08736396,3.285463674,2.364230165,6.989335266,7.106606138,8.198914445,1177225,1488400,13227769,121
1,17,9,1,0,0,1,1716,1253,5445,0,0,15444,11277,0,0,0,0,0.963467415,289,20.75657636,3.289823156,2.333257986,8.602453035,7.133295955,7.44775128,29648025,1570009,2944656,81
1,26,11,1,0,1,1,1,1392,1460,1,0,0,15312,0,0,0,1,0.985647479,676,15.17266303,3.306721042,0,7.286191715,7.238496841,0,2131600,1937664,1,121
1,20,11,1,0,0,1,16318,1484,6943,0,0,179498,16324,0,0,0,0,0.973046674,400,21.94168903,3.316781824,2.403779973,8.845489237,7.302496424,9.700024072,48205249,2202256,266277124,121
1,24,11,1,0,1,1,824,1666,4032,0,0,9064,18326,0,0,0,0,0.982137733,576,19.3620506,3.334556872,2.292315802,8.30201781,7.418180823,6.71417053,16257024,2775556,678976,121
1,31,9,1,0,0,1,1,1698,10363,1,0,0,15282,0,0,0,1,0.992464722,961,24.01248863,3.337430388,0,9.245997049,7.437206367,0,107391769,2883204,1,81
1,23,8,0,0,1,1,1,1713,4232,1,0,0,13704,0,0,0,0,0.980157371,529,19.58165411,3.338754062,0,8.350429974,7.446001498,0,17909824,2934369,1,64
1,18,10,1,0,0,1,2143,1784,11141,0,0,21430,17840,0,0,0,0,0.967010209,324,24.40311628,3.344827893,2.343428038,9.318387276,7.486613313,7.669961995,124121881,3182656,4592449,100
1,29,12,1,0,0,0,10881,1817,1,0,0,130572,21804,0,0,0,0,0.990015998,841,0,3.347548618,2.395364532,0,7.504942068,9.294773428,1,3301489,118396161,144
1,26,11,0,0,0,1,1,2226,13385,1,0,0,24486,0,0,0,0,0.985647479,676,25.41663897,3.376851163,0,9.501889956,7.707961532,0,179158225,4955076,1,121
1,24,9,1,0,0,1,9154,2288,4849,0,0,82386,20592,0,0,0,0,0.982137733,576,20.20945458,3.38070125,2.391330081,8.486527777,7.735433352,9.121946221,23512801,5234944,83795716,81
1,25,12,1,0,0,0,14426,2409,1,0,0,173112,28908,0,0,0,0,0.983961811,625,0,3.387851319,2.401366432,0,7.786967003,9.576787413,1,5803281,208109476,144
1,24,10,1,0,0,1,4250,2421,1660,0,0,42500,24210,0,0,0,0,0.982137733,576,15.66045045,3.388535796,2.369547623,7.414572881,7.791935957,8.354674262,2755600,5861241,18062500,100
1,46,8,1,0,0,1,3165,2594,1,0,0,25320,20752,0,0,0,0,1.004114462,2116,0,3.397954437,2.35919067,0,7.860956365,8.059908335,1,6728836,10017225,64
1,31,12,0,0,0,0,1,2611,2484,1,0,0,31332,0,0,0,0,0.992464722,961,17.26789122,3.398837293,0,7.817625443,7.867488569,0,6170256,6817321,1,144
1,19,11,1,0,0,1,2305,2615,4146,0,0,25355,28765,0,0,0,0,0.970185058,361,19.4882886,3.399043976,2.346567464,8.329899293,7.869019376,7.742835955,17189316,6838225,5313025,121
1,19,8,1,0,0,1,1,2657,9970,1,0,0,21256,0,0,0,1,0.970185058,361,23.80596169,3.401190485,0,9.207335863,7.884952946,0,99400900,7059649,1,64
1,27,11,1,0,0,1,2206,2666,1,0,0,24266,29326,0,0,0,0,0.987209979,729,0,3.401644917,2.344687445,0,7.888334501,7.6989362,1,7107556,4866436,121
1,26,11,1,0,1,1,1,2754,26372,1,0,0,30294,0,0,0,1,0.985647479,676,29.46950723,3.405989252,0,10.18005812,7.920809679,0,695482384,7584516,1,121
1,20,10,1,0,0,1,5005,2777,5615,0,0,50050,27770,0,0,0,0,0.973046674,400,20.90361799,3.407096062,2.37477798,8.633196867,7.929126487,8.518192692,31528225,7711729,25050025,100
1,28,10,1,0,0,1,1,2836,3196,1,0,0,28360,0,0,0,1,0.988662389,784,18.33448538,3.409883456,0,8.069655307,7.950149888,0,10214416,8042896,1,100
1,24,12,1,0,0,0,13765,2842,6167,0,0,165180,34104,0,0,0,0,0.982137733,576,21.35720991,3.41016284,2.400415493,8.726967775,7.952263309,9.529884418,38031889,8076964,189475225,144
1,19,8,1,0,0,1,2636,2937,7535,0,0,21088,23496,0,0,0,0,0.970185058,361,22.3526055,3.414490208,2.352109415,8.927314111,7.985143931,7.877017896,56776225,8625969,6948496,64
1,23,12,1,0,0,0,6269,3039,8484,0,0,75228,36468,0,0,0,0,0.980157371,529,22.95926759,3.41894515,2.381432594,9.045937316,8.019283793,8.743372131,71978256,9235521,39300361,144
1,42,9,1,0,1,1,1,3058,1294,1,0,0,27522,0,0,0,1,1.001810867,1764,14.72432382,3.419754278,0,7.165493475,8.025516386,0,1674436,9351364,1,81
1,25,13,1,0,0,0,12362,3090,1,0,0,160706,40170,0,0,0,0,0.983961811,625,0,3.421102863,2.398166035,0,8.03592637,9.42238253,1,9548100,152819044,169
1,18,9,1,0,0,1,1,3287,5010,1,0,0,29583,0,0,0,1,0.967010209,324,20.36244941,3.429036276,0,8.519191194,8.097730574,0,25100100,10804369,1,81
1,21,12,1,0,0,0,6473,3332,9371,0,0,77676,39984,0,0,0,0,0.975639416,441,23.47797837,3.430765009,2.382330256,9.145375093,8.111328003,8.775394959,87815641,11102224,41899729,144
1,27,10,1,0,0,1,1001,3550,1,0,0,10010,35500,0,0,0,0,0.987209979,729,0,3.438743837,2.304396314,0,8.174702882,6.908754779,1,12602500,1002001,100
1,21,8,1,0,0,1,989,3695,4279,0,0,7912,29560,0,0,0,0,0.975639416,441,19.63202502,3.443718026,2.303675117,8.361474616,8.214735833,6.896694332,18309841,13653025,978121,64
1,22,9,1,0,0,1,2192,3836,3462,0,0,19728,34524,0,0,0,0,0.977999627,484,18.68314651,3.448325575,2.344411988,8.149601736,8.252185436,7.692569648,11985444,14714896,4804864,81
1,24,10,1,0,1,1,11703,4078,1,0,0,117030,40780,0,0,0,0,0.982137733,576,0,3.455758504,2.39698121,0,8.313361951,9.367600498,1,16630084,136960209,100
1,29,10,1,0,0,1,1,4398,1,1,0,0,43980,0,0,0,1,0.990015998,841,0,3.464778737,0,0,8.388905171,0,1,19342404,1,100
1,29,12,1,0,0,0,9748,4878,10976,0,0,116976,58536,0,0,0,0,0.990015998,841,24.32218021,3.476868783,2.392830765,9.30346635,8.492490579,9.184817415,120472576,23794884,95023504,144
1,19,10,0,0,0,1,1,5324,13829,1,0,0,53240,0,0,0,0,0.970185058,361,25.60044255,3.486834835,0,9.534523115,8.57998018,0,191241241,28344976,1,100
1,19,11,0,1,1,1,5424,5463,6788,0,0,59664,60093,0,0,0,0,0.970185058,361,21.82937723,3.48972863,2.377224368,8.822911626,8.605753368,8.59858883,46076944,29844369,29419776,121
1,31,9,1,0,0,1,10717,5517,9558,0,0,96453,49653,0,0,0,0,0.992464722,961,23.58216853,3.490828031,2.395021303,9.165133779,8.615589513,9.279586545,91355364,30437289,114854089,81
1,22,10,1,0,1,1,1468,5588,13228,0,0,14680,55880,0,0,0,0,0.977999627,484,25.35045041,3.492253168,2.325541955,9.490091074,8.62837672,7.291656209,174979984,31225744,2155024,100
1,21,9,1,0,0,1,6416,5749,743,0,0,57744,51741,0,0,0,0,0.975639416,441,12.78532622,3.49540231,2.38208349,6.610696045,8.656781206,8.76655015,552049,33051001,41165056,81
1,17,10,1,0,0,1,1291,5793,5522,0,0,12910,57930,0,0,0,0,0.963467415,289,20.82363631,3.496243739,2.318811472,8.616495392,8.664405571,7.163172391,30492484,33558849,1666681,100
1,26,12,1,0,1,0,8408,5794,1424,0,0,100896,69528,0,0,0,0,0.985647479,676,15.07911548,3.496262769,2.389238825,7.261225092,8.664578178,9.036938913,2027776,33570436,70694464,144
1,20,9,0,1,0,1,12260,5875,1358,0,0,110340,52875,0,0,0,0,0.973046674,400,14.90246457,3.497790667,2.397988536,7.213768308,8.678461339,9.414097209,1844164,34515625,150307600,81
1,19,10,1,0,0,1,4121,6056,1,0,0,41210,60560,0,0,0,0,0.970185058,361,0,3.501111355,2.368522008,0,8.708804795,8.323851131,1,36675136,16982641,100
1,28,11,1,0,0,1,1929,6871,1,0,0,21219,75581,0,0,0,0,0.988662389,784,0,3.514656783,2.338727895,0,8.835064935,7.564757013,1,47210641,3721041,121
1,22,12,0,1,1,0,492,7055,10092,0,0,5904,84660,0,0,0,0,0.977999627,484,23.87077687,3.517437249,2.255248338,9.21949831,8.861491864,6.198478716,101848464,49773025,242064,144
1,33,11,1,0,0,1,1,7867,6281,1,0,0,86537,0,0,0,1,0.994620561,1089,21.44671747,3.528703819,0,8.745284482,8.970432074,0,39450961,61889689,1,121
1,22,12,0,0,0,0,6759,8455,12590,0,0,81108,101460,0,0,0,0,0.977999627,484,25.07468146,3.535988562,2.383523765,9.440658127,9.042513261,8.818630229,158508100,71487025,45684081,144
1,29,10,0,1,0,1,1,8853,5112,1,0,0,88530,0,1,0,0,0.990015998,841,20.45730789,3.540567937,0,8.539345996,9.088511664,0,26132544,78375609,1,100
1,33,12,1,0,1,0,20279,10941,15952,0,0,243348,131292,0,0,0,0,0.994620561,1089,26.41778336,3.560971927,2.407751234,9.677339492,9.300272479,9.917341147,254466304,119705481,411237841,144
1,35,9,1,0,1,1,13602,13830,12803,0,0,122418,124470,0,0,0,0,0.996533292,1225,25.16799519,3.58230459,2.400171064,9.457434797,9.534595425,9.51797212,163916809,191268900,185014404,81