treat,age,education,black,hispanic,married,nodegree,re74,re75,re78,u74,u75,ageboxcox,agesq,re78boxcox,re75boxcox,re74boxcox,lnre78,lnre75,lnre74,re78sq,re75sq,re74sq,educsq
0,23,10,1,0,0,1,1.0,1,1,1,1,0.9053122666312631,529,0.0,0.0,0.0,0.0,0.0,0.0,1,1,1.0,100
0,26,12,0,0,0,0,1.0,1,12383,1,1,0.9093818367743478,676,24.340581533883142,0.0,0.0,9.424079843215099,0.0,0.0,153338689,1,1.0,144
0,18,9,1,0,0,1,1.0,1,10740,1,1,0.8953939766636289,324,23.593550836661116,0.0,0.0,9.281730368062856,0.0,0.0,115347600,1,1.0,81
0,45,11,1,0,0,1,1.0,1,11796,1,1,0.9222895370571822,2025,24.0836027753123,0.0,0.0,9.375515769935166,0.0,0.0,139145616,1,1.0,121
0,18,9,1,0,0,1,1.0,1,9227,1,1,0.8953939766636289,324,22.817213605281022,0.0,0.0,9.129889247578555,0.0,0.0,85137529,1,1.0,81
0,24,8,0,0,0,1,1.0,1,10569,1,1,0.9067855800545518,576,23.510499446965355,0.0,0.0,9.265680467009346,0.0,0.0,111703761,1,1.0,64
0,34,11,1,0,1,1,1.0,1,6040,1,1,0.9166319988781576,1156,20.758073512972974,0.0,0.0,8.706159290928861,0.0,0.0,36481600,1,1.0,121
0,24,4,0,1,0,1,1.0,1,3880,1,1,0.9067855800545518,576,18.766282655970702,0.0,0.0,8.263590432617319,0.0,0.0,15054400,1,1.0,16
0,36,10,1,0,0,1,1.0,1,1,1,1,0.9179266823269588,1296,0.0,0.0,0.0,0.0,0.0,0.0,1,1,1.0,100
0,21,14,1,0,0,0,1.0,1,5775,1,1,0.9019298153935923,441,20.548963452820992,0.0,0.0,8.661293535389994,0.0,0.0,33350625,1,1.0,196
0,28,9,1,0,0,1,1.0,1,1,1,1,0.9115959854982888,784,0.0,0.0,0.0,0.0,0.0,0.0,1,1,1.0,81
0,27,7,1,0,1,1,1.0,1,1,1,1,0.9105312553354892,729,0.0,0.0,0.0,0.0,0.0,0.0,1,1,1.0,49
0,20,8,1,0,0,1,1.0,1,1,1,1,0.8999760509952477,400,0.0,0.0,0.0,0.0,0.0,0.0,1,1,1.0,64
0,34,12,1,0,0,0,1.0,1,2113,1,1,0.9166319988781576,1156,16.27372846807538,0.0,0.0,7.655864017616056,0.0,0.0,4464769,1,1.0,144
0,24,10,1,0,0,1,1.0,1,7618,1,1,0.9067855800545518,576,21.866848878082912,0.0,0.0,8.938269147038548,0.0,0.0,58033924,1,1.0,100
0,22,8,0,1,0,1,1.0,1,9920,1,1,0.9037004289852875,484,23.18487348051976,0.0,0.0,9.20230820027892,0.0,0.0,98406400,1,1.0,64
0,25,11,1,0,0,1,1.0,1,4196,1,1,0.9081373321252342,625,19.10737897752415,0.0,0.0,8.341886969516187,0.0,0.0,17606416,1,1.0,121
0,39,9,1,0,0,1,1.0,1,1,1,1,0.9196121717496035,1521,0.0,0.0,0.0,0.0,0.0,0.0,1,1,1.0,81
0,19,9,1,0,1,1,1.0,1,16658,1,1,0.8978095367379674,361,25.95879546376365,0.0,0.0,9.720645860495285,0.0,0.0,277488964,1,1.0,81
0,44,9,1,0,0,1,1.0,1,9722,1,1,0.9218956204590996,1936,23.082041836598528,0.0,0.0,9.1821466376054,0.0,0.0,94517284,1,1.0,81
0,27,8,1,0,0,1,1.0,1,3783,1,1,0.9105312553354892,729,18.656995422141346,0.0,0.0,8.23827262463303,0.0,0.0,14311089,1,1.0,64
0,25,8,1,0,0,1,1.0,1,3515,1,1,0.9081373321252342,625,18.342582967950673,0.0,0.0,8.164794804244766,0.0,0.0,12355225,1,1.0,64
0,31,10,1,0,0,1,1.0,1,17014,1,1,0.9143656086563898,961,26.07745988811203,0.0,0.0,9.74179181353583,0.0,0.0,289476196,1,1.0,100
0,34,10,1,0,1,1,1.0,1,1,1,1,0.9166319988781576,1156,0.0,0.0,0.0,0.0,0.0,0.0,1,1,1.0,100
0,21,7,0,1,0,1,1.0,1,1,1,1,0.9019298153935923,441,0.0,0.0,0.0,0.0,0.0,0.0,1,1,1.0,49
0,33,12,1,0,0,0,1.0,1,5970,1,1,0.9159238027754657,1089,20.70358223487686,0.0,0.0,8.694502206386648,0.0,0.0,35640900,1,1.0,144
0,18,10,0,1,0,1,1.0,1,1859,1,1,0.8953939766636289,324,15.781843910507616,0.0,0.0,7.527793987721444,0.0,0.0,3455881,1,1.0,100
0,26,12,1,0,1,0,1.0,1,6191,1,1,0.9093818367743478,676,20.87387214525614,0.0,0.0,8.730851903519232,0.0,0.0,38328481,1,1.0,144
0,31,12,1,0,0,0,1.0,1,7284,1,1,0.9143656086563898,961,21.64911137175574,0.0,0.0,8.8934354408475,0.0,0.0,53056656,1,1.0,144
0,35,10,1,0,0,1,1.0,1,445,1,1,0.9172984413555453,1225,10.986047876766754,0.0,0.0,6.09807428216624,0.0,0.0,198025,1,1.0,100
0,20,12,1,0,0,0,1.0,1,1,1,1,0.8999760509952477,400,0.0,0.0,0.0,0.0,0.0,0.0,1,1,1.0,144
0,25,11,1,0,0,1,1.0,1,1,1,1,0.9081373321252342,625,0.0,0.0,0.0,0.0,0.0,0.0,1,1,1.0,121
0,25,10,1,0,0,1,1.0,1,7367,1,1,0.9081373321252342,625,21.703974868653408,0.0,0.0,8.904765846682814,0.0,0.0,54272689,1,1.0,100
0,20,10,1,0,0,1,1.0,1,2015,1,1,0.8999760509952477,400,16.09002933650867,0.0,0.0,7.608374474380783,0.0,0.0,4060225,1,1.0,100
0,25,9,0,1,0,1,1.0,1,15791,1,1,0.9081373321252342,625,25.660824019630674,0.0,0.0,9.667195436466644,0.0,0.0,249355681,1,1.0,81
0,27,10,1,0,0,1,1.0,1,1135,1,1,0.9105312553354892,729,13.987816275204896,0.0,0.0,7.034387929915503,0.0,0.0,1288225,1,1.0,100
0,20,11,0,1,0,1,1.0,1,6378,1,1,0.8999760509952477,400,21.01410030138312,0.0,0.0,8.760609847570002,0.0,0.0,40678884,1,1.0,121
0,26,11,1,0,0,1,1.0,1,7176,1,1,0.9093818367743478,676,21.576947378571756,0.0,0.0,8.878497403738631,0.0,0.0,51494976,1,1.0,121
0,38,8,1,0,0,1,1.0,1,1,1,1,0.9190808704349819,1444,0.0,0.0,0.0,0.0,0.0,0.0,1,1,1.0,64
0,34,10,1,0,0,1,1.0,1,7952,1,1,0.9166319988781576,1156,22.076868635951467,0.0,0.0,8.98117874833641,0.0,0.0,63234304,1,1.0,100
0,19,12,1,0,0,0,1.0,1,1,1,1,0.8978095367379674,361,0.0,0.0,0.0,0.0,0.0,0.0,1,1,1.0,144
0,32,8,1,0,0,1,1.0,1,7152,1,1,0.9151698491940835,1024,21.560789695756867,0.0,0.0,8.87514731685335,0.0,0.0,51151104,1,1.0,64
0,20,9,0,1,0,1,1.0,1,8329,1,1,0.8999760509952477,400,22.305380170626947,0.0,0.0,9.02749867993534,0.0,0.0,69372241,1,1.0,81
0,23,10,1,0,0,1,1.0,1,1,1,1,0.9053122666312631,529,0.0,0.0,0.0,0.0,0.0,0.0,1,1,1.0,100
0,38,10,1,0,0,1,1.0,1,12429,1,1,0.9190808704349819,1444,24.360293014380904,0.0,0.0,9.42778773074551,0.0,0.0,154480041,1,1.0,100
0,24,11,1,0,0,1,1.0,1,1,1,1,0.9067855800545518,576,0.0,0.0,0.0,0.0,0.0,0.0,1,1,1.0,121
0,23,11,1,0,0,1,1.0,1,5088,1,1,0.9053122666312631,529,19.967552454560117,0.0,0.0,8.534640105019959,0.0,0.0,25887744,1,1.0,121
0,20,7,0,1,0,1,1.0,1,4374,1,1,0.8999760509952477,400,19.29030532635348,0.0,0.0,8.383433201236713,0.0,0.0,19131876,1,1.0,49
0,21,11,1,0,0,1,1.0,1,1553,1,1,0.9019298153935923,441,15.109666382040063,0.0,0.0,7.347943823148687,0.0,0.0,2411809,1,1.0,121
0,25,10,1,0,0,1,1.0,1,1,1,1,0.9081373321252342,625,0.0,0.0,0.0,0.0,0.0,0.0,1,1,1.0,100
0,22,11,1,0,1,1,1.0,1,1698,1,1,0.9037004289852875,484,15.44060077732513,0.0,0.0,7.437206366871292,0.0,0.0,2883204,1,1.0,121
0,23,11,1,0,0,1,1.0,1,1,1,1,0.9053122666312631,529,0.0,0.0,0.0,0.0,0.0,0.0,1,1,1.0,121
0,24,12,0,0,0,0,1.0,1,11294,1,1,0.9067855800545518,576,23.85534949164399,0.0,0.0,9.332026890232783,0.0,0.0,127554436,1,1.0,144
0,29,11,1,0,0,1,1.0,1,1,1,1,0.9125849690064383,841,0.0,0.0,0.0,0.0,0.0,0.0,1,1,1.0,121
0,24,11,1,0,0,1,1.0,1,14626,1,1,0.9067855800545518,576,25.238476254663684,0.0,0.0,9.590556045830896,0.0,0.0,213919876,1,1.0,121
0,22,9,1,0,0,1,1.0,1,12898,1,1,0.9037004289852875,484,24.55791285548847,0.0,0.0,9.464827539570322,0.0,0.0,166358404,1,1.0,81
0,28,11,1,0,0,1,1.0,1,5767,1,1,0.9115959854982888,784,20.542528911719046,0.0,0.0,8.659907293615413,0.0,0.0,33258289,1,1.0,121
0,18,10,0,1,0,1,1.0,1,6527,1,1,0.8953939766636289,324,21.123431431697536,0.0,0.0,8.783702698635217,0.0,0.0,42601729,1,1.0,100
0,26,10,1,0,0,1,1.0,1,3931,1,1,0.9093818367743478,676,18.822844016775118,0.0,0.0,8.27664912542186,0.0,0.0,15452761,1,1.0,100
0,24,10,1,0,0,1,1.0,1,1,1,1,0.9067855800545518,576,0.0,0.0,0.0,0.0,0.0,0.0,1,1,1.0,100
0,26,5,1,0,0,1,1.0,1,1,1,1,0.9093818367743478,676,0.0,0.0,0.0,0.0,0.0,0.0,1,1,1.0,25
0,36,10,1,0,0,1,1.0,1,14690,1,1,0.9179266823269588,1296,25.262384023139674,0.0,0.0,9.594922269167922,0.0,0.0,215796100,1,1.0,100
0,22,11,1,0,0,1,1.0,1,1,1,1,0.9037004289852875,484,0.0,0.0,0.0,0.0,0.0,0.0,1,1,1.0,121
0,25,12,1,0,0,0,1.0,1,3418,1,1,0.9081373321252342,625,18.223911984258898,0.0,0.0,8.136810863675537,0.0,0.0,11682724,1,1.0,144
0,27,11,1,0,0,1,1.0,1,11197,1,1,0.9105312553354892,729,23.810285714520738,0.0,0.0,9.323401164260197,0.0,0.0,125372809,1,1.0,121
0,29,8,1,0,0,1,1.0,1,1,1,1,0.9125849690064383,841,0.0,0.0,0.0,0.0,0.0,0.0,1,1,1.0,64
0,24,12,1,0,0,0,1.0,1,1,1,1,0.9067855800545518,576,0.0,0.0,0.0,0.0,0.0,0.0,1,1,1.0,144
0,22,10,1,0,0,1,1.0,1,1,1,1,0.9037004289852875,484,0.0,0.0,0.0,0.0,0.0,0.0,1,1,1.0,100
0,24,7,1,0,0,1,1.0,1,1455,1,1,0.9067855800545518,576,14.871292846836324,0.0,0.0,7.282761179605593,0.0,0.0,2117025,1,1.0,49
0,29,12,1,0,0,0,1.0,1,1890,1,1,0.9125849690064383,841,15.844736559239502,0.0,0.0,7.5443321080536885,0.0,0.0,3572100,1,1.0,144
0,25,11,0,1,1,1,1.0,1,4485,1,1,0.9081373321252342,625,19.401299106976236,0.0,0.0,8.408493774492896,0.0,0.0,20115225,1,1.0,121
0,55,3,1,0,0,1,1.0,1,5843,1,1,0.9254186317820597,3025,20.603362974758124,0.0,0.0,8.672999642554437,0.0,0.0,34140649,1,1.0,9
0,34,11,1,0,0,1,1.0,1,2920,1,1,0.9166319988781576,1156,17.56698887814848,0.0,0.0,7.979338895262328,0.0,0.0,8526400,1,1.0,121
0,22,12,1,0,0,0,1.0,1,1,1,1,0.9037004289852875,484,0.0,0.0,0.0,0.0,0.0,0.0,1,1,1.0,144
0,32,12,0,1,1,0,1.0,1,6735,1,1,0.9151698491940835,1024,21.272670560571875,0.0,0.0,8.815073088844464,0.0,0.0,45360225,1,1.0,144
0,31,10,1,0,0,1,1.0,1,1,1,1,0.9143656086563898,961,0.0,0.0,0.0,0.0,0.0,0.0,1,1,1.0,100
0,18,9,1,0,0,1,1.0,1,1,1,1,0.8953939766636289,324,0.0,0.0,0.0,0.0,0.0,0.0,1,1,1.0,81
0,50,10,0,1,0,1,1.0,1,1,1,1,0.9240156343204724,2500,0.0,0.0,0.0,0.0,0.0,0.0,1,1,1.0,100
0,25,11,1,0,1,1,1.0,1,44,1,1,0.9081373321252342,625,5.391803684816585,0.0,0.0,3.784189633918261,0.0,0.0,1936,1,1.0,121
0,23,10,1,0,1,1,1.0,1,1,1,1,0.9053122666312631,529,0.0,0.0,0.0,0.0,0.0,0.0,1,1,1.0,100
0,38,10,1,0,0,1,1.0,1,1,1,1,0.9190808704349819,1444,0.0,0.0,0.0,0.0,0.0,0.0,1,1,1.0,100
0,25,10,1,0,1,1,1.0,1,3701,1,1,0.9081373321252342,625,18.56279501814064,0.0,0.0,8.216358332386156,0.0,0.0,13697401,1,1.0,100
0,42,10,1,0,0,1,1.0,1,6930,1,1,0.9210495967260742,1764,21.409176993738313,0.0,0.0,8.84361509218395,0.0,0.0,48024900,1,1.0,100
0,39,12,1,0,1,0,1.0,1,3795,1,1,0.9196121717496035,1521,18.670639601298078,0.0,0.0,8.24143968982973,0.0,0.0,14402025,1,1.0,144
0,34,13,1,0,1,0,1.0,1,5193,1,1,0.9166319988781576,1156,20.06044221923375,0.0,0.0,8.555066843844319,0.0,0.0,26967249,1,1.0,169
0,24,7,1,0,0,1,1.0,1,2193,1,1,0.9067855800545518,576,16.41855985972716,0.0,0.0,7.693025748417888,0.0,0.0,4809249,1,1.0,49
0,32,11,1,0,0,1,1.0,1,11120,1,1,0.9151698491940835,1024,23.774284184883072,0.0,0.0,9.316500567804573,0.0,0.0,123654400,1,1.0,121
0,27,13,1,0,0,0,1.0,1,7609,1,1,0.9105312553354892,729,21.861085650324625,0.0,0.0,8.937087036176523,0.0,0.0,57896881,1,1.0,169
0,26,10,1,0,0,1,1.0,1,2169,1,1,0.9093818367743478,676,16.375573289717057,0.0,0.0,7.682021510826875,0.0,0.0,4704561,1,1.0,100
0,44,11,1,0,0,1,1.0,1,1,1,1,0.9218956204590996,1936,0.0,0.0,0.0,0.0,0.0,0.0,1,1,1.0,121
0,25,11,1,0,0,1,1.0,1,1264,1,1,0.9081373321252342,625,14.365957414983459,0.0,0.0,7.142036574706803,0.0,0.0,1597696,1,1.0,121
0,25,12,1,0,0,0,1.0,1,1,1,1,0.9081373321252342,625,0.0,0.0,0.0,0.0,0.0,0.0,1,1,1.0,144
0,32,10,1,0,0,1,1.0,1,1,1,1,0.9151698491940835,1024,0.0,0.0,0.0,0.0,0.0,0.0,1,1,1.0,100
0,22,10,1,0,0,1,1.0,1,1,1,1,0.9037004289852875,484,0.0,0.0,0.0,0.0,0.0,0.0,1,1,1.0,100
0,19,9,1,0,0,1,1.0,1,5712,1,1,0.8978095367379674,361,20.49809153511984,0.0,0.0,8.65032450401942,0.0,0.0,32626944,1,1.0,81
0,31,10,1,0,1,1,1.0,1,1,1,1,0.9143656086563898,961,0.0,0.0,0.0,0.0,0.0,0.0,1,1,1.0,100
0,23,11,1,0,0,1,1.0,1,1,1,1,0.9053122666312631,529,0.0,0.0,0.0,0.0,0.0,0.0,1,1,1.0,121
0,33,11,1,0,0,1,1.0,1,1,1,1,0.9159238027754657,1089,0.0,0.0,0.0,0.0,0.0,0.0,1,1,1.0,121
0,29,11,1,0,1,1,1.0,1,10225,1,1,0.9125849690064383,841,23.34001934015977,0.0,0.0,9.232590980911002,0.0,0.0,104550625,1,1.0,121
0,23,10,1,0,0,1,1.0,1,1,1,1,0.9053122666312631,529,0.0,0.0,0.0,0.0,0.0,0.0,1,1,1.0,100
0,25,9,1,0,1,1,1.0,1,4715,1,1,0.9081373321252342,625,19.62427537120213,0.0,0.0,8.458504195067558,0.0,0.0,22231225,1,1.0,81
0,25,10,1,0,0,1,1.0,1,289,1,1,0.9081373321252342,625,9.761315805739493,0.0,0.0,5.666426688112432,0.0,0.0,83521,1,1.0,100
0,24,10,1,0,0,1,1.0,1,1,1,1,0.9067855800545518,576,0.0,0.0,0.0,0.0,0.0,0.0,1,1,1.0,100
0,28,8,0,0,0,1,1.0,1,8190,1,1,0.9115959854982888,784,22.22213759410613,0.0,0.0,9.010669176847115,0.0,0.0,67076100,1,1.0,64
0,26,6,1,0,0,1,1.0,1,4813,1,1,0.9093818367743478,676,19.716571445930956,0.0,0.0,8.47907586930311,0.0,0.0,23164969,1,1.0,36
0,30,14,1,0,1,0,1.0,1,7344,1,1,0.9135059372153004,900,21.688822878213013,0.0,0.0,8.901638932300326,0.0,0.0,53934336,1,1.0,196
0,25,10,1,0,1,1,1.0,1,1,1,1,0.9081373321252342,625,0.0,0.0,0.0,0.0,0.0,0.0,1,1,1.0,100
0,25,12,1,0,1,0,1.0,1,1,1,1,0.9081373321252342,625,0.0,0.0,0.0,0.0,0.0,0.0,1,1,1.0,144
0,28,13,1,0,0,0,1.0,1,1,1,1,0.9115959854982888,784,0.0,0.0,0.0,0.0,0.0,0.0,1,1,1.0,169
0,23,11,1,0,0,1,1.0,1,4350,1,1,0.9053122666312631,529,19.266002451613037,0.0,0.0,8.37793112408273,0.0,0.0,18922500,1,1.0,121
0,33,5,0,1,0,1,1.0,1,1,1,1,0.9159238027754657,1089,0.0,0.0,0.0,0.0,0.0,0.0,1,1,1.0,25
0,45,9,1,0,0,1,1.0,1,4844,1,1,0.9222895370571822,2025,19.74544519791399,0.0,0.0,8.485496104672983,0.0,0.0,23464336,1,1.0,81
0,39,6,1,0,0,1,1.0,1,1,1,1,0.9196121717496035,1521,0.0,0.0,0.0,0.0,0.0,0.0,1,1,1.0,36
0,26,12,1,0,0,0,1.0,1,1,1,1,0.9093818367743478,676,0.0,0.0,0.0,0.0,0.0,0.0,1,1,1.0,144
0,23,10,1,0,0,1,1.0,1,1,1,1,0.9053122666312631,529,0.0,0.0,0.0,0.0,0.0,0.0,1,1,1.0,100
0,27,12,0,0,0,0,1.0,1,14792,1,1,0.9105312553354892,729,25.300310495339755,0.0,0.0,9.60184177306696,0.0,0.0,218803264,1,1.0,144
0,33,9,0,1,1,1,1.0,1,1,1,1,0.9159238027754657,1089,0.0,0.0,0.0,0.0,0.0,0.0,1,1,1.0,81
0,25,10,1,0,1,1,1.0,1,1,1,1,0.9081373321252342,625,0.0,0.0,0.0,0.0,0.0,0.0,1,1,1.0,100
0,23,8,1,0,0,1,1.0,1,3746,1,1,0.9053122666312631,529,18.614700504873596,0.0,0.0,8.228443883004033,0.0,0.0,14032516,1,1.0,64
0,17,8,1,0,0,1,1.0,1,7010,1,1,0.8926843787860457,289,21.46426671654187,0.0,0.0,8.855092980028635,0.0,0.0,49140100,1,1.0,64
0,18,8,0,1,0,1,1.0,1,10798,1,1,0.8953939766636289,324,23.621473261134813,0.0,0.0,9.287116210778231,0.0,0.0,116596804,1,1.0,64
0,18,11,1,0,0,1,1.0,1,4657,1,1,0.8953939766636289,324,19.568905118098947,0.0,0.0,8.446126742982377,0.0,0.0,21687649,1,1.0,121
0,17,11,1,0,0,1,1.0,1,8551,1,1,0.8926843787860457,289,22.435988305346818,0.0,0.0,9.053803514155955,0.0,0.0,73119601,1,1.0,121
0,19,10,1,0,0,1,1.0,1,4309,1,1,0.8978095367379674,361,19.224228640150667,0.0,0.0,8.368461137615839,0.0,0.0,18567481,1,1.0,100
0,19,10,1,0,0,1,1.0,1,5286,1,1,0.8978095367379674,361,20.141434322184228,0.0,0.0,8.572817095164234,0.0,0.0,27941796,1,1.0,100
0,18,9,1,0,0,1,1.0,1,12486,1,1,0.8953939766636289,324,24.384635013200903,0.0,0.0,9.43236329562169,0.0,0.0,155900196,1,1.0,81
0,18,9,1,0,0,1,1.0,1,10877,1,1,0.8953939766636289,324,23.65930769509651,0.0,0.0,9.294405747093851,0.0,0.0,118309129,1,1.0,81
0,17,10,1,0,0,1,1.0,1,2657,1,1,0.8926843787860457,289,17.18194005876918,0.0,0.0,7.884952945759814,0.0,0.0,7059649,1,1.0,100
0,18,7,1,0,0,1,1.0,1,4132,1,1,0.8953939766636289,324,19.04004551946784,0.0,0.0,8.326516830239528,0.0,0.0,17073424,1,1.0,49
0,18,11,1,0,0,1,1.0,1,11303,1,1,0.8953939766636289,324,23.859514503959332,0.0,0.0,9.33282345619073,0.0,0.0,127757809,1,1.0,121
0,19,10,0,1,0,1,1.0,1,1,1,1,0.8978095367379674,361,0.0,0.0,0.0,0.0,0.0,0.0,1,1,1.0,100
0,18,9,1,0,0,1,1.0,1,1,1,1,0.8953939766636289,324,0.0,0.0,0.0,0.0,0.0,0.0,1,1,1.0,81
0,17,10,1,0,0,1,1.0,1,1,1,1,0.8926843787860457,289,0.0,0.0,0.0,0.0,0.0,0.0,1,1,1.0,100
0,19,11,1,0,0,1,1.0,1,1,1,1,0.8978095367379674,361,0.0,0.0,0.0,0.0,0.0,0.0,1,1,1.0,121
0,17,8,0,0,0,1,1.0,1,10210,1,1,0.8926843787860457,289,23.332478848492933,0.0,0.0,9.231122911158712,0.0,0.0,104244100,1,1.0,64
0,18,9,1,0,0,1,1.0,1,1,1,1,0.8953939766636289,324,0.0,0.0,0.0,0.0,0.0,0.0,1,1,1.0,81
0,17,8,1,0,0,1,1.0,1,8993,1,1,0.8926843787860457,289,22.687932006355123,0.0,0.0,9.104201775914515,0.0,0.0,80874049,1,1.0,64
0,19,6,0,1,0,1,1.0,1,5071,1,1,0.8978095367379674,361,19.952365106905134,0.0,0.0,8.531293315795018,0.0,0.0,25715041,1,1.0,36
0,17,11,0,0,0,1,1.0,1,1,1,1,0.8926843787860457,289,0.0,0.0,0.0,0.0,0.0,0.0,1,1,1.0,121
0,20,9,1,0,0,1,1.0,1,5193,1,1,0.8999760509952477,400,20.06044221923375,0.0,0.0,8.555066843844319,0.0,0.0,26967249,1,1.0,81
0,17,9,1,0,0,1,1.0,1,1,1,1,0.8926843787860457,289,0.0,0.0,0.0,0.0,0.0,0.0,1,1,1.0,81
0,17,10,1,0,0,1,1.0,1,275,1,1,0.8926843787860457,289,9.62634170611922,0.0,0.0,5.616771097666572,0.0,0.0,75625,1,1.0,100
0,17,9,1,0,0,1,1.0,1,3590,1,1,0.8926843787860457,289,18.432505489606502,0.0,0.0,8.185907481482324,0.0,0.0,12888100,1,1.0,81
0,19,11,1,0,0,1,1.0,1,1,1,1,0.8978095367379674,361,0.0,0.0,0.0,0.0,0.0,0.0,1,1,1.0,121
0,20,9,1,0,0,1,1.0,1,2035,1,1,0.8999760509952477,400,16.128106859808625,0.0,0.0,7.618251097876695,0.0,0.0,4141225,1,1.0,81
0,18,9,1,0,0,1,1.0,1,2389,1,1,0.8953939766636289,324,16.75584048939033,0.0,0.0,7.77863014732581,0.0,0.0,5707321,1,1.0,81
0,18,11,1,0,0,1,1.0,1,1,1,1,0.8953939766636289,324,0.0,0.0,0.0,0.0,0.0,0.0,1,1,1.0,121
0,17,10,0,1,0,1,1.0,1,8469,1,1,0.8926843787860457,289,22.388074181912422,0.0,0.0,9.0441677169216,0.0,0.0,71723961,1,1.0,100
0,19,11,1,0,0,1,1.0,1,1,1,1,0.8978095367379674,361,0.0,0.0,0.0,0.0,0.0,0.0,1,1,1.0,121
0,17,10,1,0,0,1,1.0,1,1143,1,1,0.8926843787860457,289,14.012269372812773,0.0,0.0,7.04141166379481,0.0,0.0,1306449,1,1.0,100
0,17,9,0,1,0,1,1.0,1,5114,1,1,0.8926843787860457,289,19.990699605407237,0.0,0.0,8.539737155851132,0.0,0.0,26152996,1,1.0,81
0,18,10,1,0,0,1,1.0,1,781,1,1,0.8953939766636289,324,12.729350790378316,0.0,0.0,6.660575149839686,0.0,0.0,609961,1,1.0,100
0,21,9,1,0,0,1,591.4991,1,3343,0,1,0.9019298153935923,441,18.13024153385042,0.0,1.7643873827201277,8.114623886420098,0.0,6.382660161861916,11175649,1,349871.18530081,81
0,19,11,1,0,0,1,1626.623,1,1,0,1,0.8978095367379674,361,0.0,0.0,1.7876021612597555,0.0,0.0,7.394261365556474,1,1,2645902.3841290004,121
0,28,11,0,1,1,1,3472.948,1,6771,0,1,0.9115959854982888,784,21.2981143402229,0.0,1.7982420293089694,8.820404065485645,0.0,8.152759079985856,45846441,1,12061367.810703998,121
0,25,11,1,0,0,1,5281.245,1,1,0,1,0.9081373321252342,625,0.0,0.0,1.8024743389589157,0.0,0.0,8.571917144359473,1,1,27891548.750025,121
0,27,13,0,0,0,0,5214.306,474,4812,0,0,0.9105312553354892,729,19.715637489965967,2.404889872920108,1.8023594100444609,8.47886807709457,6.161207321695077,8.55916128091866,23155344,224676,27188987.061635997,169
0,31,12,0,0,0,0,1.0,494,1,1,0,0.9143656086563898,961,0.0,2.4089734544837156,0.0,0.0,6.202535517187923,0.0,1,244036,1.0,144
0,22,9,1,0,0,1,1.0,506,604,1,0,0.9037004289852875,484,11.911261870127571,2.411316132143853,0.0,6.403574197934815,6.226536669287466,0.0,364816,256036,1.0,81
0,31,10,1,0,0,1,1.0,520,14527,1,0,0.9143656086563898,961,25.201323822054857,2.413954578098661,0.0,9.583764265872883,6.253828811575473,0.0,211033729,270400,1.0,100
0,26,10,1,0,1,1,6140.367,558,1,0,0,0.9093818367743478,676,0.0,2.420649459232243,1.8037730233122418,0.0,6.324358962381311,8.722639791341885,1,311364,37704106.894689,100
0,18,9,0,0,0,1,1.0,559,7300,1,0,0.8953939766636289,324,21.659727344642057,2.420817128125702,0.0,8.895629627136483,6.326149473155099,0.0,53290000,312481,1.0,81
0,23,11,1,0,0,1,6382.309,580,1,0,0,0.9053122666312631,529,0.0,2.4242456732325532,1.8040890316134015,0.0,6.363028103540465,8.761285223090109,1,336400,40733868.171481006,121
0,20,12,1,0,0,0,1.0,591,4159,1,0,0.8999760509952477,400,19.068555734069363,2.4259742363093384,0.0,8.33302993974291,6.3818160174060985,0.0,17297281,349281,1.0,144
0,19,10,1,0,0,1,1.0,604,1,1,0,0.8978095367379674,361,0.0,2.4279609397008426,0.0,0.0,6.403574197934815,0.0,1,364816,1.0,100
0,18,11,1,0,0,1,1064.699,645,5497,0,0,0.8953939766636289,324,20.32093117181308,2.4338604913345554,1.7794146275481348,8.61195776786066,6.4692503167957724,6.970447409088411,30217009,416025,1133583.960601,121
0,17,10,1,0,0,1,1.0,664,1,1,0,0.8926843787860457,289,0.0,2.436422479580887,0.0,0.0,6.498282149476434,0.0,1,440896,1.0,100
0,27,12,1,0,1,0,1.0,752,1,1,0,0.9105312553354892,729,0.0,2.447095084352157,0.0,0.0,6.62273632394984,0.0,1,565504,1.0,144
0,27,11,1,0,0,1,3065.194,766,1,0,0,0.9105312553354892,729,0.0,2.448635021169643,1.796780469886603,0.0,6.641182169740591,8.02786614163642,1,586756,9395414.257636,121
0,28,12,0,0,0,0,1.0,803,16477,1,0,0.9115959854982888,784,25.89766121023503,2.452525145106915,0.0,9.709720748057432,6.688354713946762,0.0,271491529,644809,1.0,144
0,28,11,1,0,0,1,2431.949,863,1,0,0,0.9115959854982888,784,0.0,2.4583365591973854,1.7937921776771193,0.0,6.760414691083428,7.796448272471439,1,744769,5914375.938601,121
0,17,10,0,1,0,1,4905.119,1168,11306,0,0,0.8926843787860457,289,23.86090223505428,2.481101162819866,1.8017973400301892,9.333088837235236,7.0630481633881725,8.498034632663376,127825636,1364224,24060192.404161,100
0,26,11,1,0,0,1,4699.963,1174,6672,0,0,0.9093818367743478,676,21.227873439866485,2.481464813663175,1.80139311108809,8.805674944038582,7.068172000388042,8.455309915326737,44515584,1378276,22089652.201369,121
0,29,9,1,0,0,1,1.0,1203,9378,1,0,0.9125849690064383,841,22.899213897627714,2.4831871207238683,0.0,9.146121799649531,7.0925737159746784,0.0,87946884,1447209,1.0,81
0,17,10,0,1,0,1,1203.609,1239,5088,0,0,0.8926843787860457,289,19.967552454560117,2.4852474088999075,1.781982901713555,8.534640105019959,7.122059881629142,7.093079822295231,25887744,1535121,1448674.6248809998,100
0,22,11,1,0,0,1,7914.131,1321,2639,0,0,0.9037004289852875,484,17.154456995712845,2.489647511347978,1.8057304862406767,7.878155336503324,7.186144304522325,8.976405174752522,6964321,1745041,62633469.48516101,121
0,24,11,1,0,0,1,1.0,1327,9495,1,0,0.9067855800545518,576,22.962006865846604,2.489954685914044,0.0,9.158520623246385,7.190676034332207,0.0,90155025,1760929,1.0,121
0,18,12,1,0,0,0,1.0,1405,1,1,0,0.8953939766636289,324,0.0,2.4937818688817006,0.0,0.0,7.247792581767846,0.0,1,1974025,1.0,144
0,24,11,0,0,0,1,2669.725,1468,10361,0,0,0.9067855800545518,576,23.407974335955238,2.4966659563951508,1.79504264668071,9.245804036251752,7.291656209174461,7.8897307498351354,107350321,2155024,7127431.575625,121
0,21,9,0,0,0,1,2988.412,1577,1740,0,0,0.9019298153935923,441,15.532104668850687,2.501274645159016,1.7964711305821814,7.461640392208575,7.3632795869630385,8.002497421620287,3027600,2486929,8930606.281744,81
0,30,8,1,0,0,1,1.0,1706,1,1,0,0.9135059372153004,900,0.0,2.506193702848647,0.0,0.0,7.441906728051625,0.0,1,2910436,1.0,64
0,17,10,0,1,0,1,1442.681,1734,6354,0,0,0.8926843787860457,289,20.996293858125277,2.5071942035703794,1.7854740505491236,8.756839814829462,7.458186157340487,7.274258467113844,40373316,3006756,2081328.4677610002,100
0,19,9,1,0,0,1,8409.627,1778,7171,0,0,0.8978095367379674,361,21.573584865079827,2.508722364745631,1.8061597905653566,8.877800393882575,7.48324441607385,9.037132400021466,51423241,3161284,70721826.27912901,81
0,23,11,1,0,0,1,1.0,1896,5573,1,0,0.9053122666312631,529,20.38419647000054,2.512576152398593,0.0,8.625688787569537,7.547501682814967,0.0,31058329,3594816,1.0,121
0,22,12,1,0,0,0,4380.017,2003,439,0,0,0.9037004289852875,484,10.946087196601308,2.5157960679809674,1.8007049577959326,6.0844994130751715,7.602401335665818,8.384807884641498,192721,4012009,19184548.920289,144
0,22,10,1,0,0,1,1.0,2174,5344,1,0,0.9037004289852875,484,20.19135383085643,2.520479504323229,0.0,8.583729715216482,7.684324067681155,0.0,28558336,4726276,1.0,100
0,29,13,1,0,0,0,718.2492,2265,2725,0,0,0.9125849690064383,841,17.284401836224283,2.5227703722585133,1.769897039070422,7.9102237070973445,7.725330037917135,6.57681658404047,7425625,5130225,515881.91330063995,169
0,19,11,1,0,0,1,721.3406,2445,9772,0,0,0.8978095367379674,361,23.10817089760101,2.5269496911254734,1.7700123898807496,9.187276432377631,7.801800401908973,6.581111425184674,95491984,5978025,520332.26120835997,121
0,17,9,1,0,0,1,1.0,2595,1,1,0,0.8926843787860457,289,0.0,2.5301219406396744,0.0,0.0,7.861341795599989,0.0,1,6734025,1.0,81
0,18,10,1,0,0,1,1716.509,2682,1,0,0,0.8953939766636289,324,0.0,2.5318486595745218,1.7885113708509899,0.0,7.894318063841624,7.448047856111499,1,7193124,2946403.1470810003,100
0,19,12,1,0,0,0,8417.0,2814,1720,0,0,0.8978095367379674,361,15.48876071857666,2.53432651957346,1.806165881500691,7.450079569807499,7.942362237674335,9.038008749211576,2958400,7918596,70845889.0,144
0,20,6,1,0,0,1,6006.879,2850,1,0,0,0.8999760509952477,400,0.0,2.5349747150959843,1.8035902786668334,0.0,7.955074273262696,8.700660591480979,1,8122500,36082595.320640996,36
0,36,11,0,1,0,1,5443.734,3063,1324,0,0,0.9179266823269588,1296,14.531101523831857,2.5385921427935845,1.802744158546855,7.188412736496954,8.027150106832774,8.602220501446093,1752976,9381969,29634239.862756003,121
0,19,11,1,0,0,1,3504.014,3285,11195,0,0,0.8978095367379674,361,23.809353190289862,2.5420118090319304,1.7983424611344399,9.323222529032856,8.09712193091871,8.16166444748209,125328025,10791225,12278114.112196,121
0,23,8,1,0,0,1,7724.283,3403,1,0,0,0.9053122666312631,529,0.0,2.5437028491452915,1.8055547834501688,0.0,8.132412674500905,8.952124281924338,1,11580409,59664547.864089005,64
0,17,11,1,0,0,1,4080.73,3796,1,0,0,0.8926843787860457,289,0.0,2.5488002373002296,1.7999867643382343,0.0,8.241703159729818,8.31403117296228,1,14409616,16652357.3329,121
0,43,10,1,0,0,1,2502.868,4128,7565,0,0,0.9214827680620542,1849,21.8328288690439,2.552571860590099,1.7941843585883488,8.931287626222456,8.325548307161398,7.825192553325204,57229225,17040384,6264348.225424,100
0,26,11,1,0,1,1,1.0,4184,1,1,0,0.9093818367743478,676,0.0,2.553167028717918,0.0,0.0,8.339023005744759,0.0,1,17505856,1.0,121
0,27,11,1,0,1,1,1.0,4491,1,1,0,0.9105312553354892,729,0.0,2.556245681719622,0.0,0.0,8.409830673087738,0.0,1,20169081,1.0,121
0,19,11,1,0,0,1,6337.492,4503,1,0,0,0.8978095367379674,361,0.0,2.5563601150508517,1.8040319082030203,0.0,8.412499120301572,8.754238385571226,1,20277009,40163804.850064,121
0,28,11,1,0,1,1,8593.163,5393,4974,0,0,0.9115959854982888,784,19.864897572671385,2.563835458871527,1.8063089958836587,8.51197962436335,8.592857095337227,9.058722166061512,24740676,29084449,73842450.34456901,121
0,28,12,1,0,1,0,10585.13,5551,12780,0,0,0.9115959854982888,784,24.508755690559884,2.564986114117152,1.807662234476474,9.455636727931525,8.621733370690162,9.267205465024016,163328400,30813601,112044977.11689998,144
0,26,8,1,0,0,1,1126.29,5562,3523,0,0,0.9093818367743478,676,18.352249500470613,2.5650645445784592,1.7806139048225786,8.167068178341237,8.62371303479391,7.026684324385096,12411529,30935844,1268529.1641,64
0,31,12,1,0,0,0,1.0,5613,1,1,0,0.9143656086563898,961,0.0,2.5654254106611427,0.0,0.0,8.6328406149422,0.0,1,31505769,1.0,144
0,23,11,1,0,0,1,7617.362,5716,10274,0,0,0.9053122666312631,529,23.364588353942516,2.566140661111795,1.8054528532167238,9.237371711027214,8.651024539049757,8.938185394515916,105555076,32672656,58024203.839044005,121
0,20,12,1,0,0,0,7182.492,6004,4779,0,0,0.8999760509952477,400,19.684726987393596,2.5680500005361973,1.805014290048331,8.471986598578159,8.700181192753353,8.879401677034515,22838841,36048016,51588191.330064006,144
0,28,10,1,0,1,1,8293.345,6449,16988,0,0,0.9115959854982888,784,26.068862886394285,2.570765182645423,1.806062620925981,9.740262491433162,8.771680359010377,9.023208664936428,288592144,41589601,68779571.289025,100
0,22,11,1,0,0,1,8810.067,6974,3708,0,0,0.9037004289852875,484,18.5709031888078,2.5736551017039204,1.806479083863231,8.218247926685745,8.849944227235596,9.083650323895633,13749264,48636676,77617280.54448898,121
1,37,11,1,0,1,1,1.0,1,9930,1,1,0.9185198839659755,1369,23.190022050985856,0.0,0.0,9.203315757039219,0.0,0.0,98604900,1,1.0,121
1,22,9,0,1,0,1,1.0,1,3595,1,1,0.9037004289852875,484,18.438445187989956,0.0,0.0,8.187299270155147,0.0,0.0,12924025,1,1.0,81
1,27,11,1,0,0,1,1.0,1,7506,1,1,0.9105312553354892,729,21.79472610501458,0.0,0.0,8.923457979694966,0.0,0.0,56340036,1,1.0,121
1,33,8,1,0,0,1,1.0,1,289,1,1,0.9159238027754657,1089,9.761315805739493,0.0,0.0,5.666426688112432,0.0,0.0,83521,1,1.0,64
1,22,9,1,0,0,1,1.0,1,4056,1,1,0.9037004289852875,484,18.958963361906275,0.0,0.0,8.30795254527102,0.0,0.0,16451136,1,1.0,81
1,23,12,1,0,0,0,1.0,1,1,1,1,0.9053122666312631,529,0.0,0.0,0.0,0.0,0.0,0.0,1,1,1.0,144
1,32,11,1,0,0,1,1.0,1,8472,1,1,0.9151698491940835,1024,22.389833850220665,0.0,0.0,9.044521887281242,0.0,0.0,71774784,1,1.0,121
1,22,16,1,0,0,0,1.0,1,2164,1,1,0.9037004289852875,484,16.366568534728387,0.0,0.0,7.679713639966372,0.0,0.0,4682896,1,1.0,256
1,33,12,0,0,1,0,1.0,1,12418,1,1,0.9159238027754657,1089,24.355584866790945,0.0,0.0,9.426902311924838,0.0,0.0,154206724,1,1.0,144
1,19,9,1,0,0,1,1.0,1,8173,1,1,0.8978095367379674,361,22.211877236994948,0.0,0.0,9.00859131751613,0.0,0.0,66797929,1,1.0,81
1,21,13,1,0,0,0,1.0,1,17094,1,1,0.9019298153935923,441,26.1038445782889,0.0,0.0,9.746482803725963,0.0,0.0,292204836,1,1.0,169
1,18,8,1,0,0,1,1.0,1,1,1,1,0.8953939766636289,324,0.0,0.0,0.0,0.0,0.0,0.0,1,1,1.0,64
1,17,7,1,0,0,1,1.0,1,3023,1,1,0.8926843787860457,289,17.71003502067635,0.0,0.0,8.014004994779459,0.0,0.0,9138529,1,1.0,49
1,19,10,1,0,0,1,1.0,1,3228,1,1,0.8978095367379674,361,17.983198553277553,0.0,0.0,8.07961802938984,0.0,0.0,10419984,1,1.0,100
1,27,13,1,0,0,0,1.0,1,14581,1,1,0.9105312553354892,729,25.221614516662942,0.0,0.0,9.587474590316285,0.0,0.0,212605561,1,1.0,169
1,23,10,1,0,0,1,1.0,1,7693,1,1,0.9053122666312631,529,21.9146591683143,0.0,0.0,8.948066103458935,0.0,0.0,59182249,1,1.0,100
1,40,12,1,0,0,0,1.0,1,10804,1,1,0.9201160609972783,1600,23.624354739845035,0.0,0.0,9.287671714912506,0.0,0.0,116726416,1,1.0,144
1,26,12,1,0,0,0,1.0,1,10747,1,1,0.9093818367743478,676,23.59692735793798,0.0,0.0,9.282381924841154,0.0,0.0,115498009,1,1.0,144
1,23,11,1,0,0,1,1.0,1,1,1,1,0.9053122666312631,529,0.0,0.0,0.0,0.0,0.0,0.0,1,1,1.0,121
1,41,14,0,0,0,0,1.0,1,5149,1,1,0.9205945860542986,1681,20.021706815066803,0.0,0.0,8.546557800046141,0.0,0.0,26512201,1,1.0,196
1,38,9,0,0,0,1,1.0,1,6408,1,1,0.9190808704349819,1444,21.036280995425113,0.0,0.0,8.765302488748196,0.0,0.0,41062464,1,1.0,81
1,24,11,1,0,0,1,1.0,1,1991,1,1,0.9067855800545518,576,16.04392366179398,0.0,0.0,7.596392304064196,0.0,0.0,3964081,1,1.0,121
1,18,10,1,0,0,1,1.0,1,11163,1,1,0.8953939766636289,324,23.79441412963657,0.0,0.0,9.320360017014732,0.0,0.0,124612569,1,1.0,100
1,29,11,1,0,1,1,1.0,1,9642,1,1,0.9125849690064383,841,23.040004446424106,0.0,0.0,9.173883834965567,0.0,0.0,92968164,1,1.0,121
1,25,11,1,0,0,1,1.0,1,9897,1,1,0.9081373321252342,625,23.17301554356593,0.0,0.0,9.199986959896691,0.0,0.0,97950609,1,1.0,121
1,27,10,0,1,0,1,1.0,1,11142,1,1,0.9105312553354892,729,23.784591211831682,0.0,0.0,9.31847703058076,0.0,0.0,124144164,1,1.0,100
1,17,10,1,0,0,1,1.0,1,16218,1,1,0.8926843787860457,289,25.809213628052355,0.0,0.0,9.693877015504503,0.0,0.0,263023524,1,1.0,100
1,24,11,1,0,0,1,1.0,1,995,1,1,0.9067855800545518,576,13.535081962555358,0.0,0.0,6.902742737158593,0.0,0.0,990025,1,1.0,121
1,17,10,1,0,0,1,1.0,1,1,1,1,0.8926843787860457,289,0.0,0.0,0.0,0.0,0.0,0.0,1,1,1.0,100
1,48,4,1,0,0,1,1.0,1,6551,1,1,0.9233697484319154,2304,21.140849358888055,0.0,0.0,8.787372988731876,0.0,0.0,42915601,1,1.0,16
1,25,11,1,0,1,1,1.0,1,1574,1,1,0.9081373321252342,625,15.159129044529598,0.0,0.0,7.3613754289773485,0.0,0.0,2477476,1,1.0,121
1,20,12,1,0,0,0,1.0,1,1,1,1,0.8999760509952477,400,0.0,0.0,0.0,0.0,0.0,0.0,1,1,1.0,144
1,25,12,1,0,0,0,1.0,1,3191,1,1,0.9081373321252342,625,17.934972574518113,0.0,0.0,8.068089626278244,0.0,0.0,10182481,1,1.0,144
1,25,5,1,0,0,1,1.0,1,6181,1,1,0.9081373321252342,625,20.866275630264507,0.0,0.0,8.729235349659273,0.0,0.0,38204761,1,1.0,25
1,23,12,1,0,1,0,1.0,1,5911,1,1,0.9053122666312631,529,20.657244087526788,0.0,0.0,8.684570300824369,0.0,0.0,34939921,1,1.0,144
1,46,8,1,0,1,1,1.0,1,3094,1,1,0.9226657788429925,2116,17.806322088018646,0.0,0.0,8.037220031133012,0.0,0.0,9572836,1,1.0,64
1,24,10,1,0,0,1,1.0,1,1,1,1,0.9067855800545518,576,0.0,0.0,0.0,0.0,0.0,0.0,1,1,1.0,100
1,21,12,1,0,0,0,1.0,1,1254,1,1,0.9019298153935923,441,14.337809064108527,0.0,0.0,7.134093721192866,0.0,0.0,1572516,1,1.0,144
1,19,9,0,0,0,1,1.0,1,13188,1,1,0.8978095367379674,361,24.677169104941083,0.0,0.0,9.487062604191621,0.0,0.0,173923344,1,1.0,81
1,17,8,1,0,0,1,1.0,1,8061,1,1,0.8926843787860457,289,22.143837168516217,0.0,0.0,8.9947928972836,0.0,0.0,64979721,1,1.0,64
1,18,8,0,1,1,1,1.0,1,2787,1,1,0.8953939766636289,324,17.376005497219722,0.0,0.0,7.932721027481948,0.0,0.0,7767369,1,1.0,64
1,20,11,1,0,0,1,1.0,1,3972,1,1,0.8999760509952477,400,18.867878776807867,0.0,0.0,8.287025025165063,0.0,0.0,15776784,1,1.0,121
1,25,11,1,0,1,1,1.0,1,1,1,1,0.9081373321252342,625,0.0,0.0,0.0,0.0,0.0,0.0,1,1,1.0,121
1,17,8,1,0,0,1,1.0,1,1,1,1,0.8926843787860457,289,0.0,0.0,0.0,0.0,0.0,0.0,1,1,1.0,64
1,17,9,1,0,0,1,1.0,1,1,1,1,0.8926843787860457,289,0.0,0.0,0.0,0.0,0.0,0.0,1,1,1.0,81
1,25,5,1,0,0,1,1.0,1,12187,1,1,0.9081373321252342,625,24.255912197975,0.0,0.0,9.408125088823502,0.0,0.0,148522969,1,1.0,25
1,23,12,1,0,0,0,1.0,1,4843,1,1,0.9053122666312631,529,19.7445161628431,0.0,0.0,8.48528964240323,0.0,0.0,23454649,1,1.0,144
1,28,8,1,0,0,1,1.0,1,1,1,1,0.9115959854982888,784,0.0,0.0,0.0,0.0,0.0,0.0,1,1,1.0,64
1,31,11,1,0,1,1,1.0,1,8087,1,1,0.9143656086563898,961,22.15970118324076,0.0,0.0,8.998013113095823,0.0,0.0,65399569,1,1.0,121
1,18,11,1,0,0,1,1.0,1,1,1,1,0.8953939766636289,324,0.0,0.0,0.0,0.0,0.0,0.0,1,1,1.0,121
1,25,12,1,0,0,0,1.0,1,2348,1,1,0.9081373321252342,625,16.68722199378788,0.0,0.0,7.761319180947987,0.0,0.0,5513104,1,1.0,144
1,30,11,1,0,1,1,1.0,1,590,1,1,0.9135059372153004,900,11.838449064940752,0.0,0.0,6.380122536899765,0.0,0.0,348100,1,1.0,121
1,17,10,1,0,0,1,1.0,1,1,1,1,0.8926843787860457,289,0.0,0.0,0.0,0.0,0.0,0.0,1,1,1.0,100
1,37,9,1,0,0,1,1.0,1,1067,1,1,0.9185198839659755,1369,13.774030199209275,0.0,0.0,6.9726062513017535,0.0,0.0,1138489,1,1.0,81
1,41,4,1,0,1,1,1.0,1,7284,1,1,0.9205945860542986,1681,21.64911137175574,0.0,0.0,8.8934354408475,0.0,0.0,53056656,1,1.0,16
1,42,14,1,0,1,0,1.0,1,13167,1,1,0.9210495967260742,1764,24.668606156977756,0.0,0.0,9.485468978356344,0.0,0.0,173369889,1,1.0,196
1,22,11,0,0,0,1,1.0,1,1048,1,1,0.9037004289852875,484,13.712294956681237,0.0,0.0,6.954638864880987,0.0,0.0,1098304,1,1.0,121
1,17,8,1,0,0,1,1.0,1,1,1,1,0.8926843787860457,289,0.0,0.0,0.0,0.0,0.0,0.0,1,1,1.0,64
1,29,8,1,0,0,1,1.0,1,1923,1,1,0.9125849690064383,841,15.91076096461804,0.0,0.0,7.56164174558878,0.0,0.0,3697929,1,1.0,64
1,27,11,1,0,0,1,1.0,1,549,1,1,0.9105312553354892,729,11.616711220634114,0.0,0.0,6.3080984415095305,0.0,0.0,301401,1,1.0,121
1,29,4,1,0,0,1,1.0,1,762,1,1,0.9125849690064383,841,12.64932830881497,0.0,0.0,6.635946555686647,0.0,0.0,580644,1,1.0,16
1,28,9,1,0,0,1,1.0,1,10694,1,1,0.9115959854982888,784,23.571317112242603,0.0,0.0,9.277438115508676,0.0,0.0,114361636,1,1.0,81
1,27,11,1,0,0,1,1.0,1,1,1,1,0.9105312553354892,729,0.0,0.0,0.0,0.0,0.0,0.0,1,1,1.0,121
1,23,7,0,0,0,1,1.0,1,1,1,1,0.9053122666312631,529,0.0,0.0,0.0,0.0,0.0,0.0,1,1,1.0,49
1,45,5,1,0,1,1,1.0,1,8546,1,1,0.9222895370571822,2025,22.433077559379498,0.0,0.0,9.05321861620397,0.0,0.0,73034116,1,1.0,25
1,29,13,1,0,0,0,1.0,1,7479,1,1,0.9125849690064383,841,21.777207007754647,0.0,0.0,8.919854372191667,0.0,0.0,55935441,1,1.0,169
1,27,9,1,0,0,1,1.0,1,1,1,1,0.9105312553354892,729,0.0,0.0,0.0,0.0,0.0,0.0,1,1,1.0,81
1,46,13,1,0,0,0,1.0,1,647,1,1,0.9226657788429925,2116,12.126539255823591,0.0,0.0,6.472346294500901,0.0,0.0,418609,1,1.0,169
1,18,6,1,0,0,1,1.0,1,1,1,1,0.8953939766636289,324,0.0,0.0,0.0,0.0,0.0,0.0,1,1,1.0,36
1,25,12,1,0,0,0,1.0,1,11965,1,1,0.9081373321252342,625,24.158647217049023,0.0,0.0,9.389741000342473,0.0,0.0,143161225,1,1.0,144
1,28,15,1,0,0,0,1.0,1,9598,1,1,0.9115959854982888,784,23.016761422452657,0.0,0.0,9.169310022418191,0.0,0.0,92121604,1,1.0,225
1,21,9,1,0,0,1,1.0,1,1,1,1,0.9019298153935923,441,0.0,0.0,0.0,0.0,0.0,0.0,1,1,1.0,81
1,22,11,1,0,0,1,1.0,1,6456,1,1,0.9037004289852875,484,21.07159304049538,0.0,0.0,8.772765209949785,0.0,0.0,41679936,1,1.0,121
1,25,12,1,0,0,0,1.0,1,1,1,1,0.9081373321252342,625,0.0,0.0,0.0,0.0,0.0,0.0,1,1,1.0,144
1,18,12,1,0,0,0,1.0,1,2321,1,1,0.8953939766636289,324,16.641493902883333,0.0,0.0,7.749753406274437,0.0,0.0,5387041,1,1.0,144
1,38,12,0,0,0,0,1.0,1,4941,1,1,0.9190808704349819,1444,19.834820563117177,0.0,0.0,8.50532301884575,0.0,0.0,24413481,1,1.0,144
1,27,13,1,0,0,0,1.0,1,1,1,1,0.9105312553354892,729,0.0,0.0,0.0,0.0,0.0,0.0,1,1,1.0,169
1,27,8,1,0,0,1,1.0,1,1,1,1,0.9105312553354892,729,0.0,0.0,0.0,0.0,0.0,0.0,1,1,1.0,64
1,38,11,1,0,0,1,1.0,1,1,1,1,0.9190808704349819,1444,0.0,0.0,0.0,0.0,0.0,0.0,1,1,1.0,121
1,23,8,0,1,0,1,1.0,1,3881,1,1,0.9053122666312631,529,18.767397565588997,0.0,0.0,8.263848131368906,0.0,0.0,15062161,1,1.0,64
1,26,11,1,0,0,1,1.0,1,17230,1,1,0.9093818367743478,676,26.148466301859038,0.0,0.0,9.754407329521975,0.0,0.0,296872900,1,1.0,121
1,21,12,0,0,0,0,1.0,1,8048,1,1,0.9019298153935923,441,22.13588936874695,0.0,0.0,8.99317889233952,0.0,0.0,64770304,1,1.0,144
1,25,8,1,0,0,1,1.0,1,1,1,1,0.9081373321252342,625,0.0,0.0,0.0,0.0,0.0,0.0,1,1,1.0,64
1,31,11,1,0,1,1,1.0,1,14509,1,1,0.9143656086563898,961,25.19454646664545,0.0,0.0,9.582524425515684,0.0,0.0,210511081,1,1.0,121
1,17,10,1,0,0,1,1.0,1,1,1,1,0.8926843787860457,289,0.0,0.0,0.0,0.0,0.0,0.0,1,1,1.0,100
1,25,11,1,0,0,1,1.0,1,1,1,1,0.9081373321252342,625,0.0,0.0,0.0,0.0,0.0,0.0,1,1,1.0,121
1,21,12,1,0,0,0,1.0,1,9983,1,1,0.9019298153935923,441,23.217238472139787,0.0,0.0,9.208638925336425,0.0,0.0,99660289,1,1.0,144
1,44,11,1,0,0,1,1.0,1,1,1,1,0.9218956204590996,1936,0.0,0.0,0.0,0.0,0.0,0.0,1,1,1.0,121
1,25,12,0,0,0,0,1.0,1,5587,1,1,0.9081373321252342,625,20.39577309040665,0.0,0.0,8.628197749459149,0.0,0.0,31214569,1,1.0,144
1,18,9,1,0,0,1,1.0,1,4482,1,1,0.8953939766636289,324,19.39832914978155,0.0,0.0,8.407824654360873,0.0,0.0,20088324,1,1.0,81
1,42,12,1,0,0,0,1.0,1,2456,1,1,0.9210495967260742,1764,16.86591574663281,0.0,0.0,7.806289289267033,0.0,0.0,6031936,1,1.0,144
1,25,10,1,0,0,1,1.0,1,1,1,1,0.9081373321252342,625,0.0,0.0,0.0,0.0,0.0,0.0,1,1,1.0,100
1,24,10,1,0,0,1,1.0,1,1,1,1,0.9067855800545518,576,0.0,0.0,0.0,0.0,0.0,0.0,1,1,1.0,100
1,26,10,1,0,0,1,1.0,1,9265,1,1,0.9093818367743478,676,22.83795281405715,0.0,0.0,9.13399913871946,0.0,0.0,85840225,1,1.0,100
1,25,11,1,0,0,1,1.0,1,485,1,1,0.9081373321252342,625,11.241677871811705,0.0,0.0,6.184148890937483,0.0,0.0,235225,1,1.0,121
1,18,11,1,0,0,1,1.0,1,4814,1,1,0.8953939766636289,324,19.71750524225593,0.0,0.0,8.479283618343016,0.0,0.0,23174596,1,1.0,121
1,19,11,1,0,0,1,1.0,1,7458,1,1,0.8978095367379674,361,21.763545032018556,0.0,0.0,8.917042560738766,0.0,0.0,55621764,1,1.0,121
1,43,9,1,0,0,1,1.0,1,1,1,1,0.9214827680620542,1849,0.0,0.0,0.0,0.0,0.0,0.0,1,1,1.0,81
1,17,9,1,0,0,1,1.0,1,1953,1,1,0.8926843787860457,289,15.969979095874804,0.0,0.0,7.577121930876679,0.0,0.0,3814209,1,1.0,81
1,30,11,1,0,0,1,1.0,1,1,1,1,0.9135059372153004,900,0.0,0.0,0.0,0.0,0.0,0.0,1,1,1.0,121
1,26,10,1,0,1,1,2027.999,1,1,0,1,0.9093818367743478,676,0.0,0.0,1.7911652459365492,0.0,0.0,7.6148048716143055,1,1,4112779.944001,100
1,20,9,1,0,0,1,6083.994,1,8881,0,1,0.8999760509952477,400,22.625071775866825,0.0,1.803696607064154,9.091669442258505,0.0,8.713416667185403,78872161,1,37014982.992036,81
1,17,9,0,1,0,1,445.1704,74,6210,0,0,0.8926843787860457,289,20.88827775396806,2.1377730755325817,1.7551839804689315,8.733916174927524,4.30406509320417,6.098457130218885,38564100,5476,198176.68503615996,81
1,20,12,1,0,0,0,989.2678,165,1,0,0,0.8999760509952477,400,0.0,2.276026951785313,1.7777906482148684,0.0,5.10594547390058,6.8969650735330195,1,27225,978650.7801168399,144
1,18,11,1,0,0,1,858.2543,214,929,0,0,0.8953939766636289,324,13.30320267774623,2.3126535938715844,1.774458697640336,6.834108738813838,5.365976015021851,6.754900442520415,863041,45796,736600.4434684899,121
1,27,12,1,0,1,0,3670.872,334,1,0,0,0.9105312553354892,729,0.0,2.367644427052091,1.7988591796239395,0.0,5.811140992976701,8.208184515005525,1,111556,13475301.240384,144
1,21,12,0,0,0,0,3670.872,334,12558,0,0,0.9019298153935923,441,24.415252457632977,2.367644427052091,1.7988591796239395,9.438113191674054,5.811140992976701,8.208184515005525,157703364,111556,13475301.240384,144
1,20,12,1,0,0,0,1.0,377,1652,1,0,0.8999760509952477,400,15.338220235379266,2.381085183543007,0.0,7.409741954080923,5.932245187448011,0.0,2729104,142129,1.0,144
1,19,10,1,0,0,1,1.0,385,8124,1,0,0.8978095367379674,361,22.182204702387075,2.383354296220458,0.0,9.002577922700276,5.953243334287785,0.0,65999376,148225,1.0,100
1,23,12,1,0,0,0,5506.308,501,671,0,0,0.9053122666312631,529,12.241621126528676,2.410349392889509,1.802844761060722,6.508769136971682,6.2166061010848646,8.61364962311369,450241,251001,30319427.790864,144
1,18,10,1,0,0,1,1.0,798,9737,1,0,0.8953939766636289,324,23.089892141387214,2.45201399173499,0.0,9.183688340978756,6.682108597449809,0.0,94809169,636804,1.0,100
1,27,13,0,0,1,0,9381.566,853,1,0,0,0.9105312553354892,729,0.0,2.4574072046939475,1.806897721550834,0.0,6.748759547491679,9.146501979024999,1,727609,88013780.612356,169
1,18,11,0,0,0,1,3678.231,919,4321,0,0,0.8953939766636289,324,19.23648885186041,2.4632804352510997,1.7988811290576912,8.371242135931933,6.823286122355687,8.210187209064816,18671041,844561,13529383.289361002,121
1,27,9,1,0,1,1,1.0,934,1773,1,0,0.9105312553354892,729,15.602734235666016,2.4645348242262455,0.0,7.480428306074208,6.839476438228843,0.0,3143529,872356,1.0,81
1,22,12,1,0,0,0,5605.852,936,1,0,0,0.9037004289852875,484,0.0,2.46469998411122,1.8030012024383502,0.0,6.841615476477592,8.63156633109083,1,876096,31425576.645903997,144
1,23,10,1,0,1,1,1.0,936,11233,1,0,0.9053122666312631,529,23.827047761183834,2.46469998411122,0.0,9.326611153641569,6.841615476477592,0.0,126180289,876096,1.0,100
1,23,12,0,1,0,0,9385.74,1117,559,0,0,0.9053122666312631,529,11.672018703588154,2.4779028064707496,1.8069006330960269,6.326149473155099,7.018401799069201,9.146946795139662,312481,1247689,88092115.3476,144
1,20,11,1,0,0,1,3637.498,1220,1085,0,0,0.8999760509952477,400,13.831687462363252,2.4841704456046876,1.7987587736840944,6.98933526597456,7.106606137727303,8.199051361651419,1177225,1488400,13231391.700004,121
1,17,9,1,0,0,1,1716.509,1253,5445,0,0,0.8926843787860457,289,20.277228470041074,2.486026541731834,1.7885113708509899,8.602453035367061,7.133295954896068,7.448047856111499,29648025,1570009,2946403.1470810003,81
1,26,11,1,0,1,1,1.0,1392,1460,1,0,0.9093818367743478,676,14.883769805562185,2.493164556120893,0.0,7.286191714702382,7.238496840894365,0.0,2131600,1937664,1.0,121
1,24,11,1,0,1,1,824.3886,1666,4032,0,0,0.9067855800545518,576,18.933098788676176,2.5047245927855206,1.7734661865463808,8.302017809751204,7.418180822726788,6.714642020681974,16257024,2775556,679616.56380996,121
1,31,9,1,0,0,1,1.0,1698,10363,1,0,0.9143656086563898,961,23.4089681850219,2.50590369178553,0.0,9.245997049184217,7.437206366871292,0.0,107391769,2883204,1.0,81
1,23,8,0,0,1,1,1.0,1713,4232,1,0,0.9053122666312631,529,19.14488353377224,2.506445933459708,0.0,8.350429973538136,7.44600149832412,0.0,17909824,2934369,1.0,64
1,18,10,1,0,0,1,2143.411,1784,11141,0,0,0.8953939766636289,324,23.78412307401709,2.508926723495255,1.791993669997892,9.318387276059317,7.486613313139955,7.670153764298946,124121881,3182656,4594210.714921,100
1,29,12,1,0,0,0,10881.94,1817,1,0,0,0.9125849690064383,841,0.0,2.510034048752965,1.807830362643593,0.0,7.504942068396171,9.294859813338334,1,3301489,118416618.16360001,144
1,26,11,0,0,0,1,1.0,2226,13385,1,0,0.9093818367743478,676,24.756956206236215,2.521804343336081,0.0,9.501889955954454,7.70796153183549,0.0,179158225,4955076,1.0,121
1,24,9,1,0,0,1,9154.7,2288,4849,0,0,0.9067855800545518,576,19.750088007714307,2.5233294310632592,1.806736389432991,8.486527777105353,7.7354333524996886,9.122022687592997,23512801,5234944,83808532.09000002,81
1,24,10,1,0,0,1,4250.402,2421,1660,0,0,0.9067855800545518,576,15.356192634136873,2.5264172701516814,1.8004035524462247,7.414572881350589,7.791935956938058,8.35476884568057,2755600,5861241,18065917.161604002,100
1,46,8,1,0,0,1,3165.658,2594,1,0,0,0.9226657788429925,2116,0.0,2.5301016322203025,1.7971675405606846,0.0,7.860956364876389,8.06011621186445,1,6728836,10021390.572964,64
1,31,12,0,0,0,0,1.0,2611,2484,1,0,0.9143656086563898,961,16.91118645285586,2.5304454195580544,0.0,7.81762544305337,7.8674885686991285,0.0,6170256,6817321,1.0,144
1,19,11,1,0,0,1,2305.026,2615,4146,0,0,0.8978095367379674,361,19.054847663171394,2.5305258638375756,1.7930440932547125,8.329899292995725,7.869019376499023,7.742847235193596,17189316,6838225,5313144.860675999,121
1,19,8,1,0,0,1,1.0,2657,9970,1,0,0.8978095367379674,361,23.210573770041204,2.5313604444738487,0.0,9.207335862955883,7.884952945759814,0.0,99400900,7059649,1.0,64
1,27,11,1,0,0,1,2206.94,2666,1,0,0,0.9105312553354892,729,0.0,2.531536926585494,1.7924207851275753,0.0,7.888334500738654,7.6993622196615386,1,7107556,4870584.163600001,121
1,20,10,1,0,0,1,5005.731,2777,5615,0,0,0.8999760509952477,400,20.41885491211526,2.5336483330398964,1.8019861388403597,8.633196867172543,7.9291264873067995,8.518338735030536,31528225,7711729,25057342.844360996,100
1,28,10,1,0,0,1,1.0,2836,3196,1,0,0.9115959854982888,784,17.941516397430988,2.5347239832647834,0.0,8.069655306886165,7.950149887652018,0.0,10214416,8042896,1.0,100
1,19,8,1,0,0,1,2636.353,2937,7535,0,0,0.8978095367379674,361,21.81348525612712,2.536495763440086,1.794877741139113,8.927314111060596,7.98514393119862,7.877151801679344,56776225,8625969,6950357.140609001,64
1,23,12,1,0,0,0,6269.341,3039,8484,0,0,0.9053122666312631,529,22.3968674008462,2.5382020678892054,1.8039438331630608,9.045937315684574,8.019283792916793,8.743426524434927,71978256,9235521,39304636.57428101,144
1,42,9,1,0,1,1,1.0,3058,1294,1,0,0.9210495967260742,1764,14.449317059337787,2.53851122433982,0.0,7.165493475060845,8.025516386489008,0.0,1674436,9351364,1.0,81
1,18,9,1,0,0,1,1.0,3287,5010,1,0,0.8953939766636289,324,19.89752218939814,2.5420411633605213,0.0,8.51919119407891,8.097730573664219,0.0,25100100,10804369,1.0,81
1,21,12,1,0,0,0,6473.683,3332,9371,0,0,0.9019298153935923,441,22.895436658927615,2.5426952149308297,1.8042035925547186,9.145375093123823,8.111328003286733,8.775500468196226,87815641,11102224,41908571.584489,144
1,27,10,1,0,0,1,1001.146,3550,1,0,0,0.9105312553354892,729,0.0,2.5457000729505066,1.7780589102889208,0.0,8.174702882469461,6.908900622825393,1,12602500,1002293.3133159999,100
1,21,8,1,0,0,1,989.2678,3695,4279,0,0,0.9019298153935923,441,19.19345475670526,2.5475617782062225,1.7777906482148684,8.361474616416817,8.214735833382303,6.8969650735330195,18309841,13653025,978650.7801168399,64
1,22,9,1,0,0,1,2192.877,3836,3462,0,0,0.9037004289852875,484,18.27808097035257,2.5492782649813206,1.7923278921749255,8.149601735736155,8.252185436003328,7.692969659293623,11985444,14714896,4808709.537129,81
1,31,4,1,0,0,1,8517.589,4023,7382,0,0,0.9143656086563898,961,21.713835646255763,2.5514254384285318,1.8062481617380801,8.906799883589944,8.299783171949787,9.049888598555963,54493924,16184529,72549322.372921,16
1,29,10,1,0,0,1,1.0,4398,1,1,0,0.9125849690064383,841,0.0,2.555344340647605,0.0,0.0,8.388905171114706,0.0,1,19342404,1.0,100
1,29,12,1,0,0,0,9748.387,4878,10976,0,0,0.9125849690064383,841,23.706402581350464,2.5597379097827355,1.807146176968991,9.303466349965667,8.492490578775866,9.18485711440843,120472576,23794884,95031049.10176902,144
1,19,10,0,0,0,1,1.0,5324,13829,1,0,0.8978095367379674,361,24.93329806577818,2.5633183179922057,0.0,9.534523115464658,8.579980179515003,0.0,191241241,28344976,1.0,100
1,19,11,0,1,1,1,5424.485,5463,6788,0,0,0.8978095367379674,361,21.310090787758107,2.564350884247397,1.8027128499930576,8.822911626354117,8.605753368395717,8.598678243026864,46076944,29844369,29425037.515224997,121
1,31,9,1,0,0,1,10717.03,5517,9558,0,0,0.9143656086563898,961,22.995555201893737,2.5647423358744645,1.8077378400039397,9.165133779138104,8.61558951327243,9.279589343999925,91355364,30437289,114854732.02090001,81
1,22,10,1,0,1,1,1468.348,5588,13228,0,0,0.9037004289852875,484,24.69344849430122,2.565249081149026,1.7857956512474504,9.490091074101683,8.628376720376853,7.2918932383015465,174979984,31225744,2156045.849104,100
1,21,9,1,0,0,1,6416.47,5749,743,0,0,0.9019298153935923,441,12.567646983411144,2.56636608213093,1.8041321571158404,6.610696044717759,8.656781205623291,8.76662340122747,552049,33051001,41171087.260900006,81
1,17,10,1,0,0,1,1291.468,5793,5522,0,0,0.8926843787860457,289,20.34182112148437,2.566663892067615,1.783381974041428,8.6164953924901,8.664405571096625,7.163534834838299,30492484,33558849,1667889.5950240002,100
1,26,12,1,0,1,0,8408.762,5794,1424,0,0,0.9093818367743478,676,14.793138525922789,2.5666706243202237,1.806159075434671,7.261225091971921,8.664578178329295,9.03702953642368,2027776,33570436,70707278.372644,144
1,19,10,1,0,0,1,4121.949,6056,1,0,0,0.8978095367379674,361,0.0,2.5683813497175714,1.800090457410902,0.0,8.708804795117285,8.32408138873922,1,36675136,16990463.558600996,100
1,28,11,1,0,0,1,1929.029,6871,1,0,0,0.9115959854982888,784,0.0,2.573112178617828,1.790394382822808,0.0,8.835064935031076,7.564772046488939,1,47210641,3721152.882841,121
1,22,12,0,1,1,0,492.2305,7055,10092,0,0,0.9037004289852875,484,23.272840282362726,2.574074378037889,1.7586036917632935,9.219498309760949,8.861491864286915,6.1989471027173115,101848464,49773025,242290.86513025,144
