treat,age,agesq,education,educsq,black,hispanic,married,nodegree,re75,u75,propensity_score,propensity_logit,re78
1.0,25,625,10,100,1.0,0.0,0.0,1.0,0,1,0.601949267164903,0.4135937013493138,0
1.0,21,441,12,144,0.0,0.0,0.0,0.0,334,0,0.4347966756136588,-0.26230702314558474,12558
1.0,41,1681,14,196,0.0,0.0,0.0,0.0,0,1,0.40610032263376966,-0.38011018261500523,5149
1.0,33,1089,11,121,1.0,0.0,0.0,1.0,7867,0,0.30532676202579817,-0.8220590197913112,6281
1.0,17,289,10,100,1.0,0.0,0.0,1.0,156,0,0.476028365274865,-0.095960107282367,10641
1.0,19,361,11,121,1.0,0.0,0.0,1.0,1927,0,0.32319727149504823,-0.7391169553079399,11965
1.0,21,441,9,81,1.0,0.0,0.0,1.0,0,1,0.4695613818652577,-0.12190521677592843,0
1.0,27,729,11,121,1.0,0.0,1.0,1.0,2142,0,0.4004374423080559,-0.40364276347461614,2186
1.0,29,841,8,64,1.0,0.0,0.0,1.0,0,1,0.40957126461296084,-0.36573802663954924,1923
1.0,24,576,12,144,1.0,0.0,0.0,0.0,2842,0,0.539531037069547,0.15845485757301558,6167
1.0,25,625,8,64,0.0,0.0,0.0,1.0,23096,0,0.4160234602292763,-0.3391191569428012,6421
1.0,21,441,11,121,1.0,0.0,0.0,1.0,2217,0,0.33505554863360415,-0.6854071704913184,4082
1.0,25,625,11,121,1.0,0.0,1.0,1.0,0,1,0.4678207885857778,-0.12889500396760242,0
1.0,28,784,11,121,1.0,0.0,1.0,1.0,6952,0,0.4263412053246994,-0.2967948080644777,7318
1.0,17,289,9,81,1.0,0.0,0.0,1.0,1667,0,0.28537396907942264,-0.9179588798551106,5594
1.0,20,400,12,144,1.0,0.0,0.0,0.0,9227,0,0.5051839515675572,0.020736549305698147,0
1.0,17,289,10,100,1.0,0.0,0.0,1.0,856,0,0.4090658333049866,-0.36782851341463285,3251
1.0,42,1764,14,196,1.0,0.0,0.0,0.0,0,1,0.5000029278271215,1.1711308486264518e-05,20505
1.0,28,784,15,225,1.0,0.0,0.0,0.0,0,1,0.4179125581867479,-0.3313484604108854,9598
1.0,28,784,8,64,1.0,0.0,0.0,1.0,1182,0,0.28537396907942264,-0.9179588798551106,7779
1.0,21,441,11,121,0.0,1.0,0.0,1.0,17983,0,0.4297019162910147,-0.28306742763819703,15191
1.0,30,900,11,121,1.0,0.0,0.0,1.0,0,1,0.41986151176927067,-0.32334192482982094,0
1.0,17,289,8,64,1.0,0.0,0.0,1.0,0,1,0.42857983866680355,-0.2876477313132332,0
1.0,26,676,12,144,1.0,0.0,1.0,0.0,5794,0,0.45291110740176377,-0.18891542321308288,1424
1.0,22,484,12,144,1.0,0.0,0.0,0.0,0,1,0.31540868059329275,-0.774952849572431,18678
1.0,22,484,10,100,1.0,0.0,0.0,1.0,653,0,0.5421934083576224,0.169175973840282,11134
1.0,26,676,11,121,0.0,0.0,0.0,1.0,22959,0,0.45489686304664373,-0.1809043002418496,2746
1.0,31,961,9,81,1.0,0.0,0.0,1.0,1698,0,0.40599789617144283,-0.3805348834107206,10363
1.0,21,441,11,121,1.0,0.0,1.0,1.0,4167,0,0.34498344968419314,-0.6411640590229554,11300
1.0,27,729,11,121,1.0,0.0,0.0,1.0,2666,0,0.36398680273345696,-0.5581017027912268,0
1.0,26,676,10,100,1.0,0.0,0.0,1.0,0,1,0.4746315134087225,-0.10156115387969777,9265
1.0,22,484,11,121,0.0,0.0,0.0,1.0,0,1,0.5447481044043267,0.17947261160970712,1048
1.0,30,900,12,144,1.0,0.0,0.0,0.0,0,1,0.42969970380665773,-0.2830764560483746,24909
1.0,24,576,10,100,1.0,0.0,1.0,1.0,4078,0,0.4161710832403799,-0.3385115556483656,0
1.0,25,625,11,121,1.0,0.0,0.0,1.0,0,1,0.4059087592248208,-0.38090450819278127,485
1.0,28,784,10,100,1.0,0.0,0.0,1.0,2836,0,0.43278358963647223,-0.27050309695711694,3196
1.0,24,576,11,121,1.0,0.0,0.0,1.0,0,1,0.45077266977210984,-0.1975492820949604,995
1.0,41,1681,9,81,1.0,0.0,1.0,1.0,7212,0,0.34475152444708657,-0.6421905771335477,3154
1.0,23,529,12,144,1.0,0.0,0.0,0.0,0,1,0.5350275078983896,0.14033991513992553,0
1.0,21,441,12,144,1.0,0.0,0.0,0.0,3332,0,0.3998744430050311,-0.40598828963625966,9371
1.0,31,961,9,81,1.0,0.0,0.0,1.0,5517,0,0.5862164717037031,0.3483461684359522,9558
1.0,23,529,10,100,1.0,0.0,0.0,1.0,0,1,0.48455344295307845,-0.061805895390425226,7693
1.0,18,324,11,121,1.0,0.0,0.0,1.0,0,1,0.29332831678033455,-0.879273661095824,0
1.0,19,361,8,64,1.0,0.0,0.0,1.0,2937,0,0.4184450900767985,-0.3291597207573728,7535
1.0,25,625,11,121,1.0,0.0,0.0,1.0,0,1,0.4443372348274206,-0.2235777607440493,9897
1.0,18,324,10,100,1.0,0.0,0.0,1.0,1371,0,0.42671124964684337,-0.2952819629574083,12064
1.0,17,289,10,100,1.0,0.0,0.0,1.0,1000,0,0.4064245573961086,-0.37876599961862595,1433
1.0,20,400,11,121,1.0,0.0,0.0,1.0,0,1,0.35024313031366716,-0.617970674921089,3972
1.0,19,361,9,81,1.0,0.0,0.0,1.0,798,0,0.5926761234630599,0.3750394491916391,17685
1.0,25,625,12,144,1.0,0.0,0.0,0.0,2746,0,0.4071318027743935,-0.37583513715995875,2090
1.0,18,324,10,100,0.0,1.0,0.0,1.0,12625,0,0.33092646899472367,-0.7039977632585889,0
1.0,37,1369,9,81,1.0,0.0,0.0,1.0,0,1,0.3529486286846516,-0.606103172062293,1067
1.0,27,729,9,81,1.0,0.0,0.0,1.0,0,1,0.5488618520994667,0.19607316709064632,0
1.0,21,441,12,144,1.0,0.0,0.0,0.0,0,1,0.3935108298266212,-0.4325782826820752,9983
1.0,23,529,11,121,1.0,0.0,0.0,1.0,1961,0,0.47503551908845487,-0.09994102662900815,3689
1.0,26,676,10,100,1.0,0.0,1.0,1.0,0,1,0.420049983318136,-0.32256820959533977,0
1.0,27,729,11,121,1.0,0.0,0.0,1.0,0,1,0.44187895645329706,-0.23353987238080792,549
1.0,19,361,11,121,0.0,1.0,1.0,1.0,5463,0,0.5643960304830324,0.25902268301700637,6788
1.0,21,441,11,121,1.0,0.0,0.0,1.0,2158,0,0.3905552025737524,-0.4449790514450822,0
1.0,20,400,10,100,1.0,0.0,0.0,1.0,5100,0,0.4448909346253174,-0.2213354472316928,13626
1.0,26,676,10,100,1.0,0.0,1.0,1.0,8141,0,0.35324665593099824,-0.604798436686271,4635
1.0,22,484,12,144,1.0,0.0,0.0,0.0,936,0,0.34175195351896503,-0.6554966388157673,0
1.0,20,400,12,144,1.0,0.0,0.0,0.0,1160,0,0.4151279259560373,-0.3428064184251189,702
1.0,17,289,10,100,1.0,0.0,0.0,1.0,0,1,0.2770134747016061,-0.9593244346404283,0
1.0,18,324,11,121,0.0,1.0,0.0,1.0,5491,0,0.3303197423510479,-0.7067392695066635,2454
1.0,23,529,12,144,1.0,0.0,0.0,0.0,7782,0,0.45379650473779237,-0.18534273814662186,14416
1.0,29,841,10,100,1.0,0.0,1.0,1.0,4923,0,0.46069018566590764,-0.15756443183691718,130
1.0,22,484,11,121,1.0,0.0,0.0,1.0,7497,0,0.3769932843218918,-0.502329924489416,668
1.0,18,324,10,100,1.0,0.0,0.0,1.0,699,0,0.44092332705321174,-0.23741562588216955,480
1.0,25,625,12,144,1.0,0.0,0.0,0.0,0,1,0.28012889200546764,-0.9438223534689397,0
1.0,29,841,11,121,1.0,0.0,1.0,1.0,0,1,0.3529486286846516,-0.606103172062293,9642
1.0,24,576,12,144,1.0,0.0,0.0,0.0,12982,0,0.5422159668099136,0.16926685517374834,0
1.0,19,361,11,121,1.0,0.0,0.0,1.0,0,1,0.4548138219941789,-0.18123919456473972,7458
1.0,17,289,9,81,0.0,0.0,0.0,1.0,1618,0,0.47588805059392725,-0.09652266666461033,6011
1.0,26,676,12,144,1.0,0.0,0.0,0.0,6608,0,0.44865986222075954,-0.2060868731451077,5811
1.0,23,529,12,144,0.0,0.0,0.0,0.0,3903,0,0.4242451015826632,-0.30537068856960603,796
1.0,42,1764,14,196,1.0,0.0,1.0,0.0,0,1,0.420049983318136,-0.32256820959533977,13167
1.0,18,324,10,100,1.0,0.0,1.0,1.0,1958,0,0.453889953815442,-0.1849657290424995,10989
1.0,32,1024,10,100,1.0,0.0,0.0,1.0,2321,0,0.40070096821992107,-0.4025452579176972,179
1.0,26,676,11,121,1.0,0.0,1.0,1.0,1392,0,0.5348319417228459,0.13955381398449582,1460
1.0,31,961,12,144,0.0,0.0,0.0,0.0,2611,0,0.32675313478642687,-0.7229071291853162,2484
1.0,20,400,9,81,1.0,0.0,0.0,1.0,0,1,0.418360645372303,-0.32950674156203713,8881
1.0,27,729,11,121,1.0,0.0,0.0,1.0,0,1,0.4431275130951221,-0.22847871679068849,0
1.0,23,529,12,144,1.0,0.0,0.0,0.0,3039,0,0.5189172523413731,0.07570514586850279,8484
1.0,33,1089,12,144,1.0,0.0,1.0,0.0,10941,0,0.5556320000050892,0.2234531566625063,15952
1.0,22,484,10,100,1.0,0.0,0.0,1.0,1071,0,0.295434894389823,-0.8691322519763971,7315
1.0,27,729,12,144,1.0,0.0,1.0,0.0,334,0,0.4071499825607718,-0.37575982023930043,0
1.0,23,529,12,144,1.0,0.0,1.0,0.0,15079,0,0.5597917133330076,0.2403167803728733,10283
1.0,18,324,11,121,0.0,0.0,0.0,1.0,919,0,0.4163749554526671,-0.33767254009444303,4321
1.0,27,729,13,169,0.0,0.0,1.0,0.0,853,0,0.46213780396917165,-0.15173926254983353,0
1.0,38,1444,11,121,1.0,0.0,0.0,1.0,0,1,0.47461549211123777,-0.10162540457084171,0
1.0,18,324,9,81,1.0,0.0,0.0,1.0,1182,0,0.5665297859870735,0.26770657466305864,5100
1.0,27,729,8,64,1.0,0.0,0.0,1.0,7218,0,0.4471978676742976,-0.2119989761052388,7976
1.0,26,676,11,121,1.0,0.0,1.0,1.0,2754,0,0.5180597824065704,0.07227056918244211,26372
1.0,18,324,9,81,1.0,0.0,0.0,1.0,0,1,0.5000447375625039,0.00017895025049304413,4482
1.0,18,324,11,121,1.0,0.0,0.0,1.0,0,1,0.46705730463577727,-0.13196194685750642,4814
1.0,49,2401,8,64,0.0,0.0,1.0,1.0,7285,0,0.4324931547123199,-0.2716863124718143,16717
1.0,22,484,11,121,1.0,0.0,0.0,1.0,606,0,0.4523331355998309,-0.19124825639072907,317
1.0,18,324,12,144,0.0,1.0,0.0,0.0,535,0,0.46358891320642204,-0.14590262347379995,1115
1.0,29,841,14,196,1.0,0.0,0.0,0.0,679,0,0.40592983781842434,-0.38081709912535705,17814
1.0,22,484,12,144,0.0,0.0,0.0,0.0,8455,0,0.4793408522647259,-0.08268366494118376,12590
1.0,46,2116,13,169,1.0,0.0,0.0,0.0,0,1,0.48721320298850923,-0.0511583426589315,647
1.0,24,576,15,225,1.0,0.0,0.0,0.0,13008,0,0.4572368259338558,-0.17147160593216437,14683
1.0,24,576,10,100,1.0,0.0,0.0,1.0,2421,0,0.31662593814341267,-0.7693213131396733,1660
1.0,38,1444,9,81,0.0,0.0,0.0,1.0,0,1,0.48771878210239605,-0.04913475439680033,6408
1.0,20,400,12,144,0.0,0.0,1.0,0.0,8644,0,0.47761659066582185,-0.08959351985918369,11656
1.0,24,576,10,100,1.0,0.0,0.0,1.0,0,1,0.40635294642411846,-0.379062848740688,0
1.0,22,484,11,121,1.0,0.0,0.0,1.0,12170,0,0.4616544250967053,-0.15368407292278952,8408
1.0,23,529,12,144,1.0,0.0,0.0,0.0,7841,0,0.4630742546645244,-0.1479723896326794,7947
1.0,31,961,11,121,1.0,0.0,1.0,1.0,0,1,0.3319773284224762,-0.6992554337473685,14509
1.0,44,1936,11,121,1.0,0.0,0.0,1.0,0,1,0.5190278886124701,0.07614832906482043,0
1.0,23,529,10,100,1.0,0.0,0.0,1.0,2217,0,0.44113874433741745,-0.23654180241018433,0
1.0,26,676,12,144,1.0,0.0,0.0,0.0,0,1,0.43002046567392427,-0.2817676533473687,10747
1.0,22,484,12,144,0.0,1.0,1.0,0.0,7055,0,0.5515704017531571,0.20701778798522483,10092
1.0,18,324,11,121,1.0,0.0,0.0,1.0,851,0,0.5004404154687826,0.0017616623307335113,0
1.0,21,441,8,64,1.0,0.0,0.0,1.0,3695,0,0.4424692145337607,-0.23114683202427386,4279
1.0,19,361,10,100,1.0,0.0,0.0,1.0,3473,0,0.34415807941093474,-0.6448187002015393,5861
1.0,32,1024,11,121,1.0,0.0,0.0,1.0,0,1,0.5536368847301452,0.21537624855578716,8472
1.0,24,576,11,121,1.0,0.0,1.0,1.0,1666,0,0.4236850952674135,-0.3076637414570362,4032
1.0,29,841,13,169,1.0,0.0,0.0,0.0,0,1,0.44904980647083387,-0.20451060305598892,7479
1.0,28,784,9,81,1.0,0.0,0.0,1.0,0,1,0.5712319951935976,0.2868794321350481,10694
1.0,25,625,12,144,1.0,0.0,0.0,0.0,0,1,0.47247249160575744,-0.11022148618998547,11965
1.0,19,361,9,81,0.0,0.0,0.0,1.0,0,1,0.41429938340741024,-0.3462199050332872,13188
1.0,18,324,10,100,1.0,0.0,0.0,1.0,798,0,0.31662593814341267,-0.7693213131396733,9737
1.0,25,625,12,144,1.0,0.0,0.0,0.0,0,1,0.41011886227198374,-0.36347402946213375,3191
1.0,31,961,11,121,1.0,0.0,1.0,1.0,0,1,0.3495862291687588,-0.6208584781182024,8087
1.0,20,400,12,144,1.0,0.0,0.0,0.0,165,0,0.3014424056710049,-0.8404386576458448,0
1.0,17,289,9,81,1.0,0.0,0.0,1.0,375,0,0.4647870393554887,-0.14108540416981522,3621
1.0,22,484,9,81,1.0,0.0,0.0,1.0,0,1,0.4676386935661832,-0.12962643079689135,4056
1.0,37,1369,11,121,1.0,0.0,1.0,1.0,0,1,0.4187000037442477,-0.32811228629849004,9930
1.0,26,676,12,144,1.0,0.0,0.0,0.0,1088,0,0.4957676283980737,-0.016929890768251476,11460
1.0,23,529,12,144,1.0,0.0,1.0,0.0,0,1,0.5138546071581119,0.055432618603538396,5911
1.0,19,361,8,64,0.0,1.0,0.0,1.0,1862,0,0.4795622963595013,-0.08179638998338228,8774
1.0,20,400,12,144,1.0,0.0,0.0,0.0,0,1,0.45850189646257167,-0.16637513627522874,0
1.0,25,625,9,81,1.0,0.0,0.0,1.0,1536,0,0.47796843458663785,-0.0881833623136069,1709
1.0,19,361,11,121,1.0,0.0,0.0,1.0,10224,0,0.38553210755522,-0.46613220013846207,11293
1.0,42,1764,9,81,1.0,0.0,1.0,1.0,3058,0,0.4683554528580679,-0.1267475992772567,1294
1.0,19,361,9,81,1.0,0.0,0.0,1.0,0,1,0.309241947829608,-0.8036656476810556,8173
1.0,20,400,9,81,1.0,0.0,0.0,1.0,660,0,0.577008247592952,0.31050387932735585,12229
1.0,18,324,8,64,0.0,1.0,1.0,1.0,0,1,0.4626449702873791,-0.14969905435285583,2787
1.0,27,729,13,169,1.0,0.0,0.0,0.0,0,1,0.5720056310753008,0.29003879709132585,14581
1.0,18,324,10,100,1.0,0.0,0.0,1.0,0,1,0.571143357780319,0.28651754679689756,11163
1.0,19,361,10,100,0.0,0.0,0.0,1.0,5324,0,0.47679506845148106,-0.09288645315633175,13829
1.0,27,729,10,100,1.0,0.0,0.0,1.0,3213,0,0.4726737665744508,-0.10941395650145401,2094
1.0,17,289,9,81,1.0,0.0,0.0,1.0,1253,0,0.42802827433989915,-0.28990030455225346,5445
1.0,19,361,10,100,1.0,0.0,0.0,1.0,6056,0,0.42515750026391724,-0.30163640064412767,0
1.0,18,324,12,144,1.0,0.0,0.0,0.0,562,0,0.40529782433623596,-0.3834385695413116,0
1.0,20,400,9,81,0.0,1.0,0.0,1.0,5875,0,0.42886549299772797,-0.28648141221265194,1358
1.0,20,400,12,144,1.0,0.0,0.0,0.0,6085,0,0.5531429351853249,0.21337766246790935,9750
1.0,27,729,12,144,1.0,0.0,1.0,0.0,7806,0,0.45437379571871445,-0.18301393587917877,2777
1.0,26,676,10,100,1.0,0.0,0.0,1.0,6788,0,0.4405657216719178,-0.23886642370407746,672
1.0,25,625,8,64,1.0,0.0,0.0,1.0,0,1,0.5273049409392359,0.1093285315999984,0
1.0,17,289,8,64,1.0,0.0,0.0,1.0,0,1,0.4411670881545724,-0.23642683461719854,8061
1.0,27,729,9,81,1.0,0.0,1.0,1.0,934,0,0.4772523744921765,-0.09105335803227889,1773
1.0,17,289,9,81,1.0,0.0,0.0,1.0,1341,0,0.4403472076633903,-0.2397530537006874,1374
1.0,17,289,9,81,0.0,1.0,0.0,1.0,74,0,0.4135865205940037,-0.3491584047938667,6210
1.0,19,361,10,100,1.0,0.0,0.0,1.0,1374,0,0.4911322905417008,-0.03547455759446516,13278
1.0,29,841,12,144,1.0,0.0,0.0,0.0,4878,0,0.5167607506018034,0.06706813122537282,10976
1.0,19,361,12,144,1.0,0.0,0.0,0.0,2534,0,0.568706727520072,0.27657657859538193,4551
1.0,33,1089,8,64,1.0,0.0,0.0,1.0,0,1,0.45263223022016796,-0.19004097420437474,289
1.0,21,441,11,121,0.0,1.0,0.0,1.0,6658,0,0.4302905129907492,-0.28066596681689954,9381
1.0,24,576,11,121,1.0,0.0,0.0,1.0,9180,0,0.40796070477594915,-0.37240215180657293,0
1.0,17,289,10,100,0.0,1.0,0.0,1.0,2202,0,0.35428307174618917,-0.6002649848960778,4387
1.0,19,361,9,81,0.0,1.0,0.0,1.0,6511,0,0.43152810261201807,-0.2756192429293175,7913
1.0,21,441,12,144,0.0,0.0,0.0,0.0,0,1,0.40590017498753284,-0.38094010586471316,8048
1.0,25,625,11,121,1.0,0.0,0.0,1.0,0,1,0.44849212001192246,-0.20676501518010054,0
1.0,24,576,10,100,1.0,0.0,0.0,1.0,0,1,0.43442939163536687,-0.26380172118976924,0
1.0,31,961,9,81,0.0,1.0,0.0,1.0,0,1,0.46295258622009616,-0.1484617411582417,26817
1.0,40,1600,12,144,1.0,0.0,0.0,0.0,0,1,0.32675313478642687,-0.7229071291853162,10804
1.0,18,324,10,100,1.0,0.0,0.0,1.0,1784,0,0.5682074002837797,0.27454111370499923,11141
1.0,17,289,8,64,1.0,0.0,0.0,1.0,0,1,0.2880266746778256,-0.9049873500189606,0
1.0,23,529,12,144,0.0,1.0,0.0,0.0,1117,0,0.4184914085599278,-0.32896938587627406,559
1.0,29,841,10,100,0.0,1.0,0.0,1.0,8853,0,0.5258024732872482,0.10330165822743188,5112
1.0,23,529,11,121,1.0,0.0,0.0,1.0,0,1,0.41489673927878,-0.3437586774538257,0
1.0,19,361,8,64,0.0,0.0,0.0,1.0,3416,0,0.4827697171688925,-0.06894843276366586,9251
1.0,18,324,11,121,1.0,0.0,0.0,1.0,214,0,0.4107061511640178,-0.36104695558501876,929
1.0,27,729,10,100,0.0,1.0,0.0,1.0,421,0,0.4700362460666358,-0.11999880438129415,3075
1.0,31,961,13,169,0.0,0.0,0.0,0.0,5498,0,0.3678918123540833,-0.5412716557030817,2329
1.0,23,529,9,81,1.0,0.0,0.0,1.0,1774,0,0.39680645752818666,-0.4187894618943402,11464
1.0,19,361,11,121,1.0,0.0,0.0,1.0,192,0,0.43060526429409535,-0.27938211912446775,661
1.0,17,289,9,81,1.0,0.0,0.0,1.0,0,1,0.42969970380665773,-0.2830764560483746,0
1.0,20,400,12,144,1.0,0.0,0.0,0.0,377,0,0.5290419319211408,0.11629863248863476,1652
1.0,18,324,8,64,1.0,0.0,0.0,1.0,0,1,0.36842665483152537,-0.5389724246877582,0
1.0,23,529,10,100,1.0,0.0,0.0,1.0,15709,0,0.5029249383743154,0.011699886959316237,5665
1.0,21,441,11,121,0.0,0.0,0.0,1.0,946,0,0.4158086431848512,-0.3400034328486612,11412
1.0,22,484,9,81,0.0,1.0,0.0,1.0,0,1,0.5085757033152689,0.03430617748298367,3595
1.0,25,625,12,144,1.0,0.0,0.0,0.0,2409,0,0.4081121035826445,-0.3717753524459907,0
1.0,28,784,8,64,1.0,0.0,0.0,1.0,0,1,0.42508852859555507,-0.3019186163587637,0
1.0,23,529,11,121,1.0,0.0,0.0,1.0,8959,0,0.5533750490675817,0.21431677324145218,1659
1.0,27,729,10,100,0.0,1.0,0.0,1.0,0,1,0.47991841748619557,-0.08036956283316807,11142
1.0,35,1225,10,100,1.0,0.0,0.0,1.0,0,1,0.40656123444525827,-0.3781994777025784,4666
1.0,23,529,10,100,1.0,0.0,1.0,1.0,936,0,0.44035500038289943,-0.2397214327950865,11233
1.0,46,2116,8,64,1.0,0.0,1.0,1.0,0,1,0.49181927824535143,-0.032725807425427064,3094
1.0,24,576,12,144,0.0,1.0,1.0,0.0,7212,0,0.45271114550032665,-0.1897224592281986,6485
1.0,33,1089,12,144,0.0,0.0,1.0,0.0,0,1,0.2880266746778256,-0.9049873500189606,12418
1.0,19,361,10,100,1.0,0.0,0.0,1.0,3213,0,0.3682429528945351,-0.5397619826849334,2975
1.0,21,441,9,81,1.0,0.0,0.0,1.0,5749,0,0.4370195575565835,-0.2532669411969354,743
1.0,18,324,10,100,0.0,1.0,0.0,1.0,2589,0,0.4606700845409923,-0.15764533666882566,0
1.0,21,441,13,169,1.0,0.0,0.0,0.0,0,1,0.4375635835823883,-0.2510560610692339,17094
1.0,17,289,10,100,1.0,0.0,0.0,1.0,5793,0,0.5737314644923144,0.2970919422428621,5522
1.0,19,361,11,121,1.0,0.0,0.0,1.0,532,0,0.5494455348059366,0.19843068202606096,0
1.0,43,1849,9,81,1.0,0.0,0.0,1.0,0,1,0.3493122714873725,-0.6220635645698629,0
1.0,25,625,12,144,1.0,0.0,0.0,0.0,5204,0,0.47013159787118136,-0.11961602686170775,0
1.0,27,729,12,144,1.0,0.0,0.0,0.0,4310,0,0.5077091976249699,0.030839234426809393,0
1.0,24,576,12,144,1.0,0.0,0.0,0.0,18154,0,0.40796070477594915,-0.37240215180657293,0
1.0,30,900,10,100,1.0,0.0,0.0,1.0,2615,0,0.4373655809754175,-0.25186065758132614,0
1.0,21,441,12,144,1.0,0.0,0.0,0.0,0,1,0.4800123213505061,-0.07999334333722274,1254
1.0,24,576,11,121,1.0,0.0,0.0,1.0,0,1,0.37373336254154294,-0.5162336100710535,1991
1.0,17,289,10,100,1.0,0.0,0.0,1.0,0,1,0.43841405651242576,-0.24760102466345119,0
1.0,34,1156,11,121,0.0,1.0,0.0,1.0,4641,0,0.4488252968854943,-0.20541810621242967,2877
1.0,38,1444,12,144,0.0,0.0,0.0,0.0,0,1,0.3613864730230877,-0.5693515142134583,4941
1.0,30,900,11,121,1.0,0.0,0.0,1.0,1913,0,0.452612246304069,-0.19012163408230637,0
1.0,25,625,12,144,1.0,0.0,0.0,0.0,0,1,0.3966221077304533,-0.4195597297801029,2348
1.0,25,625,11,121,0.0,0.0,0.0,1.0,0,1,0.46297913786275763,-0.14835494871251934,18783
1.0,19,361,8,64,1.0,0.0,0.0,1.0,2657,0,0.5969148858757262,0.3926267925584158,9970
1.0,40,1600,11,121,1.0,0.0,0.0,1.0,0,1,0.5744743236895794,0.30013011292528613,23005
1.0,41,1681,9,81,1.0,0.0,1.0,1.0,5783,0,0.32626676217441347,-0.7251189073611973,0
1.0,27,729,13,169,1.0,0.0,0.0,0.0,0,1,0.42409157657590213,-0.3059992465437268,0
1.0,19,361,9,81,0.0,1.0,0.0,1.0,3276,0,0.35194815132507107,-0.6104868391617938,14271
1.0,18,324,12,144,1.0,0.0,0.0,0.0,0,1,0.4441207784709139,-0.22445449416394905,2321
1.0,28,784,11,121,1.0,0.0,0.0,1.0,6871,0,0.5342769677329792,0.13732326459548164,0
1.0,20,400,11,121,1.0,0.0,0.0,1.0,696,0,0.44120058850374155,-0.236290952976818,0
1.0,26,676,11,121,0.0,0.0,0.0,1.0,4676,0,0.3539048247226754,-0.6019188028115161,1973
1.0,17,289,10,100,1.0,0.0,0.0,1.0,0,1,0.5731518920207554,0.29472253271990895,16218
1.0,18,324,8,64,1.0,0.0,0.0,1.0,1199,0,0.4479593435581776,-0.2089192192285093,0
1.0,17,289,11,121,1.0,0.0,0.0,1.0,8497,0,0.5384129423077678,0.15395513963089769,9017
1.0,17,289,10,100,1.0,0.0,0.0,1.0,0,1,0.3458259121357014,-0.6374380011082598,0
1.0,46,2116,8,64,1.0,0.0,0.0,1.0,2594,0,0.3303197423510479,-0.7067392695066635,0
1.0,18,324,9,81,0.0,1.0,0.0,1.0,1713,0,0.4585242814365758,-0.16628497565441402,8836
1.0,19,361,11,121,1.0,0.0,0.0,1.0,2615,0,0.5691895915682171,0.27854547428167886,4146
1.0,27,729,10,100,1.0,0.0,0.0,1.0,3550,0,0.3749811315033126,-0.5109061301620523,0
1.0,26,676,11,121,1.0,0.0,0.0,1.0,0,1,0.571702799152031,0.28880192534221955,17230
1.0,22,484,9,81,1.0,0.0,0.0,1.0,3836,0,0.3131817496582949,-0.7852860098265216,3462
1.0,25,625,10,100,0.0,0.0,0.0,1.0,4712,0,0.45941432343977173,-0.16270066969304167,6103
1.0,35,1225,9,81,1.0,0.0,1.0,1.0,13830,0,0.5350420500234427,0.14039837064162944,12803
1.0,20,400,11,121,1.0,0.0,0.0,1.0,6426,0,0.420049983318136,-0.32256820959533977,16451
1.0,21,441,12,144,0.0,0.0,0.0,0.0,7390,0,0.43371756020339014,-0.2666994246725656,3557
1.0,21,441,12,144,1.0,0.0,0.0,0.0,807,0,0.4614085155631491,-0.15467356820785905,4350
1.0,23,529,8,64,0.0,0.0,1.0,1.0,1713,0,0.35652486786328114,-0.5904793885925027,4232
1.0,18,324,9,81,1.0,0.0,0.0,1.0,3287,0,0.40711515133563203,-0.3759041232235368,5010
1.0,27,729,11,121,1.0,0.0,0.0,1.0,14223,0,0.459515542979013,-0.16229311292215615,7661
1.0,22,484,10,100,1.0,0.0,1.0,1.0,5588,0,0.4153035536508635,-0.3420831100009398,13228
1.0,23,529,12,144,1.0,0.0,0.0,0.0,501,0,0.4857125905281067,-0.05716520012514657,671
1.0,20,400,11,121,1.0,0.0,0.0,1.0,1484,0,0.28012889200546764,-0.9438223534689397,6943
1.0,26,676,11,121,0.0,0.0,0.0,1.0,2226,0,0.39894171171565074,-0.4098765950379156,13385
1.0,27,729,12,144,1.0,0.0,0.0,0.0,357,0,0.4693198178756104,-0.12287509574406315,22163
0.0,31,961,14,196,0.0,0.0,1.0,0.0,20141,0,0.6020380144418633,0.41396410317883997,19653
0.0,53,2809,7,49,0.0,0.0,1.0,1.0,14322,0,0.4347874830341671,-0.2623444296848835,13299
0.0,19,361,11,121,1.0,0.0,0.0,1.0,8806,0,0.405941022944626,-0.380770717039176,9457
0.0,50,2500,11,121,0.0,0.0,1.0,1.0,1,1,0.30546723391312486,-0.8213968215795611,10344
0.0,42,1764,16,256,0.0,0.0,1.0,0.0,1,1,0.47583027224863955,-0.09675432005796035,1
0.0,48,2304,11,121,0.0,0.0,1.0,1.0,1,1,0.32197654138417386,-0.7447031970238656,11821
0.0,47,2209,8,64,0.0,0.0,1.0,1.0,33837,0,0.4694867626950177,-0.12220480647172449,38568
0.0,50,2500,14,196,0.0,0.0,1.0,0.0,1,1,0.3997602070515374,-0.4064643453140746,1
0.0,52,2704,10,100,0.0,0.0,1.0,1.0,12174,0,0.40970833980141935,-0.3651712138547037,23643
0.0,23,529,12,144,1.0,0.0,1.0,0.0,14322,0,0.539582745489394,0.1586629939763841,12294
0.0,50,2500,8,64,1.0,0.0,1.0,1.0,28913,0,0.4158976092159204,-0.33963719587198,31032
0.0,48,2304,9,81,0.0,0.0,1.0,1.0,1,1,0.3362268196308591,-0.6801545046507494,1
0.0,50,2500,7,49,0.0,0.0,1.0,1.0,14322,0,0.46796273733181265,-0.12832485783630054,1
0.0,20,400,10,100,1.0,0.0,1.0,1.0,6831,0,0.4265125057336961,-0.29609444207538244,9457
0.0,50,2500,10,100,1.0,0.0,1.0,1.0,1,1,0.28658774747936905,-0.9120146844159632,1
0.0,32,1024,10,100,0.0,0.0,1.0,1.0,25064,0,0.5051351869904077,0.020541470224023316,29554
0.0,49,2401,14,196,0.0,0.0,1.0,0.0,1,1,0.409301845566377,-0.3668522573685575,1
0.0,52,2704,15,225,0.0,0.0,1.0,0.0,35806,0,0.4999797280740551,-8.108770382405103e-05,38420
0.0,20,400,12,144,0.0,0.0,1.0,0.0,1,1,0.41793083797506025,-0.33127331632047224,4433
0.0,50,2500,10,100,1.0,0.0,1.0,1.0,1,1,0.28658774747936905,-0.9120146844159632,1
0.0,21,441,10,100,1.0,0.0,0.0,1.0,8145,0,0.4296088821591662,-0.2834470787730745,8275
0.0,25,625,12,144,1.0,0.0,0.0,0.0,1,1,0.42004947405892956,-0.32257030008211485,1
0.0,22,484,11,121,1.0,0.0,1.0,1.0,21483,0,0.4285987581175659,-0.2875704776944727,13299
0.0,24,576,10,100,1.0,0.0,0.0,1.0,3902,0,0.45302922162885345,-0.1884387490605206,7447
0.0,23,529,11,121,1.0,0.0,0.0,1.0,1,1,0.3154082292029259,-0.7749549400592061,1
0.0,24,576,12,144,1.0,0.0,0.0,0.0,13069,0,0.5421708225067577,0.16908498282431594,10344
0.0,46,2116,8,64,1.0,0.0,1.0,1.0,21483,0,0.4549128481723613,-0.18083983536307155,11390
0.0,49,2401,12,144,0.0,0.0,1.0,0.0,1,1,0.4063116515761949,-0.3792340358681856,13299
0.0,55,3025,14,196,0.0,0.0,1.0,0.0,1,1,0.3446854572922489,-0.6424830550717385,1
0.0,41,1681,11,121,0.0,0.0,1.0,1.0,1,1,0.36447629455733166,-0.5559878781420957,14481
0.0,37,1369,13,169,0.0,0.0,1.0,0.0,1,1,0.4746487653833219,-0.10149196800130447,1
0.0,20,400,12,144,0.0,0.0,1.0,0.0,15217,0,0.5447656340154223,0.17954329643102662,28815
0.0,21,441,11,121,1.0,0.0,1.0,1.0,4848,0,0.42946394381586506,-0.2840385796349192,8570
0.0,51,2601,11,121,0.0,0.0,1.0,1.0,6982,0,0.41690112402641183,-0.3355076895161037,26599
0.0,22,484,12,144,1.0,0.0,1.0,0.0,1,1,0.4054668388830505,-0.38273740254743926,1
0.0,44,1936,11,121,1.0,0.0,1.0,1.0,35806,0,0.4328117655629875,-0.27038831984746764,29554
0.0,20,400,11,121,0.0,0.0,1.0,1.0,3222,0,0.4506779164473187,-0.1979320124677033,2955
0.0,55,3025,14,196,0.0,0.0,1.0,0.0,1,1,0.3446854572922489,-0.6424830550717385,1
0.0,21,441,12,144,0.0,0.0,1.0,0.0,50129,0,0.5350260669493964,0.140334122918607,1
0.0,55,3025,8,64,0.0,0.0,1.0,1.0,3820,0,0.39969934736560997,-0.4067179845322378,4255
0.0,24,576,16,256,0.0,0.0,0.0,0.0,19505,0,0.5861719152600722,0.3481624839711949,19210
0.0,40,1600,9,81,1.0,0.0,1.0,1.0,6572,0,0.48445637876777814,-0.06219452536964417,8866
0.0,49,2401,10,100,1.0,0.0,1.0,1.0,1,1,0.29475461769817046,-0.8724025964704463,5319
0.0,52,2704,7,49,1.0,0.0,0.0,1.0,5012,0,0.41810942594055234,-0.33053923016208725,1
0.0,20,400,11,121,0.0,0.0,0.0,1.0,6194,0,0.4445972828549005,-0.2225245770177854,14777
0.0,47,2209,14,196,0.0,0.0,1.0,0.0,1,1,0.42672647234597555,-0.29521973548353875,1
0.0,50,2500,11,121,0.0,0.0,1.0,1.0,46548,0,0.407073363986587,-0.37607724997820835,47287
0.0,55,3025,12,144,0.0,1.0,1.0,0.0,1,1,0.34916567281779715,-0.6227086033061606,1
0.0,27,729,14,196,0.0,0.0,1.0,0.0,15217,0,0.5927150753282536,0.3752008023436566,13447
0.0,52,2704,10,100,0.0,0.0,1.0,1.0,17187,0,0.40717629220250046,-0.37565082405819805,39159
0.0,50,2500,8,64,0.0,0.0,1.0,1.0,1,1,0.33062908837507077,-0.7053411653017009,1
0.0,22,484,9,81,0.0,0.0,1.0,1.0,1,1,0.3533701194189542,-0.6042580714899491,16846
0.0,24,576,12,144,1.0,0.0,1.0,0.0,8951,0,0.548861871444937,0.19607324521864433,17732
0.0,36,1296,9,81,0.0,0.0,1.0,1.0,1,1,0.39351541525870115,-0.432559069485016,1
0.0,46,2116,10,100,0.0,1.0,1.0,1.0,10741,0,0.4750361635417461,-0.09993844237371617,5910
0.0,50,2500,10,100,0.0,0.0,1.0,1.0,32225,0,0.42060952555156267,-0.32027173428485567,33987
0.0,44,1936,11,121,1.0,0.0,1.0,1.0,18588,0,0.4416682417539347,-0.2343943185540768,19210
0.0,21,441,12,144,0.0,1.0,1.0,0.0,8772,0,0.5643773287660514,0.2589466147409477,10512
0.0,53,2809,8,64,1.0,0.0,1.0,1.0,15649,0,0.39032922441390444,-0.44592855113585284,12921
0.0,23,529,10,100,1.0,0.0,0.0,1.0,7161,0,0.44486662248507364,-0.22143389223380408,6649
0.0,38,1444,10,100,1.0,0.0,1.0,1.0,1,1,0.3535008446012907,-0.6036860172021041,1
0.0,26,676,10,100,1.0,0.0,1.0,1.0,1,1,0.34079425813858977,-0.659756742277001,7388
0.0,53,2809,8,64,0.0,0.0,1.0,1.0,22033,0,0.4151312124969997,-0.3427928822577556,23195
0.0,53,2809,8,64,1.0,0.0,1.0,1.0,1,1,0.2777114528451472,-0.9558420736005157,1
0.0,23,529,9,81,1.0,0.0,0.0,1.0,1,1,0.3295090805178517,-0.7104062476860902,218
0.0,21,441,11,121,0.0,0.0,1.0,1.0,13427,0,0.453759624854712,-0.18549152922813025,10344
0.0,55,3025,17,289,1.0,0.0,1.0,0.0,26854,0,0.46064680944477787,-0.15773901703174772,17806
0.0,37,1369,11,121,0.0,0.0,1.0,1.0,1,1,0.37664274566521005,-0.5038226824442477,1
0.0,44,1936,12,144,0.0,0.0,0.0,0.0,1,1,0.44089969227116854,-0.23751150402521273,1
0.0,55,3025,8,64,0.0,0.0,1.0,1.0,1,1,0.2806257360193177,-0.941359875059365,1
0.0,54,2916,13,169,0.0,0.0,1.0,0.0,1,1,0.35369879387772973,-0.6028199722720715,1
0.0,25,625,12,144,1.0,0.0,1.0,0.0,33300,0,0.5421059603273426,0.16882367817007987,29554
0.0,21,441,11,121,0.0,0.0,1.0,1.0,11458,0,0.4547800586740434,-0.1813753607679908,1
0.0,42,1764,16,256,0.0,0.0,1.0,0.0,1,1,0.47583027224863955,-0.09675432005796035,41376
0.0,20,400,11,121,0.0,0.0,1.0,1.0,7161,0,0.44864018034151887,-0.20616643987475763,14038
0.0,47,2209,11,121,1.0,0.0,1.0,1.0,10741,0,0.42397906740949864,-0.3064599166424831,14260
0.0,47,2209,12,144,0.0,0.0,0.0,0.0,1,1,0.41921879091195846,-0.3259811518377006,1
0.0,24,576,10,100,1.0,0.0,1.0,1.0,10741,0,0.4540411062832915,-0.18435595026078405,11821
0.0,49,2401,12,144,0.0,0.0,0.0,0.0,1,1,0.4018858152003543,-0.39761367372271933,1
0.0,33,1089,8,64,0.0,0.0,1.0,1.0,12890,0,0.5348410745873201,0.13959052364316174,22165
0.0,25,625,11,121,1.0,0.0,0.0,1.0,1,1,0.3262663026505463,-0.7251209978479725,3694
0.0,53,2809,8,64,0.0,0.0,1.0,1.0,14322,0,0.4190503192441101,-0.3266731387350855,1
0.0,28,784,15,225,1.0,0.0,0.0,0.0,1,1,0.4430005511355712,-0.2289932363126754,12708
0.0,20,400,12,144,1.0,0.0,1.0,0.0,8951,0,0.5190310393042918,0.07616095011346921,20688
0.0,46,2116,16,256,0.0,0.0,1.0,0.0,57290,0,0.5556023375041257,0.2233330202008235,63542
0.0,49,2401,10,100,1.0,0.0,1.0,1.0,1,1,0.29475461769817046,-0.8724025964704463,5319
0.0,51,2601,11,121,0.0,0.0,1.0,1.0,25780,0,0.40738055851628113,-0.37480465991412665,27190
0.0,28,784,12,144,1.0,0.0,0.0,0.0,17008,0,0.5597811783398075,0.24027402915702017,19949
0.0,52,2704,9,81,0.0,0.0,1.0,1.0,16112,0,0.41709302513166197,-0.33471833201569595,24045
0.0,22,484,8,64,1.0,0.0,1.0,1.0,12030,0,0.4621342774638508,-0.15175344993174653,857
0.0,37,1369,13,169,0.0,0.0,1.0,0.0,1,1,0.4746487653833219,-0.10149196800130447,1
0.0,23,529,12,144,0.0,0.0,1.0,0.0,17903,0,0.5665179302904226,0.26765829728504104,16254
0.0,36,1296,12,144,1.0,0.0,1.0,0.0,1,1,0.44743534544441976,-0.21103840054250572,17732
0.0,34,1156,10,100,0.0,0.0,1.0,1.0,2327,0,0.5180813334756189,0.07235688620423958,26599
0.0,51,2601,12,144,0.0,0.0,1.0,0.0,38939,0,0.500059330594323,0.00023732237840561206,35465
0.0,53,2809,14,196,1.0,0.0,1.0,0.0,8421,0,0.4670623461888375,-0.13194169273792225,8127
0.0,22,484,11,121,1.0,0.0,0.0,1.0,5191,0,0.43244269419945164,-0.2718919050093433,9605
0.0,20,400,10,100,0.0,0.0,0.0,1.0,3523,0,0.4523754585572733,-0.19107741322770777,9309
0.0,20,400,9,81,0.0,0.0,1.0,1.0,8951,0,0.4637239222679274,-0.1453597188290414,13299
0.0,22,484,12,144,1.0,0.0,1.0,0.0,1,1,0.4054668388830505,-0.38273740254743926,664
0.0,41,1681,8,64,1.0,0.0,1.0,1.0,32888,0,0.47937722207149935,-0.08253793736547158,42262
0.0,53,2809,15,225,0.0,0.0,1.0,0.0,37596,0,0.4872460669554322,-0.05102680098275639,38420
0.0,53,2809,12,144,1.0,0.0,1.0,0.0,21483,0,0.4571976638814736,-0.17162940949369251,23643
0.0,23,529,11,121,1.0,0.0,0.0,1.0,1,1,0.3154082292029259,-0.7749549400592061,1
0.0,26,676,10,100,0.0,0.0,0.0,1.0,14322,0,0.48776058423591184,-0.04896744526610468,17732
0.0,33,1089,12,144,0.0,0.0,1.0,0.0,1,1,0.4776160690915219,-0.08959561034595898,1
0.0,51,2601,8,64,1.0,0.0,1.0,1.0,25064,0,0.4076391728830531,-0.3737335515555384,25121
0.0,41,1681,13,169,0.0,0.0,1.0,0.0,1,1,0.46166111284264694,-0.15365716369915217,1
0.0,27,729,12,144,0.0,0.0,1.0,0.0,1,1,0.46306798921113707,-0.14799758890746997,5910
0.0,45,2025,9,81,1.0,0.0,1.0,1.0,1,1,0.3316848573880673,-0.7005745392824766,1
0.0,36,1296,7,49,1.0,0.0,1.0,1.0,15754,0,0.5191130044385626,0.0764892883729766,19210
0.0,23,529,11,121,1.0,0.0,1.0,1.0,10741,0,0.4411732920557448,-0.23640167064789952,8866
0.0,49,2401,11,121,0.0,0.0,1.0,1.0,19693,0,0.4303740655376874,-0.2803251396878193,481
0.0,25,625,12,144,1.0,0.0,0.0,0.0,6266,0,0.5515556779755483,0.20695825979315777,10344
0.0,30,900,17,289,0.0,0.0,0.0,0.0,1,1,0.5003321945430657,0.0013287783677759296,1
0.0,47,2209,11,121,0.0,0.0,1.0,1.0,30435,0,0.44246877179482447,-0.23114862674074946,36943
0.0,43,1849,9,81,1.0,0.0,1.0,1.0,1,1,0.3431728973114703,-0.6491864280801668,1
0.0,47,2209,12,144,0.0,0.0,1.0,0.0,9513,0,0.5535783125472075,0.21513923533340923,5319
0.0,47,2209,12,144,0.0,0.0,1.0,0.0,1,1,0.4237002897974228,-0.30760151398316676,1
0.0,48,2304,9,81,0.0,0.0,1.0,1.0,32225,0,0.4489552287253564,-0.2048928909698738,31032
0.0,22,484,16,256,0.0,0.0,0.0,0.0,22558,0,0.5712334037208027,0.28688518296495436,32509
0.0,27,729,15,225,0.0,0.0,1.0,0.0,1,1,0.4724797651855066,-0.110192303439842,1
0.0,24,576,12,144,1.0,0.0,0.0,0.0,1,1,0.41429887613958744,-0.3462219955200626,10344
0.0,53,2809,7,49,0.0,0.0,1.0,1.0,1,1,0.315391584136869,-0.7750320281000822,1
0.0,50,2500,9,81,1.0,0.0,1.0,1.0,16112,0,0.40989877800886143,-0.36438383856887757,16254
0.0,55,3025,13,169,0.0,1.0,1.0,0.0,1,1,0.3491156834852841,-0.6229285866290754,1
0.0,53,2809,8,64,0.0,0.0,1.0,1.0,1,1,0.3016694372212979,-0.8393607371502839,1
0.0,48,2304,8,64,0.0,0.0,1.0,1.0,26317,0,0.46479949553230737,-0.14103533119793582,28076
0.0,22,484,11,121,0.0,0.0,1.0,1.0,1790,0,0.46756531435300014,-0.12992118518251866,7388
0.0,53,2809,8,64,0.0,0.0,1.0,1.0,14322,0,0.4190503192441101,-0.3266731387350855,14843
0.0,32,1024,16,256,0.0,0.0,1.0,0.0,1,1,0.4957620121130891,-0.016952357520111778,1
0.0,28,784,7,49,1.0,0.0,1.0,1.0,8142,0,0.5137519284013031,0.055021590321648994,1477
0.0,43,1849,8,64,1.0,0.0,1.0,1.0,12532,0,0.4796986934961373,-0.08124989443282438,12930
0.0,26,676,12,144,0.0,0.0,1.0,0.0,1,1,0.4584490024644339,-0.16658818167474082,2955
0.0,51,2601,12,144,1.0,0.0,1.0,0.0,25601,0,0.4779240862451635,-0.08836110146576007,25121
0.0,52,2704,15,225,0.0,0.0,1.0,0.0,1,1,0.3851236667853111,-0.4678566682431249,1
0.0,45,2025,8,64,1.0,0.0,1.0,1.0,9537,0,0.468447733210619,-0.12637699774375905,9408
0.0,22,484,11,121,1.0,0.0,0.0,1.0,1,1,0.30924150127805144,-0.8036677381678308,879
0.0,43,1849,12,144,0.0,0.0,1.0,0.0,17903,0,0.577006929544857,0.310498479036431,26155
0.0,43,1849,10,100,1.0,0.0,1.0,1.0,2148,0,0.4626361676895012,-0.14973446242438643,1
0.0,25,625,12,144,0.0,0.0,1.0,0.0,31062,0,0.5719920993347617,0.28998352402294864,28076
0.0,31,961,12,144,1.0,0.0,1.0,0.0,19466,0,0.571142015517433,0.28651206680216185,20259
0.0,29,841,10,100,1.0,0.0,0.0,1.0,2685,0,0.47678129578217254,-0.09294166281889196,1
0.0,44,1936,10,100,0.0,0.0,1.0,1.0,26854,0,0.47269482461880874,-0.10932947217285749,23643
0.0,46,2116,11,121,1.0,0.0,1.0,1.0,17903,0,0.42814793571905085,-0.2894115489861321,13326
0.0,50,2500,8,64,1.0,0.0,1.0,1.0,9846,0,0.42561178205838035,-0.2997778845314598,9102
0.0,19,361,11,121,1.0,0.0,0.0,1.0,10741,0,0.40496590960210505,-0.38481580894896295,1
0.0,50,2500,10,100,0.0,0.0,1.0,1.0,15933,0,0.42893111081734164,-0.2862135237451928,29554
0.0,21,441,12,144,0.0,0.0,1.0,0.0,15217,0,0.5531279895871701,0.2133171972103278,23643
0.0,49,2401,8,64,0.0,0.0,1.0,1.0,28645,0,0.45438133612769754,-0.1829835210205085,2955
0.0,49,2401,9,81,0.0,0.0,1.0,1.0,30435,0,0.44072197996943363,-0.23823245625265238,29554
0.0,21,441,12,144,1.0,0.0,0.0,0.0,716,0,0.5271658149718927,0.10877037163105079,22165
0.0,28,784,14,196,1.0,0.0,1.0,0.0,1,1,0.44126317368011886,-0.23603710542614173,25874
0.0,29,841,10,100,1.0,0.0,1.0,1.0,10892,0,0.4770863982946156,-0.09171864992746989,51
0.0,20,400,11,121,0.0,0.0,0.0,1.0,14322,0,0.44040561517801363,-0.23951605352566563,36943
0.0,54,2916,8,64,0.0,0.0,1.0,1.0,537,0,0.41396694411840423,-0.3475900718274287,295
0.0,42,1764,9,81,0.0,0.0,1.0,1.0,32225,0,0.49111462317260757,-0.03554524935091299,33987
0.0,20,400,12,144,1.0,0.0,0.0,0.0,4475,0,0.5167782808201468,0.06713833106420976,17732
0.0,44,1936,12,144,0.0,0.0,1.0,0.0,22379,0,0.5687401101497717,0.27671268029767065,23643
0.0,48,2304,9,81,0.0,0.0,1.0,1.0,25064,0,0.45266148025171415,-0.18992291517350007,26968
0.0,52,2704,8,64,0.0,0.0,1.0,1.0,14322,0,0.43058386530579923,-0.27946939678355254,8748
0.0,23,529,12,144,1.0,0.0,0.0,0.0,1,1,0.40796019986335064,-0.3724042422933483,4728
0.0,54,2916,12,144,0.0,0.0,1.0,0.0,1,1,0.35374908279426154,-0.602599988949157,1
0.0,46,2116,12,144,0.0,0.0,1.0,0.0,1,1,0.431537464434992,-0.275581080043666,1
0.0,53,2809,7,49,1.0,0.0,1.0,1.0,17525,0,0.40479584872802177,-0.38552159527570823,15926
0.0,44,1936,11,121,1.0,0.0,1.0,1.0,5370,0,0.448492800418696,-0.20676226436102105,2955
0.0,49,2401,11,121,0.0,0.0,1.0,1.0,11637,0,0.4345074137223012,-0.26348417822774567,9457
0.0,27,729,13,169,0.0,0.0,1.0,0.0,1,1,0.46301329387640267,-0.14821757223038493,28076
0.0,52,2704,7,49,0.0,0.0,1.0,1.0,1,1,0.3256714758730056,-0.7278282861485497,1
0.0,46,2116,17,289,0.0,0.0,1.0,0.0,57290,0,0.568172782304295,0.27440001745973824,36943
0.0,19,361,11,121,1.0,0.0,0.0,1.0,1,1,0.2880262459875173,-0.9049894405057359,1
0.0,51,2601,8,64,1.0,0.0,1.0,1.0,5800,0,0.41739840367892805,-0.33346241432032653,1
0.0,49,2401,12,144,0.0,0.0,1.0,0.0,28645,0,0.5258547988442438,0.10351152046748964,26599
0.0,51,2601,10,100,0.0,0.0,1.0,1.0,23274,0,0.41491039469550983,-0.3437024264419376,25860
0.0,38,1444,9,81,1.0,0.0,1.0,1.0,22407,0,0.482703208339927,-0.06921478560417048,16254
0.0,50,2500,16,256,0.0,0.0,0.0,0.0,1,1,0.4106751071290698,-0.3611752240871512,23643
0.0,43,1849,11,121,0.0,0.0,1.0,1.0,31330,0,0.47000576098542846,-0.1201211846584757,26599
0.0,40,1600,11,121,0.0,0.0,1.0,1.0,1,1,0.3683851610485278,-0.5391507522146254,1477
0.0,50,2500,12,144,0.0,0.0,1.0,0.0,1,1,0.3967928955151702,-0.4188461238137026,1
0.0,22,484,11,121,1.0,0.0,0.0,1.0,7161,0,0.4314322077177616,-0.2760101639562582,7675
0.0,22,484,13,169,0.0,0.0,0.0,0.0,1,1,0.4292637438401258,-0.2848556872746556,2305
0.0,19,361,12,144,0.0,0.0,0.0,0.0,19335,0,0.5290299597902643,0.11625058192205774,16254
0.0,53,2809,10,100,1.0,0.0,1.0,1.0,15502,0,0.3691620209375809,-0.5358134322439464,13299
0.0,31,961,11,121,0.0,0.0,1.0,1.0,13785,0,0.5030796512688086,0.012318760855785845,20688
0.0,51,2601,9,81,0.0,0.0,0.0,1.0,32225,0,0.41529731723367896,-0.34210879266095845,39898
0.0,51,2601,12,144,0.0,0.0,1.0,0.0,22379,0,0.508713063717604,0.034855783373791104,19411
0.0,51,2601,11,121,0.0,0.0,1.0,1.0,25064,0,0.40774196569177407,-0.37330787138316684,26599
0.0,48,2304,10,100,1.0,0.0,1.0,1.0,5370,0,0.4245996281562207,-0.3039194238345205,14895
0.0,27,729,13,169,1.0,0.0,1.0,0.0,30435,0,0.5533720593000507,0.21430467632765918,24973
0.0,32,1024,10,100,1.0,0.0,0.0,1.0,8951,0,0.47985204312158847,-0.08063549067381909,1
0.0,51,2601,8,64,1.0,0.0,1.0,1.0,25064,0,0.4076391728830531,-0.3737335515555384,1182
0.0,19,361,11,121,0.0,0.0,1.0,1.0,6416,0,0.44006125040303495,-0.24091347934196056,27781
0.0,35,1225,9,81,1.0,0.0,0.0,1.0,5370,0,0.4920421624037044,-0.03183403851325718,5910
0.0,20,400,10,100,0.0,0.0,1.0,1.0,11995,0,0.45254120487244054,-0.19040837933168236,17880
0.0,52,2704,11,121,0.0,0.0,1.0,1.0,1,1,0.2873657232368993,-0.908212651476611,1
0.0,50,2500,12,144,1.0,0.0,1.0,0.0,1,1,0.369275201978168,-0.5353274602639343,1
0.0,22,484,11,121,1.0,0.0,1.0,1.0,5012,0,0.43705126443542935,-0.25313807002206945,3694
0.0,25,625,10,100,1.0,0.0,1.0,1.0,8951,0,0.460839795811429,-0.15696228349543678,14777
0.0,48,2304,10,100,0.0,0.0,0.0,1.0,26854,0,0.4376438926192593,-0.25072974311472035,33043
0.0,24,576,12,144,0.0,0.0,1.0,0.0,16112,0,0.57385194773925,0.29758460587250185,16254
0.0,20,400,12,144,0.0,0.0,1.0,0.0,6266,0,0.5494021037341444,0.19825524355480037,15244
0.0,48,2304,8,64,0.0,0.0,1.0,1.0,1,1,0.3478172670487158,-0.6286475407460055,13299
0.0,29,841,12,144,0.0,0.0,1.0,0.0,1,1,0.47043252340722724,-0.1184080573789451,44331
0.0,50,2500,12,144,0.0,0.0,1.0,0.0,44758,0,0.5075532801266828,0.030215419115049318,8866
0.0,55,3025,7,49,0.0,0.0,0.0,1.0,8342,0,0.40848735678821385,-0.37022209453349814,1
0.0,27,729,14,196,1.0,0.0,1.0,0.0,1,1,0.4373073872825809,-0.25209714685807333,13299
0.0,42,1764,11,121,0.0,0.0,1.0,1.0,22379,0,0.4801327134128951,-0.07951100893655498,23327
0.0,38,1444,11,121,0.0,0.0,1.0,1.0,1,1,0.3744745544018748,-0.5130681543657014,1
0.0,54,2916,12,144,1.0,0.0,0.0,0.0,25064,0,0.43850556171943006,-0.24722937377667256,20688
0.0,22,484,9,81,1.0,0.0,0.0,1.0,4345,0,0.4487865685359148,-0.20557466082450646,13299
0.0,23,529,9,81,0.0,0.0,1.0,1.0,1,1,0.3599582690570502,-0.5755452733813249,14777
0.0,34,1156,14,196,1.0,0.0,1.0,0.0,1,1,0.4519441878188274,-0.19281843487666214,1
0.0,50,2500,12,144,0.0,0.0,1.0,0.0,1,1,0.3967928955151702,-0.4188461238137026,1
0.0,55,3025,12,144,0.0,0.0,1.0,0.0,17545,0,0.46283992682457126,-0.14891487403226236,16254
0.0,29,841,14,196,0.0,0.0,1.0,0.0,21125,0,0.5968698783305642,0.3924397380049874,23348
0.0,41,1681,16,256,1.0,0.0,1.0,0.0,23274,0,0.5744683268984979,0.30010558155926625,22165
0.0,24,576,11,121,1.0,0.0,1.0,1.0,1,1,0.32510848003580545,-0.7303930554313867,1329
0.0,47,2209,12,144,0.0,0.0,1.0,0.0,1,1,0.4237002897974228,-0.30760151398316676,12560
0.0,32,1024,11,121,1.0,0.0,1.0,1.0,1,1,0.35159514289517607,-0.6120349293172871,930
0.0,50,2500,8,64,0.0,0.0,0.0,1.0,21125,0,0.4439232131915456,-0.22525478627193016,26599
0.0,22,484,12,144,1.0,0.0,1.0,0.0,10741,0,0.5343050760044971,0.13743622900933397,11162
0.0,22,484,10,100,1.0,0.0,1.0,1.0,9023,0,0.4413562647740425,-0.2356595388631006,13299
0.0,54,2916,12,144,0.0,0.0,1.0,0.0,1,1,0.35374908279426154,-0.602599988949157,1
0.0,43,1849,14,196,0.0,0.0,1.0,0.0,31420,0,0.5731275774418689,0.294623147797253,31032
0.0,25,625,11,121,1.0,0.0,1.0,1.0,21483,0,0.44793349722142883,-0.2090237373746147,26599
0.0,19,361,12,144,0.0,0.0,1.0,0.0,9846,0,0.5385401120393684,0.1544668487853605,20688
0.0,29,841,11,121,1.0,0.0,1.0,1.0,1,1,0.34582543920429776,-0.6374400915950348,23643
0.0,45,2025,9,81,1.0,0.0,1.0,1.0,1,1,0.3316848573880673,-0.7005745392824766,1
0.0,26,676,12,144,0.0,0.0,1.0,0.0,1,1,0.4584490024644339,-0.16658818167474082,13299
0.0,44,1936,12,144,0.0,0.0,1.0,0.0,21483,0,0.5691994692435319,0.2785857564481457,25634
0.0,55,3025,7,49,1.0,0.0,1.0,1.0,26854,0,0.3758916898435759,-0.5070228843095448,31918
0.0,34,1156,12,144,1.0,0.0,1.0,0.0,23274,0,0.5716958015866106,0.2887733474283594,31032
0.0,52,2704,8,64,0.0,0.0,1.0,1.0,1,1,0.3117057084698697,-0.792156995198751,1
0.0,55,3025,12,144,0.0,0.0,1.0,0.0,23990,0,0.45949196159535344,-0.16238806129767694,29554
0.0,50,2500,16,256,0.0,0.0,0.0,0.0,19693,0,0.5350136897012617,0.1402843698590734,17732
0.0,20,400,13,169,0.0,1.0,0.0,0.0,1,1,0.4212323043575491,-0.31771670723271483,8275
0.0,48,2304,16,256,0.0,0.0,1.0,0.0,1,1,0.43386430688817895,-0.26610196167692174,1
0.0,46,2116,10,100,0.0,0.0,1.0,1.0,21338,0,0.4615143846517255,-0.1542475609944833,21131
0.0,55,3025,11,121,0.0,0.0,1.0,1.0,37417,0,0.3559450404983537,-0.5930077249925833,32177
0.0,51,2601,8,64,1.0,0.0,1.0,1.0,23274,0,0.40854305608250957,-0.3699915802281387,23643
0.0,44,1936,9,81,1.0,0.0,1.0,1.0,14644,0,0.4596875046549982,-0.1616007463400311,12435
0.0,48,2304,12,144,0.0,0.0,1.0,0.0,1,1,0.4152867041986327,-0.34215249925800717,1
0.0,31,961,9,81,1.0,0.0,0.0,1.0,13427,0,0.4856926251950472,-0.057245126810383726,11326
0.0,54,2916,9,81,0.0,0.0,1.0,1.0,1,1,0.2807787585719822,-0.940601994341899,1
0.0,18,324,11,121,1.0,0.0,0.0,1.0,6932,0,0.39754899737661564,-0.4156881482726482,9457
0.0,39,1521,11,121,1.0,0.0,1.0,1.0,11637,0,0.46928249337870914,-0.1230249586664279,7260
