treat,age,black,hispanic,married,nodegree,re74,re75,re78,education*,u75,educ_re75,hisp_u75,black_u75,married_u75,nodegree_re75,nodegree_u75,nodegree_education,black_age,black_education,hisp_re75,u74,educ_re74,hisp_u74,black_u74,married_u74,married_re74,nodegree_u74,nodegree_re74,agesq,educsq,ageboxcox,lnre78,lnre75,lnre74,education_4,education_5,education_6,education_7,education_8,education_9,education_10,education_11,education_12,education_13,education_14,education_15,education_16
0,23,1,0,0,1,0,0,0,10,1,0,0,1,0,0,1,10,23,10,0,1,0,0,1,0,0,1,0,529,100,0.9549026515456931,-inf,-inf,-inf,0,0,0,0,0,0,1,0,0,0,0,0,0
0,26,0,0,0,0,0,0,12383,12,1,0,0,0,0,0,0,0,0,0,0,1,0,0,0,0,0,0,0,676,144,0.9598877816879293,9.424079843215099,-inf,-inf,0,0,0,0,0,0,0,0,1,0,0,0,0
0,22,1,0,0,1,0,0,0,9,1,0,0,1,0,0,1,9,22,9,0,1,0,0,1,0,0,1,0,484,81,0.9529384923193408,-inf,-inf,-inf,0,0,0,0,0,1,0,0,0,0,0,0,0
0,18,1,0,0,1,0,0,10740,9,1,0,0,1,0,0,1,9,18,9,0,1,0,0,1,0,0,1,0,324,81,0.9428969602292465,9.281730368062856,-inf,-inf,0,0,0,0,0,1,0,0,0,0,0,0,0
0,45,1,0,0,1,0,0,11796,11,1,0,0,1,0,0,1,11,45,11,0,1,0,0,1,0,0,1,0,2025,121,0.9760148868153693,9.375515769935166,-inf,-inf,0,0,0,0,0,0,0,1,0,0,0,0,0
0,18,1,0,0,1,0,0,9227,9,1,0,0,1,0,0,1,9,18,9,0,1,0,0,1,0,0,1,0,324,81,0.9428969602292465,9.129889247578555,-inf,-inf,0,0,0,0,0,1,0,0,0,0,0,0,0
0,24,0,0,0,1,0,0,10569,8,1,0,0,0,0,0,1,8,0,0,0,1,0,0,0,0,0,1,0,576,64,0.9567029759406541,9.265680467009346,-inf,-inf,0,0,0,0,1,0,0,0,0,0,0,0,0
0,34,1,0,1,1,0,0,6040,11,1,0,0,1,1,0,1,11,34,11,0,1,0,0,1,1,0,1,0,1156,121,0.9688771760228692,8.706159290928861,-inf,-inf,0,0,0,0,0,0,0,1,0,0,0,0,0
0,24,0,1,0,1,0,0,3880,4,1,0,1,0,0,0,1,4,0,0,1,1,0,1,0,0,0,1,0,576,16,0.9567029759406541,8.263590432617319,-inf,-inf,1,0,0,0,0,0,0,0,0,0,0,0,0
0,36,1,0,0,1,0,0,0,10,1,0,0,1,0,0,1,10,36,10,0,1,0,0,1,0,0,1,0,1296,100,0.9704997207458745,-inf,-inf,-inf,0,0,0,0,0,0,1,0,0,0,0,0,0
0,21,1,0,0,0,0,0,5775,14,1,0,0,1,0,0,0,0,21,14,0,1,0,0,1,0,0,0,0,441,196,0.950787076792791,8.661293535389994,-inf,-inf,0,0,0,0,0,0,0,0,0,0,1,0,0
0,28,1,0,0,1,0,0,0,9,1,0,0,1,0,0,1,9,28,9,0,1,0,0,1,0,0,1,0,784,81,0.9626171988577635,-inf,-inf,-inf,0,0,0,0,0,1,0,0,0,0,0,0,0
0,27,1,0,1,1,0,0,0,7,1,0,0,1,1,0,1,7,27,7,0,1,0,0,1,1,0,1,0,729,49,0.9613030849621761,-inf,-inf,-inf,0,0,0,1,0,0,0,0,0,0,0,0,0
0,19,0,0,0,1,0,0,0,11,1,0,0,0,0,0,1,11,0,0,0,1,0,0,0,0,0,1,0,361,121,0.9458041228797351,-inf,-inf,-inf,0,0,0,0,0,0,0,1,0,0,0,0,0
0,20,1,0,0,1,0,0,0,8,1,0,0,1,0,0,1,8,20,8,0,1,0,0,1,0,0,1,0,400,64,0.9484202966655324,-inf,-inf,-inf,0,0,0,0,1,0,0,0,0,0,0,0,0
0,34,1,0,0,0,0,0,2113,12,1,0,0,1,0,0,0,0,34,12,0,1,0,0,1,0,0,0,0,1156,144,0.9688771760228692,7.655864017616056,-inf,-inf,0,0,0,0,0,0,0,0,1,0,0,0,0
0,24,1,0,0,1,0,0,7618,10,1,0,0,1,0,0,1,10,24,10,0,1,0,0,1,0,0,1,0,576,100,0.9567029759406541,8.938269147038548,-inf,-inf,0,0,0,0,0,0,1,0,0,0,0,0,0
0,22,0,1,0,1,0,0,9920,8,1,0,1,0,0,0,1,8,0,0,1,1,0,1,0,0,0,1,0,484,64,0.9529384923193408,9.20230820027892,-inf,-inf,0,0,0,0,1,0,0,0,0,0,0,0,0
0,25,1,0,0,1,0,0,4196,11,1,0,0,1,0,0,1,11,25,11,0,1,0,0,1,0,0,1,0,625,121,0.9583591378395542,8.341886969516187,-inf,-inf,0,0,0,0,0,0,0,1,0,0,0,0,0
0,39,1,0,0,1,0,0,0,9,1,0,0,1,0,0,1,9,39,9,0,1,0,0,1,0,0,1,0,1521,81,0.9726212233655854,-inf,-inf,-inf,0,0,0,0,0,1,0,0,0,0,0,0,0
0,19,1,0,1,1,0,0,16658,9,1,0,0,1,1,0,1,9,19,9,0,1,0,0,1,1,0,1,0,361,81,0.9458041228797351,9.720645860495285,-inf,-inf,0,0,0,0,0,1,0,0,0,0,0,0,0
0,44,1,0,0,1,0,0,9722,9,1,0,0,1,0,0,1,9,44,9,0,1,0,0,1,0,0,1,0,1936,81,0.9755136115933472,9.1821466376054,-inf,-inf,0,0,0,0,0,1,0,0,0,0,0,0,0
0,27,1,0,0,1,0,0,3783,8,1,0,0,1,0,0,1,8,27,8,0,1,0,0,1,0,0,1,0,729,64,0.9613030849621761,8.23827262463303,-inf,-inf,0,0,0,0,1,0,0,0,0,0,0,0,0
0,25,1,0,0,1,0,0,3515,8,1,0,0,1,0,0,1,8,25,8,0,1,0,0,1,0,0,1,0,625,64,0.9583591378395542,8.164794804244766,-inf,-inf,0,0,0,0,1,0,0,0,0,0,0,0,0
0,31,1,0,0,1,0,0,17014,10,1,0,0,1,0,0,1,10,31,10,0,1,0,0,1,0,0,1,0,961,100,0.9660503875578612,9.74179181353583,-inf,-inf,0,0,0,0,0,0,1,0,0,0,0,0,0
0,34,1,0,1,1,0,0,0,10,1,0,0,1,1,0,1,10,34,10,0,1,0,0,1,1,0,1,0,1156,100,0.9688771760228692,-inf,-inf,-inf,0,0,0,0,0,0,1,0,0,0,0,0,0
0,21,0,1,0,1,0,0,0,7,1,0,1,0,0,0,1,7,0,0,1,1,0,1,0,0,0,1,0,441,49,0.950787076792791,-inf,-inf,-inf,0,0,0,1,0,0,0,0,0,0,0,0,0
0,33,1,0,0,0,0,0,5970,12,1,0,0,1,0,0,0,0,33,12,0,1,0,0,1,0,0,0,0,1089,144,0.967992075853778,8.694502206386648,-inf,-inf,0,0,0,0,0,0,0,0,1,0,0,0,0
0,18,0,1,0,1,0,0,1859,10,1,0,1,0,0,0,1,10,0,0,1,1,0,1,0,0,0,1,0,324,100,0.9428969602292465,7.527793987721444,-inf,-inf,0,0,0,0,0,0,1,0,0,0,0,0,0
0,26,1,0,1,0,0,0,6191,12,1,0,0,1,1,0,0,0,26,12,0,1,0,0,1,1,0,0,0,676,144,0.9598877816879293,8.730851903519232,-inf,-inf,0,0,0,0,0,0,0,0,1,0,0,0,0
0,31,1,0,0,0,0,0,7284,12,1,0,0,1,0,0,0,0,31,12,0,1,0,0,1,0,0,0,0,961,144,0.9660503875578612,8.8934354408475,-inf,-inf,0,0,0,0,0,0,0,0,1,0,0,0,0
0,35,1,0,0,1,0,0,445,10,1,0,0,1,0,0,1,10,35,10,0,1,0,0,1,0,0,1,0,1225,100,0.9697116504969562,6.09807428216624,-inf,-inf,0,0,0,0,0,0,1,0,0,0,0,0,0
0,20,1,0,0,0,0,0,0,12,1,0,0,1,0,0,0,0,20,12,0,1,0,0,1,0,0,0,0,400,144,0.9484202966655324,-inf,-inf,-inf,0,0,0,0,0,0,0,0,1,0,0,0,0
0,25,1,0,0,1,0,0,0,11,1,0,0,1,0,0,1,11,25,11,0,1,0,0,1,0,0,1,0,625,121,0.9583591378395542,-inf,-inf,-inf,0,0,0,0,0,0,0,1,0,0,0,0,0
0,25,1,0,0,1,0,0,7367,10,1,0,0,1,0,0,1,10,25,10,0,1,0,0,1,0,0,1,0,625,100,0.9583591378395542,8.904765846682814,-inf,-inf,0,0,0,0,0,0,1,0,0,0,0,0,0
0,35,1,0,0,1,0,0,0,11,1,0,0,1,0,0,1,11,35,11,0,1,0,0,1,0,0,1,0,1225,121,0.9697116504969562,-inf,-inf,-inf,0,0,0,0,0,0,0,1,0,0,0,0,0
0,20,1,0,0,1,0,0,2015,10,1,0,0,1,0,0,1,10,20,10,0,1,0,0,1,0,0,1,0,400,100,0.9484202966655324,7.608374474380783,-inf,-inf,0,0,0,0,0,0,1,0,0,0,0,0,0
0,25,0,1,0,1,0,0,15791,9,1,0,1,0,0,0,1,9,0,0,1,1,0,1,0,0,0,1,0,625,81,0.9583591378395542,9.667195436466644,-inf,-inf,0,0,0,0,0,1,0,0,0,0,0,0,0
0,27,1,0,0,1,0,0,1135,10,1,0,0,1,0,0,1,10,27,10,0,1,0,0,1,0,0,1,0,729,100,0.9613030849621761,7.034387929915503,-inf,-inf,0,0,0,0,0,0,1,0,0,0,0,0,0
0,20,0,1,0,1,0,0,6378,11,1,0,1,0,0,0,1,11,0,0,1,1,0,1,0,0,0,1,0,400,121,0.9484202966655324,8.760609847570002,-inf,-inf,0,0,0,0,0,0,0,1,0,0,0,0,0
0,26,1,0,0,1,0,0,7176,11,1,0,0,1,0,0,1,11,26,11,0,1,0,0,1,0,0,1,0,676,121,0.9598877816879293,8.878497403738631,-inf,-inf,0,0,0,0,0,0,0,1,0,0,0,0,0
0,38,1,0,0,1,0,0,0,8,1,0,0,1,0,0,1,8,38,8,0,1,0,0,1,0,0,1,0,1444,64,0.9719513116061754,-inf,-inf,-inf,0,0,0,0,1,0,0,0,0,0,0,0,0
0,34,1,0,0,1,0,0,7952,10,1,0,0,1,0,0,1,10,34,10,0,1,0,0,1,0,0,1,0,1156,100,0.9688771760228692,8.98117874833641,-inf,-inf,0,0,0,0,0,0,1,0,0,0,0,0,0
0,19,1,0,0,0,0,0,0,12,1,0,0,1,0,0,0,0,19,12,0,1,0,0,1,0,0,0,0,361,144,0.9458041228797351,-inf,-inf,-inf,0,0,0,0,0,0,0,0,1,0,0,0,0
0,32,1,0,0,1,0,0,7152,8,1,0,0,1,0,0,1,8,32,8,0,1,0,0,1,0,0,1,0,1024,64,0.9670516005594136,8.87514731685335,-inf,-inf,0,0,0,0,1,0,0,0,0,0,0,0,0
0,20,0,1,0,1,0,0,8329,9,1,0,1,0,0,0,1,9,0,0,1,1,0,1,0,0,0,1,0,400,81,0.9484202966655324,9.02749867993534,-inf,-inf,0,0,0,0,0,1,0,0,0,0,0,0,0
0,23,1,0,0,1,0,0,0,10,1,0,0,1,0,0,1,10,23,10,0,1,0,0,1,0,0,1,0,529,100,0.9549026515456931,-inf,-inf,-inf,0,0,0,0,0,0,1,0,0,0,0,0,0
0,38,1,0,0,1,0,0,12429,10,1,0,0,1,0,0,1,10,38,10,0,1,0,0,1,0,0,1,0,1444,100,0.9719513116061754,9.42778773074551,-inf,-inf,0,0,0,0,0,0,1,0,0,0,0,0,0
0,24,1,0,0,1,0,0,0,11,1,0,0,1,0,0,1,11,24,11,0,1,0,0,1,0,0,1,0,576,121,0.9567029759406541,-inf,-inf,-inf,0,0,0,0,0,0,0,1,0,0,0,0,0
0,23,1,0,0,1,0,0,5088,11,1,0,0,1,0,0,1,11,23,11,0,1,0,0,1,0,0,1,0,529,121,0.9549026515456931,8.534640105019959,-inf,-inf,0,0,0,0,0,0,0,1,0,0,0,0,0
0,20,0,1,0,1,0,0,4374,7,1,0,1,0,0,0,1,7,0,0,1,1,0,1,0,0,0,1,0,400,49,0.9484202966655324,8.383433201236713,-inf,-inf,0,0,0,1,0,0,0,0,0,0,0,0,0
0,21,1,0,0,1,0,0,1553,11,1,0,0,1,0,0,1,11,21,11,0,1,0,0,1,0,0,1,0,441,121,0.950787076792791,7.347943823148687,-inf,-inf,0,0,0,0,0,0,0,1,0,0,0,0,0
0,25,1,0,0,1,0,0,0,10,1,0,0,1,0,0,1,10,25,10,0,1,0,0,1,0,0,1,0,625,100,0.9583591378395542,-inf,-inf,-inf,0,0,0,0,0,0,1,0,0,0,0,0,0
0,22,1,0,1,1,0,0,1698,11,1,0,0,1,1,0,1,11,22,11,0,1,0,0,1,1,0,1,0,484,121,0.9529384923193408,7.437206366871292,-inf,-inf,0,0,0,0,0,0,0,1,0,0,0,0,0
0,23,1,0,0,1,0,0,0,11,1,0,0,1,0,0,1,11,23,11,0,1,0,0,1,0,0,1,0,529,121,0.9549026515456931,-inf,-inf,-inf,0,0,0,0,0,0,0,1,0,0,0,0,0
0,24,0,0,0,0,0,0,11294,12,1,0,0,0,0,0,0,0,0,0,0,1,0,0,0,0,0,0,0,576,144,0.9567029759406541,9.332026890232783,-inf,-inf,0,0,0,0,0,0,0,0,1,0,0,0,0
0,29,1,0,0,1,0,0,0,11,1,0,0,1,0,0,1,11,29,11,0,1,0,0,1,0,0,1,0,841,121,0.9638405977737807,-inf,-inf,-inf,0,0,0,0,0,0,0,1,0,0,0,0,0
0,24,1,0,0,1,0,0,14626,11,1,0,0,1,0,0,1,11,24,11,0,1,0,0,1,0,0,1,0,576,121,0.9567029759406541,9.590556045830896,-inf,-inf,0,0,0,0,0,0,0,1,0,0,0,0,0
0,22,1,0,0,1,0,0,12898,9,1,0,0,1,0,0,1,9,22,9,0,1,0,0,1,0,0,1,0,484,81,0.9529384923193408,9.464827539570322,-inf,-inf,0,0,0,0,0,1,0,0,0,0,0,0,0
0,28,1,0,0,1,0,0,5767,11,1,0,0,1,0,0,1,11,28,11,0,1,0,0,1,0,0,1,0,784,121,0.9626171988577635,8.659907293615413,-inf,-inf,0,0,0,0,0,0,0,1,0,0,0,0,0
0,18,0,1,0,1,0,0,6527,10,1,0,1,0,0,0,1,10,0,0,1,1,0,1,0,0,0,1,0,324,100,0.9428969602292465,8.783702698635217,-inf,-inf,0,0,0,0,0,0,1,0,0,0,0,0,0
0,26,1,0,0,1,0,0,3931,10,1,0,0,1,0,0,1,10,26,10,0,1,0,0,1,0,0,1,0,676,100,0.9598877816879293,8.27664912542186,-inf,-inf,0,0,0,0,0,0,1,0,0,0,0,0,0
0,25,1,0,0,1,0,0,20942,10,1,0,0,1,0,0,1,10,25,10,0,1,0,0,1,0,0,1,0,625,100,0.9583591378395542,9.949511990847407,-inf,-inf,0,0,0,0,0,0,1,0,0,0,0,0,0
0,24,1,0,0,1,0,0,0,10,1,0,0,1,0,0,1,10,24,10,0,1,0,0,1,0,0,1,0,576,100,0.9567029759406541,-inf,-inf,-inf,0,0,0,0,0,0,1,0,0,0,0,0,0
0,26,1,0,0,1,0,0,0,5,1,0,0,1,0,0,1,5,26,5,0,1,0,0,1,0,0,1,0,676,25,0.9598877816879293,-inf,-inf,-inf,0,1,0,0,0,0,0,0,0,0,0,0,0
0,36,1,0,0,1,0,0,14690,10,1,0,0,1,0,0,1,10,36,10,0,1,0,0,1,0,0,1,0,1296,100,0.9704997207458745,9.594922269167922,-inf,-inf,0,0,0,0,0,0,1,0,0,0,0,0,0
0,22,1,0,0,1,0,0,0,11,1,0,0,1,0,0,1,11,22,11,0,1,0,0,1,0,0,1,0,484,121,0.9529384923193408,-inf,-inf,-inf,0,0,0,0,0,0,0,1,0,0,0,0,0
0,25,1,0,0,0,0,0,3418,12,1,0,0,1,0,0,0,0,25,12,0,1,0,0,1,0,0,0,0,625,144,0.9583591378395542,8.136810863675537,-inf,-inf,0,0,0,0,0,0,0,0,1,0,0,0,0
0,27,1,0,0,1,0,0,11197,11,1,0,0,1,0,0,1,11,27,11,0,1,0,0,1,0,0,1,0,729,121,0.9613030849621761,9.323401164260197,-inf,-inf,0,0,0,0,0,0,0,1,0,0,0,0,0
0,29,1,0,0,1,0,0,0,8,1,0,0,1,0,0,1,8,29,8,0,1,0,0,1,0,0,1,0,841,64,0.9638405977737807,-inf,-inf,-inf,0,0,0,0,1,0,0,0,0,0,0,0,0
0,24,1,0,0,0,0,0,0,12,1,0,0,1,0,0,0,0,24,12,0,1,0,0,1,0,0,0,0,576,144,0.9567029759406541,-inf,-inf,-inf,0,0,0,0,0,0,0,0,1,0,0,0,0
0,22,1,0,0,1,0,0,0,10,1,0,0,1,0,0,1,10,22,10,0,1,0,0,1,0,0,1,0,484,100,0.9529384923193408,-inf,-inf,-inf,0,0,0,0,0,0,1,0,0,0,0,0,0
0,24,1,0,0,1,0,0,1455,7,1,0,0,1,0,0,1,7,24,7,0,1,0,0,1,0,0,1,0,576,49,0.9567029759406541,7.282761179605593,-inf,-inf,0,0,0,1,0,0,0,0,0,0,0,0,0
0,29,1,0,0,0,0,0,1890,12,1,0,0,1,0,0,0,0,29,12,0,1,0,0,1,0,0,0,0,841,144,0.9638405977737807,7.5443321080536885,-inf,-inf,0,0,0,0,0,0,0,0,1,0,0,0,0
0,25,0,1,1,1,0,0,4485,11,1,0,1,0,1,0,1,11,0,0,1,1,0,1,0,1,0,1,0,625,121,0.9583591378395542,8.408493774492896,-inf,-inf,0,0,0,0,0,0,0,1,0,0,0,0,0
0,30,1,0,0,0,0,0,13613,12,1,0,0,1,0,0,0,0,30,12,0,1,0,0,1,0,0,0,0,900,144,0.9649823588799495,9.518780497512473,-inf,-inf,0,0,0,0,0,0,0,0,1,0,0,0,0
0,22,1,0,0,1,0,0,1390,8,1,0,0,1,0,0,1,8,22,8,0,1,0,0,1,0,0,1,0,484,64,0.9529384923193408,7.237059026124737,-inf,-inf,0,0,0,0,1,0,0,0,0,0,0,0,0
0,55,1,0,0,1,0,0,5843,3,1,0,0,1,0,0,1,3,55,3,0,1,0,0,1,0,0,1,0,3025,9,0.9800242304410453,8.672999642554437,-inf,-inf,0,0,0,0,0,0,0,0,0,0,0,0,0
0,20,1,0,0,1,0,0,8598,10,1,0,0,1,0,0,1,10,20,10,0,1,0,0,1,0,0,1,0,400,100,0.9484202966655324,9.059284897056227,-inf,-inf,0,0,0,0,0,0,1,0,0,0,0,0,0
0,34,1,0,0,1,0,0,2920,11,1,0,0,1,0,0,1,11,34,11,0,1,0,0,1,0,0,1,0,1156,121,0.9688771760228692,7.979338895262328,-inf,-inf,0,0,0,0,0,0,0,1,0,0,0,0,0
0,22,1,0,0,0,0,0,0,12,1,0,0,1,0,0,0,0,22,12,0,1,0,0,1,0,0,0,0,484,144,0.9529384923193408,-inf,-inf,-inf,0,0,0,0,0,0,0,0,1,0,0,0,0
0,32,0,1,1,0,0,0,6735,12,1,0,1,0,1,0,0,0,0,0,1,1,0,1,0,1,0,0,0,1024,144,0.9670516005594136,8.815073088844464,-inf,-inf,0,0,0,0,0,0,0,0,1,0,0,0,0
0,31,1,0,0,1,0,0,0,10,1,0,0,1,0,0,1,10,31,10,0,1,0,0,1,0,0,1,0,961,100,0.9660503875578612,-inf,-inf,-inf,0,0,0,0,0,0,1,0,0,0,0,0,0
0,18,1,0,0,1,0,0,0,9,1,0,0,1,0,0,1,9,18,9,0,1,0,0,1,0,0,1,0,324,81,0.9428969602292465,-inf,-inf,-inf,0,0,0,0,0,1,0,0,0,0,0,0,0
0,50,0,1,0,1,0,0,0,10,1,0,1,0,0,0,1,10,0,0,1,1,0,1,0,0,0,1,0,2500,100,0.9782202229667253,-inf,-inf,-inf,0,0,0,0,0,0,1,0,0,0,0,0,0
0,25,1,0,1,1,0,0,44,11,1,0,0,1,1,0,1,11,25,11,0,1,0,0,1,1,0,1,0,625,121,0.9583591378395542,3.784189633918261,-inf,-inf,0,0,0,0,0,0,0,1,0,0,0,0,0
0,23,1,0,1,1,0,0,0,10,1,0,0,1,1,0,1,10,23,10,0,1,0,0,1,1,0,1,0,529,100,0.9549026515456931,-inf,-inf,-inf,0,0,0,0,0,0,1,0,0,0,0,0,0
0,38,1,0,0,1,0,0,0,10,1,0,0,1,0,0,1,10,38,10,0,1,0,0,1,0,0,1,0,1444,100,0.9719513116061754,-inf,-inf,-inf,0,0,0,0,0,0,1,0,0,0,0,0,0
0,25,1,0,1,1,0,0,3701,10,1,0,0,1,1,0,1,10,25,10,0,1,0,0,1,1,0,1,0,625,100,0.9583591378395542,8.216358332386156,-inf,-inf,0,0,0,0,0,0,1,0,0,0,0,0,0
0,42,1,0,0,1,0,0,6930,10,1,0,0,1,0,0,1,10,42,10,0,1,0,0,1,0,0,1,0,1764,100,0.9744393768529812,8.84361509218395,-inf,-inf,0,0,0,0,0,0,1,0,0,0,0,0,0
0,39,1,0,1,0,0,0,3795,12,1,0,0,1,1,0,0,0,39,12,0,1,0,0,1,1,0,0,0,1521,144,0.9726212233655854,8.24143968982973,-inf,-inf,0,0,0,0,0,0,0,0,1,0,0,0,0
0,34,1,0,1,0,0,0,5193,13,1,0,0,1,1,0,0,0,34,13,0,1,0,0,1,1,0,0,0,1156,169,0.9688771760228692,8.555066843844319,-inf,-inf,0,0,0,0,0,0,0,0,0,1,0,0,0
0,24,1,0,0,1,0,0,2193,7,1,0,0,1,0,0,1,7,24,7,0,1,0,0,1,0,0,1,0,576,49,0.9567029759406541,7.693025748417888,-inf,-inf,0,0,0,1,0,0,0,0,0,0,0,0,0
0,32,1,0,0,1,0,0,11120,11,1,0,0,1,0,0,1,11,32,11,0,1,0,0,1,0,0,1,0,1024,121,0.9670516005594136,9.316500567804573,-inf,-inf,0,0,0,0,0,0,0,1,0,0,0,0,0
0,27,1,0,0,0,0,0,7609,13,1,0,0,1,0,0,0,0,27,13,0,1,0,0,1,0,0,0,0,729,169,0.9613030849621761,8.937087036176523,-inf,-inf,0,0,0,0,0,0,0,0,0,1,0,0,0
0,26,1,0,0,1,0,0,2169,10,1,0,0,1,0,0,1,10,26,10,0,1,0,0,1,0,0,1,0,676,100,0.9598877816879293,7.682021510826875,-inf,-inf,0,0,0,0,0,0,1,0,0,0,0,0,0
0,44,1,0,0,1,0,0,0,11,1,0,0,1,0,0,1,11,44,11,0,1,0,0,1,0,0,1,0,1936,121,0.9755136115933472,-inf,-inf,-inf,0,0,0,0,0,0,0,1,0,0,0,0,0
0,25,1,0,0,1,0,0,1264,11,1,0,0,1,0,0,1,11,25,11,0,1,0,0,1,0,0,1,0,625,121,0.9583591378395542,7.142036574706803,-inf,-inf,0,0,0,0,0,0,0,1,0,0,0,0,0
0,25,1,0,0,0,0,0,0,12,1,0,0,1,0,0,0,0,25,12,0,1,0,0,1,0,0,0,0,625,144,0.9583591378395542,-inf,-inf,-inf,0,0,0,0,0,0,0,0,1,0,0,0,0
0,28,1,0,1,0,0,0,0,12,1,0,0,1,1,0,0,0,28,12,0,1,0,0,1,1,0,0,0,784,144,0.9626171988577635,-inf,-inf,-inf,0,0,0,0,0,0,0,0,1,0,0,0,0
0,32,1,0,0,1,0,0,0,10,1,0,0,1,0,0,1,10,32,10,0,1,0,0,1,0,0,1,0,1024,100,0.9670516005594136,-inf,-inf,-inf,0,0,0,0,0,0,1,0,0,0,0,0,0
0,22,1,0,0,1,0,0,0,10,1,0,0,1,0,0,1,10,22,10,0,1,0,0,1,0,0,1,0,484,100,0.9529384923193408,-inf,-inf,-inf,0,0,0,0,0,0,1,0,0,0,0,0,0
0,19,1,0,0,1,0,0,5712,9,1,0,0,1,0,0,1,9,19,9,0,1,0,0,1,0,0,1,0,361,81,0.9458041228797351,8.65032450401942,-inf,-inf,0,0,0,0,0,1,0,0,0,0,0,0,0
0,31,1,0,1,1,0,0,0,10,1,0,0,1,1,0,1,10,31,10,0,1,0,0,1,1,0,1,0,961,100,0.9660503875578612,-inf,-inf,-inf,0,0,0,0,0,0,1,0,0,0,0,0,0
0,23,1,0,0,1,0,0,0,11,1,0,0,1,0,0,1,11,23,11,0,1,0,0,1,0,0,1,0,529,121,0.9549026515456931,-inf,-inf,-inf,0,0,0,0,0,0,0,1,0,0,0,0,0
0,33,1,0,0,1,0,0,0,11,1,0,0,1,0,0,1,11,33,11,0,1,0,0,1,0,0,1,0,1089,121,0.967992075853778,-inf,-inf,-inf,0,0,0,0,0,0,0,1,0,0,0,0,0
0,27,1,0,0,1,0,0,1184,10,1,0,0,1,0,0,1,10,27,10,0,1,0,0,1,0,0,1,0,729,100,0.9613030849621761,7.076653815443951,-inf,-inf,0,0,0,0,0,0,1,0,0,0,0,0,0
0,29,1,0,1,1,0,0,10225,11,1,0,0,1,1,0,1,11,29,11,0,1,0,0,1,1,0,1,0,841,121,0.9638405977737807,9.232590980911002,-inf,-inf,0,0,0,0,0,0,0,1,0,0,0,0,0
0,23,1,0,0,1,0,0,0,10,1,0,0,1,0,0,1,10,23,10,0,1,0,0,1,0,0,1,0,529,100,0.9549026515456931,-inf,-inf,-inf,0,0,0,0,0,0,1,0,0,0,0,0,0
0,25,1,0,1,1,0,0,4715,9,1,0,0,1,1,0,1,9,25,9,0,1,0,0,1,1,0,1,0,625,81,0.9583591378395542,8.458504195067558,-inf,-inf,0,0,0,0,0,1,0,0,0,0,0,0,0
0,25,1,0,0,1,0,0,289,10,1,0,0,1,0,0,1,10,25,10,0,1,0,0,1,0,0,1,0,625,100,0.9583591378395542,5.666426688112432,-inf,-inf,0,0,0,0,0,0,1,0,0,0,0,0,0
0,24,1,0,0,1,0,0,0,10,1,0,0,1,0,0,1,10,24,10,0,1,0,0,1,0,0,1,0,576,100,0.9567029759406541,-inf,-inf,-inf,0,0,0,0,0,0,1,0,0,0,0,0,0
0,28,0,0,0,1,0,0,8190,8,1,0,0,0,0,0,1,8,0,0,0,1,0,0,0,0,0,1,0,784,64,0.9626171988577635,9.010669176847115,-inf,-inf,0,0,0,0,1,0,0,0,0,0,0,0,0
0,26,1,0,0,1,0,0,4813,6,1,0,0,1,0,0,1,6,26,6,0,1,0,0,1,0,0,1,0,676,36,0.9598877816879293,8.47907586930311,-inf,-inf,0,0,1,0,0,0,0,0,0,0,0,0,0
0,30,1,0,1,0,0,0,7344,14,1,0,0,1,1,0,0,0,30,14,0,1,0,0,1,1,0,0,0,900,196,0.9649823588799495,8.901638932300326,-inf,-inf,0,0,0,0,0,0,0,0,0,0,1,0,0
0,25,1,0,1,1,0,0,0,10,1,0,0,1,1,0,1,10,25,10,0,1,0,0,1,1,0,1,0,625,100,0.9583591378395542,-inf,-inf,-inf,0,0,0,0,0,0,1,0,0,0,0,0,0
0,29,1,0,1,1,0,0,0,11,1,0,0,1,1,0,1,11,29,11,0,1,0,0,1,1,0,1,0,841,121,0.9638405977737807,-inf,-inf,-inf,0,0,0,0,0,0,0,1,0,0,0,0,0
0,25,1,0,1,0,0,0,0,12,1,0,0,1,1,0,0,0,25,12,0,1,0,0,1,1,0,0,0,625,144,0.9583591378395542,-inf,-inf,-inf,0,0,0,0,0,0,0,0,1,0,0,0,0
0,28,1,0,0,0,0,0,0,13,1,0,0,1,0,0,0,0,28,13,0,1,0,0,1,0,0,0,0,784,169,0.9626171988577635,-inf,-inf,-inf,0,0,0,0,0,0,0,0,0,1,0,0,0
0,23,1,0,0,1,0,0,4350,11,1,0,0,1,0,0,1,11,23,11,0,1,0,0,1,0,0,1,0,529,121,0.9549026515456931,8.37793112408273,-inf,-inf,0,0,0,0,0,0,0,1,0,0,0,0,0
0,54,1,0,0,1,0,0,7812,11,1,0,0,1,0,0,1,11,54,11,0,1,0,0,1,0,0,1,0,2916,121,0.979690180877642,8.96341629199657,-inf,-inf,0,0,0,0,0,0,0,1,0,0,0,0,0
0,33,0,1,0,1,0,0,0,5,1,0,1,0,0,0,1,5,0,0,1,1,0,1,0,0,0,1,0,1089,25,0.967992075853778,-inf,-inf,-inf,0,1,0,0,0,0,0,0,0,0,0,0,0
0,20,1,0,0,1,0,0,3644,8,1,0,0,1,0,0,1,8,20,8,0,1,0,0,1,0,0,1,0,400,64,0.9484202966655324,8.200837258379849,-inf,-inf,0,0,0,0,1,0,0,0,0,0,0,0,0
0,45,1,0,0,1,0,0,4844,9,1,0,0,1,0,0,1,9,45,9,0,1,0,0,1,0,0,1,0,2025,81,0.9760148868153693,8.485496104672983,-inf,-inf,0,0,0,0,0,1,0,0,0,0,0,0,0
0,39,1,0,0,1,0,0,0,6,1,0,0,1,0,0,1,6,39,6,0,1,0,0,1,0,0,1,0,1521,36,0.9726212233655854,-inf,-inf,-inf,0,0,1,0,0,0,0,0,0,0,0,0,0
0,26,1,0,0,0,0,0,0,12,1,0,0,1,0,0,0,0,26,12,0,1,0,0,1,0,0,0,0,676,144,0.9598877816879293,-inf,-inf,-inf,0,0,0,0,0,0,0,0,1,0,0,0,0
0,23,1,0,0,1,0,0,0,10,1,0,0,1,0,0,1,10,23,10,0,1,0,0,1,0,0,1,0,529,100,0.9549026515456931,-inf,-inf,-inf,0,0,0,0,0,0,1,0,0,0,0,0,0
0,27,0,0,0,0,0,0,14792,12,1,0,0,0,0,0,0,0,0,0,0,1,0,0,0,0,0,0,0,729,144,0.9613030849621761,9.60184177306696,-inf,-inf,0,0,0,0,0,0,0,0,1,0,0,0,0
0,33,0,1,1,1,0,0,0,9,1,0,1,0,1,0,1,9,0,0,1,1,0,1,0,1,0,1,0,1089,81,0.967992075853778,-inf,-inf,-inf,0,0,0,0,0,1,0,0,0,0,0,0,0
0,25,1,0,1,1,0,0,0,10,1,0,0,1,1,0,1,10,25,10,0,1,0,0,1,1,0,1,0,625,100,0.9583591378395542,-inf,-inf,-inf,0,0,0,0,0,0,1,0,0,0,0,0,0
0,23,1,0,0,1,0,0,3746,8,1,0,0,1,0,0,1,8,23,8,0,1,0,0,1,0,0,1,0,529,64,0.9549026515456931,8.228443883004033,-inf,-inf,0,0,0,0,1,0,0,0,0,0,0,0,0
0,18,1,0,0,1,0,0,1568,8,1,0,0,1,0,0,1,8,18,8,0,1,0,0,1,0,0,1,0,324,64,0.9428969602292465,7.357556200910353,-inf,-inf,0,0,0,0,1,0,0,0,0,0,0,0,0
0,17,1,0,0,1,0,0,7010,8,1,0,0,1,0,0,1,8,17,8,0,1,0,0,1,0,0,1,0,289,64,0.9396474210192167,8.855092980028635,-inf,-inf,0,0,0,0,1,0,0,0,0,0,0,0,0
0,19,0,1,0,1,0,0,3811,9,1,0,1,0,0,0,1,9,0,0,1,1,0,1,0,0,0,1,0,361,81,0.9458041228797351,8.24564690087386,-inf,-inf,0,0,0,0,0,1,0,0,0,0,0,0,0
0,18,0,1,0,1,0,0,10798,8,1,0,1,0,0,0,1,8,0,0,1,1,0,1,0,0,0,1,0,324,64,0.9428969602292465,9.287116210778231,-inf,-inf,0,0,0,0,1,0,0,0,0,0,0,0,0
0,18,1,0,0,1,0,0,4657,11,1,0,0,1,0,0,1,11,18,11,0,1,0,0,1,0,0,1,0,324,121,0.9428969602292465,8.446126742982377,-inf,-inf,0,0,0,0,0,0,0,1,0,0,0,0,0
0,17,1,0,0,1,0,0,8551,11,1,0,0,1,0,0,1,11,17,11,0,1,0,0,1,0,0,1,0,289,121,0.9396474210192167,9.053803514155955,-inf,-inf,0,0,0,0,0,0,0,1,0,0,0,0,0
0,19,1,0,0,1,0,0,4309,10,1,0,0,1,0,0,1,10,19,10,0,1,0,0,1,0,0,1,0,361,100,0.9458041228797351,8.368461137615839,-inf,-inf,0,0,0,0,0,0,1,0,0,0,0,0,0
0,19,1,0,0,1,0,0,5286,10,1,0,0,1,0,0,1,10,19,10,0,1,0,0,1,0,0,1,0,361,100,0.9458041228797351,8.572817095164234,-inf,-inf,0,0,0,0,0,0,1,0,0,0,0,0,0
0,18,1,0,0,1,0,0,12486,9,1,0,0,1,0,0,1,9,18,9,0,1,0,0,1,0,0,1,0,324,81,0.9428969602292465,9.43236329562169,-inf,-inf,0,0,0,0,0,1,0,0,0,0,0,0,0
0,18,1,0,0,1,0,0,10877,9,1,0,0,1,0,0,1,9,18,9,0,1,0,0,1,0,0,1,0,324,81,0.9428969602292465,9.294405747093851,-inf,-inf,0,0,0,0,0,1,0,0,0,0,0,0,0
0,18,1,0,0,1,0,0,202,10,1,0,0,1,0,0,1,10,18,10,0,1,0,0,1,0,0,1,0,324,100,0.9428969602292465,5.308267697401205,-inf,-inf,0,0,0,0,0,0,1,0,0,0,0,0,0
0,17,1,0,0,1,0,0,2657,10,1,0,0,1,0,0,1,10,17,10,0,1,0,0,1,0,0,1,0,289,100,0.9396474210192167,7.884952945759814,-inf,-inf,0,0,0,0,0,0,1,0,0,0,0,0,0
0,18,1,0,0,1,0,0,4132,7,1,0,0,1,0,0,1,7,18,7,0,1,0,0,1,0,0,1,0,324,49,0.9428969602292465,8.326516830239528,-inf,-inf,0,0,0,1,0,0,0,0,0,0,0,0,0
0,18,1,0,0,1,0,0,11303,11,1,0,0,1,0,0,1,11,18,11,0,1,0,0,1,0,0,1,0,324,121,0.9428969602292465,9.33282345619073,-inf,-inf,0,0,0,0,0,0,0,1,0,0,0,0,0
0,19,0,1,0,1,0,0,0,10,1,0,1,0,0,0,1,10,0,0,1,1,0,1,0,0,0,1,0,361,100,0.9458041228797351,-inf,-inf,-inf,0,0,0,0,0,0,1,0,0,0,0,0,0
0,18,1,0,0,1,0,0,0,9,1,0,0,1,0,0,1,9,18,9,0,1,0,0,1,0,0,1,0,324,81,0.9428969602292465,-inf,-inf,-inf,0,0,0,0,0,1,0,0,0,0,0,0,0
0,17,1,0,0,1,0,0,0,10,1,0,0,1,0,0,1,10,17,10,0,1,0,0,1,0,0,1,0,289,100,0.9396474210192167,-inf,-inf,-inf,0,0,0,0,0,0,1,0,0,0,0,0,0
0,17,1,0,0,1,0,0,2189,10,1,0,0,1,0,0,1,10,17,10,0,1,0,0,1,0,0,1,0,289,100,0.9396474210192167,7.691200097522863,-inf,-inf,0,0,0,0,0,0,1,0,0,0,0,0,0
0,19,1,0,0,1,0,0,0,11,1,0,0,1,0,0,1,11,19,11,0,1,0,0,1,0,0,1,0,361,121,0.9458041228797351,-inf,-inf,-inf,0,0,0,0,0,0,0,1,0,0,0,0,0
0,17,0,0,0,1,0,0,10210,8,1,0,0,0,0,0,1,8,0,0,0,1,0,0,0,0,0,1,0,289,64,0.9396474210192167,9.231122911158712,-inf,-inf,0,0,0,0,1,0,0,0,0,0,0,0,0
0,18,1,0,0,1,0,0,11048,10,1,0,0,1,0,0,1,10,18,10,0,1,0,0,1,0,0,1,0,324,100,0.9428969602292465,9.310004695089129,-inf,-inf,0,0,0,0,0,0,1,0,0,0,0,0,0
0,18,1,0,0,1,0,0,0,9,1,0,0,1,0,0,1,9,18,9,0,1,0,0,1,0,0,1,0,324,81,0.9428969602292465,-inf,-inf,-inf,0,0,0,0,0,1,0,0,0,0,0,0,0
0,17,1,0,0,1,0,0,8993,8,1,0,0,1,0,0,1,8,17,8,0,1,0,0,1,0,0,1,0,289,64,0.9396474210192167,9.104201775914515,-inf,-inf,0,0,0,0,1,0,0,0,0,0,0,0,0
0,19,0,1,0,1,0,0,5071,6,1,0,1,0,0,0,1,6,0,0,1,1,0,1,0,0,0,1,0,361,36,0.9458041228797351,8.531293315795018,-inf,-inf,0,0,1,0,0,0,0,0,0,0,0,0,0
0,19,0,0,0,1,0,0,3194,10,1,0,0,0,0,0,1,10,0,0,0,1,0,0,0,0,0,1,0,361,100,0.9458041228797351,8.069029328774958,-inf,-inf,0,0,0,0,0,0,1,0,0,0,0,0,0
0,17,0,0,0,1,0,0,0,11,1,0,0,0,0,0,1,11,0,0,0,1,0,0,0,0,0,1,0,289,121,0.9396474210192167,-inf,-inf,-inf,0,0,0,0,0,0,0,1,0,0,0,0,0
0,20,1,0,0,1,0,0,5193,9,1,0,0,1,0,0,1,9,20,9,0,1,0,0,1,0,0,1,0,400,81,0.9484202966655324,8.555066843844319,-inf,-inf,0,0,0,0,0,1,0,0,0,0,0,0,0
0,17,1,0,0,1,0,0,0,9,1,0,0,1,0,0,1,9,17,9,0,1,0,0,1,0,0,1,0,289,81,0.9396474210192167,-inf,-inf,-inf,0,0,0,0,0,1,0,0,0,0,0,0,0
0,17,1,0,0,1,0,0,275,10,1,0,0,1,0,0,1,10,17,10,0,1,0,0,1,0,0,1,0,289,100,0.9396474210192167,5.616771097666572,-inf,-inf,0,0,0,0,0,0,1,0,0,0,0,0,0
0,17,1,0,0,1,0,0,3590,9,1,0,0,1,0,0,1,9,17,9,0,1,0,0,1,0,0,1,0,289,81,0.9396474210192167,8.185907481482324,-inf,-inf,0,0,0,0,0,1,0,0,0,0,0,0,0
0,19,1,0,0,1,0,0,0,11,1,0,0,1,0,0,1,11,19,11,0,1,0,0,1,0,0,1,0,361,121,0.9458041228797351,-inf,-inf,-inf,0,0,0,0,0,0,0,1,0,0,0,0,0
0,19,1,0,1,1,0,0,12797,10,1,0,0,1,1,0,1,10,19,10,0,1,0,0,1,1,0,1,0,361,100,0.9458041228797351,9.456966047437597,-inf,-inf,0,0,0,0,0,0,1,0,0,0,0,0,0
0,20,1,0,0,1,0,0,2035,9,1,0,0,1,0,0,1,9,20,9,0,1,0,0,1,0,0,1,0,400,81,0.9484202966655324,7.618251097876695,-inf,-inf,0,0,0,0,0,1,0,0,0,0,0,0,0
0,18,1,0,0,1,0,0,2389,9,1,0,0,1,0,0,1,9,18,9,0,1,0,0,1,0,0,1,0,324,81,0.9428969602292465,7.77863014732581,-inf,-inf,0,0,0,0,0,1,0,0,0,0,0,0,0
0,18,1,0,0,1,0,0,0,11,1,0,0,1,0,0,1,11,18,11,0,1,0,0,1,0,0,1,0,324,121,0.9428969602292465,-inf,-inf,-inf,0,0,0,0,0,0,0,1,0,0,0,0,0
0,17,0,1,0,1,0,0,8469,10,1,0,1,0,0,0,1,10,0,0,1,1,0,1,0,0,0,1,0,289,100,0.9396474210192167,9.0441677169216,-inf,-inf,0,0,0,0,0,0,1,0,0,0,0,0,0
0,19,1,0,0,1,0,0,0,11,1,0,0,1,0,0,1,11,19,11,0,1,0,0,1,0,0,1,0,361,121,0.9458041228797351,-inf,-inf,-inf,0,0,0,0,0,0,0,1,0,0,0,0,0
0,17,1,0,0,1,0,0,1143,10,1,0,0,1,0,0,1,10,17,10,0,1,0,0,1,0,0,1,0,289,100,0.9396474210192167,7.04141166379481,-inf,-inf,0,0,0,0,0,0,1,0,0,0,0,0,0
0,17,0,1,0,1,0,0,5114,9,1,0,1,0,0,0,1,9,0,0,1,1,0,1,0,0,0,1,0,289,81,0.9396474210192167,8.539737155851132,-inf,-inf,0,0,0,0,0,1,0,0,0,0,0,0,0
0,18,1,0,0,1,0,0,781,10,1,0,0,1,0,0,1,10,18,10,0,1,0,0,1,0,0,1,0,324,100,0.9428969602292465,6.660575149839686,-inf,-inf,0,0,0,0,0,0,1,0,0,0,0,0,0
0,21,1,0,0,1,591,0,3343,9,1,0,0,1,0,0,0,9,21,9,0,0,5319,0,0,0,0,0,591,441,81,0.950787076792791,8.114623886420098,-inf,6.3818160174060985,0,0,0,0,0,1,0,0,0,0,0,0,0
0,18,1,0,0,1,1563,0,9602,10,1,0,0,1,0,0,0,10,18,10,0,0,15630,0,0,0,0,0,1563,324,100,0.9428969602292465,9.169726689090886,-inf,7.354362330421477,0,0,0,0,0,0,1,0,0,0,0,0,0
0,19,1,0,0,1,1626,0,0,11,1,0,0,1,0,0,0,11,19,11,0,0,17886,0,0,0,0,0,1626,361,121,0.9458041228797351,-inf,-inf,7.3938782901077555,0,0,0,0,0,0,0,1,0,0,0,0,0
0,24,1,0,0,1,2788,0,16461,9,1,0,0,1,0,0,0,9,24,9,0,0,25092,0,0,0,0,0,2788,576,81,0.9567029759406541,9.708749225727084,-inf,7.933079771880415,0,0,0,0,0,1,0,0,0,0,0,0,0
0,28,0,1,1,1,3472,0,6771,11,1,0,1,0,1,0,0,11,0,0,1,0,38192,0,0,0,3472,0,3472,784,121,0.9626171988577635,8.820404065485645,-inf,8.15248607578024,0,0,0,0,0,0,0,1,0,0,0,0,0
0,25,1,0,0,1,5281,0,0,11,1,0,0,1,0,0,0,11,25,11,0,0,58091,0,0,0,0,0,5281,625,121,0.9583591378395542,-inf,-inf,8.571870752706934,0,0,0,0,0,0,0,1,0,0,0,0,0
0,21,1,0,0,1,33799,0,11011,7,1,0,0,1,0,0,0,7,21,7,0,0,236593,0,0,0,0,0,33799,441,49,0.950787076792791,9.306650052113591,-inf,10.428186495234625,0,0,0,1,0,0,0,0,0,0,0,0,0
0,39,1,0,0,1,0,83,0,11,0,913,0,0,0,83,1,11,39,11,0,1,0,0,1,0,0,1,0,1521,121,0.9726212233655854,-inf,4.418840607796598,-inf,0,0,0,0,0,0,0,1,0,0,0,0,0
0,36,1,0,0,0,0,142,0,12,0,1704,0,0,0,0,0,0,36,12,0,1,0,0,1,0,0,0,0,1296,144,0.9704997207458745,-inf,4.955827057601261,-inf,0,0,0,0,0,0,0,0,1,0,0,0,0
0,24,1,0,0,0,0,159,0,12,0,1908,0,0,0,0,0,0,24,12,0,1,0,0,1,0,0,0,0,576,144,0.9567029759406541,-inf,5.0689042022202315,-inf,0,0,0,0,0,0,0,0,1,0,0,0,0
0,17,1,0,0,1,989,165,4251,11,0,1815,0,0,0,165,0,11,17,11,0,0,10879,0,0,0,0,0,989,289,121,0.9396474210192167,8.35490952835879,5.10594547390058,6.8966943316227125,0,0,0,0,0,0,0,1,0,0,0,0,0
0,18,1,0,0,1,960,240,2891,10,0,2400,0,0,0,240,0,10,18,10,0,0,9600,0,0,0,0,0,960,324,100,0.9428969602292465,7.969357742016346,5.480638923341991,6.866933284461882,0,0,0,0,0,0,1,0,0,0,0,0,0
0,18,1,0,0,1,0,273,5514,10,0,2730,0,0,0,273,1,10,18,10,0,1,0,0,1,0,0,1,0,324,100,0.9428969602292465,8.615045591583742,5.60947179518496,-inf,0,0,0,0,0,0,1,0,0,0,0,0,0
0,28,1,0,0,1,1471,367,4858,10,0,3670,0,0,0,367,0,10,28,10,0,0,14710,0,0,0,0,0,1471,784,100,0.9626171988577635,8.488382109562117,5.905361848054571,7.293697720601438,0,0,0,0,0,0,1,0,0,0,0,0,0
0,27,0,0,0,0,5214,474,4812,13,0,6162,0,0,0,0,0,0,0,0,0,0,67782,0,0,0,0,0,0,729,169,0.9613030849621761,8.47886807709457,6.161207321695077,8.559102594493448,0,0,0,0,0,0,0,0,0,1,0,0,0
0,31,0,0,0,0,0,494,0,12,0,5928,0,0,0,0,0,0,0,0,0,1,0,0,0,0,0,0,0,961,144,0.9660503875578612,-inf,6.202535517187923,-inf,0,0,0,0,0,0,0,0,1,0,0,0,0
0,22,1,0,0,1,0,506,604,9,0,4554,0,0,0,506,1,9,22,9,0,1,0,0,1,0,0,1,0,484,81,0.9529384923193408,6.403574197934815,6.226536669287466,-inf,0,0,0,0,0,1,0,0,0,0,0,0,0
0,31,1,0,0,1,0,520,14527,10,0,5200,0,0,0,520,1,10,31,10,0,1,0,0,1,0,0,1,0,961,100,0.9660503875578612,9.583764265872883,6.253828811575473,-inf,0,0,0,0,0,0,1,0,0,0,0,0,0
0,26,1,0,1,1,6140,558,0,10,0,5580,0,0,0,558,0,10,26,10,0,0,61400,0,0,0,6140,0,6140,676,100,0.9598877816879293,-inf,6.324358962381311,8.722580021141189,0,0,0,0,0,0,1,0,0,0,0,0,0
0,18,0,0,0,1,0,559,7300,9,0,5031,0,0,0,559,1,9,0,0,0,1,0,0,0,0,0,1,0,324,81,0.9428969602292465,8.895629627136483,6.326149473155099,-inf,0,0,0,0,0,1,0,0,0,0,0,0,0
0,23,1,0,0,1,6382,580,0,11,0,6380,0,0,0,580,0,11,23,11,0,0,70202,0,0,0,0,0,6382,529,121,0.9549026515456931,-inf,6.363028103540465,8.76123680683819,0,0,0,0,0,0,0,1,0,0,0,0,0
0,20,1,0,0,0,0,591,4159,12,0,7092,0,0,0,0,0,0,20,12,0,1,0,0,1,0,0,0,0,400,144,0.9484202966655324,8.33302993974291,6.3818160174060985,-inf,0,0,0,0,0,0,0,0,1,0,0,0,0
0,19,1,0,0,1,0,604,0,10,0,6040,0,0,0,604,1,10,19,10,0,1,0,0,1,0,0,1,0,361,100,0.9458041228797351,-inf,6.403574197934815,-inf,0,0,0,0,0,0,1,0,0,0,0,0,0
0,18,1,0,0,1,1064,645,5497,11,0,7095,0,0,0,645,0,11,18,11,0,0,11704,0,0,0,0,0,1064,324,121,0.9428969602292465,8.61195776786066,6.4692503167957724,6.96979066990159,0,0,0,0,0,0,0,1,0,0,0,0,0
0,17,1,0,0,1,0,664,0,10,0,6640,0,0,0,664,1,10,17,10,0,1,0,0,1,0,0,1,0,289,100,0.9396474210192167,-inf,6.498282149476434,-inf,0,0,0,0,0,0,1,0,0,0,0,0,0
0,27,1,0,1,0,0,752,0,12,0,9024,0,0,0,0,0,0,27,12,0,1,0,0,1,1,0,0,0,729,144,0.9613030849621761,-inf,6.62273632394984,-inf,0,0,0,0,0,0,0,0,1,0,0,0,0
0,27,1,0,0,1,3065,766,0,11,0,8426,0,0,0,766,0,11,27,11,0,0,33715,0,0,0,0,0,3065,729,121,0.9613030849621761,-inf,6.641182169740591,8.027802848370312,0,0,0,0,0,0,0,1,0,0,0,0,0
0,28,0,0,0,0,0,803,16477,12,0,9636,0,0,0,0,0,0,0,0,0,1,0,0,0,0,0,0,0,784,144,0.9626171988577635,9.709720748057432,6.688354713946762,-inf,0,0,0,0,0,0,0,0,1,0,0,0,0
0,28,1,0,0,1,2431,863,0,11,0,9493,0,0,0,863,0,11,28,11,0,0,26741,0,0,0,0,0,2431,784,121,0.9626171988577635,-inf,6.760414691083428,7.796057974316123,0,0,0,0,0,0,0,1,0,0,0,0,0
0,21,1,0,0,1,6661,1162,39483,10,0,11620,0,0,0,1162,0,10,21,10,0,0,66610,0,0,0,0,0,6661,441,100,0.950787076792791,10.583625478502434,7.057897937411856,8.804024902413179,0,0,0,0,0,0,1,0,0,0,0,0,0
0,17,0,1,0,1,4905,1168,11306,10,0,11680,0,0,0,1168,0,10,0,0,0,0,49050,0,0,0,0,0,4905,289,100,0.9396474210192167,9.333088837235236,7.0630481633881725,8.498010371999463,0,0,0,0,0,0,1,0,0,0,0,0,0
0,26,1,0,0,1,4699,1174,6672,11,0,12914,0,0,0,1174,0,11,26,11,0,0,51689,0,0,0,0,0,4699,676,121,0.9598877816879293,8.805674944038582,7.068172000388042,8.455104999102815,0,0,0,0,0,0,0,1,0,0,0,0,0
0,29,1,0,0,1,0,1203,9378,9,0,10827,0,0,0,1203,1,9,29,9,0,1,0,0,1,0,0,1,0,841,81,0.9638405977737807,9.146121799649531,7.0925737159746784,-inf,0,0,0,0,0,1,0,0,0,0,0,0,0
0,17,0,1,0,1,1203,1239,5088,10,0,12390,0,0,0,1239,0,10,0,0,0,0,12030,0,0,0,0,0,1203,289,100,0.9396474210192167,8.534640105019959,7.122059881629142,7.0925737159746784,0,0,0,0,0,0,1,0,0,0,0,0,0
0,22,1,0,0,1,7914,1321,2639,11,0,14531,0,0,0,1321,0,11,22,11,0,0,87054,0,0,0,0,0,7914,484,121,0.9529384923193408,7.878155336503324,7.186144304522325,8.97638862194537,0,0,0,0,0,0,0,1,0,0,0,0,0
0,24,1,0,0,1,0,1327,9495,11,0,14597,0,0,0,1327,1,11,24,11,0,1,0,0,1,0,0,1,0,576,121,0.9567029759406541,9.158520623246385,7.190676034332207,-inf,0,0,0,0,0,0,0,1,0,0,0,0,0
0,20,1,0,0,0,557,1371,20893,12,0,16452,0,0,0,0,0,0,20,12,0,0,6684,0,0,0,0,0,0,400,144,0.9484202966655324,9.947169453622251,7.223295679562314,6.322565239927284,0,0,0,0,0,0,0,0,1,0,0,0,0
0,18,1,0,0,0,0,1405,0,12,0,16860,0,0,0,0,0,0,18,12,0,1,0,0,1,0,0,0,0,324,144,0.9428969602292465,-inf,7.247792581767846,-inf,0,0,0,0,0,0,0,0,1,0,0,0,0
0,24,0,0,0,1,2669,1468,10361,11,0,16148,0,0,0,1468,0,11,0,0,0,0,29359,0,0,0,0,0,2669,576,121,0.9567029759406541,9.245804036251752,7.291656209174461,7.889459149404524,0,0,0,0,0,0,0,1,0,0,0,0,0
0,21,0,0,0,1,2988,1577,1740,9,0,14193,0,0,0,1577,0,9,0,0,0,0,26892,0,0,0,0,0,2988,441,81,0.950787076792791,7.461640392208575,7.3632795869630385,8.002359546252707,0,0,0,0,0,1,0,0,0,0,0,0,0
0,30,1,0,0,1,0,1706,0,8,0,13648,0,0,0,1706,1,8,30,8,0,1,0,0,1,0,0,1,0,900,64,0.9649823588799495,-inf,7.441906728051625,-inf,0,0,0,0,1,0,0,0,0,0,0,0,0
0,31,1,0,0,1,17711,1726,0,11,0,18986,0,0,0,1726,0,11,31,11,0,0,194821,0,0,0,0,0,17711,961,121,0.9660503875578612,-inf,7.453561871643373,9.781941194456632,0,0,0,0,0,0,0,1,0,0,0,0,0
0,17,0,1,0,1,1442,1734,6354,10,0,17340,0,0,0,1734,0,10,0,0,0,0,14420,0,0,0,0,0,1442,289,100,0.9396474210192167,8.756839814829462,7.458186157340487,7.273786317844895,0,0,0,0,0,0,1,0,0,0,0,0,0
0,19,1,0,0,1,8409,1778,7171,9,0,16002,0,0,0,1778,0,9,19,9,0,0,75681,0,0,0,0,0,8409,361,81,0.9458041228797351,8.877800393882575,7.48324441607385,9.037057839832897,0,0,0,0,0,1,0,0,0,0,0,0,0
0,23,1,0,0,1,0,1896,5573,11,0,20856,0,0,0,1896,1,11,23,11,0,1,0,0,1,0,0,1,0,529,121,0.9549026515456931,8.625688787569537,7.547501682814967,-inf,0,0,0,0,0,0,0,1,0,0,0,0,0
0,22,1,0,0,0,4380,2003,439,12,0,24036,0,0,0,0,0,0,22,12,0,0,52560,0,0,0,0,0,0,484,144,0.9529384923193408,6.0844994130751715,7.602401335665818,8.384804003370492,0,0,0,0,0,0,0,0,1,0,0,0,0
0,29,1,0,0,0,22859,2080,16969,12,0,24960,0,0,0,0,0,0,29,12,0,0,274308,0,0,0,0,0,0,841,144,0.9638405977737807,9.739143428972826,7.640123172695364,10.037100191860048,0,0,0,0,0,0,0,0,1,0,0,0,0
0,22,1,0,0,1,0,2174,5344,10,0,21740,0,0,0,2174,1,10,22,10,0,1,0,0,1,0,0,1,0,484,100,0.9529384923193408,8.583729715216482,7.684324067681155,-inf,0,0,0,0,0,0,1,0,0,0,0,0,0
0,29,1,0,0,0,718,2265,2725,13,0,29445,0,0,0,0,0,0,29,13,0,0,9334,0,0,0,0,0,0,841,169,0.9638405977737807,7.9102237070973445,7.725330037917135,6.576469569048224,0,0,0,0,0,0,0,0,0,1,0,0,0
0,19,1,0,0,1,721,2445,9772,11,0,26895,0,0,0,2445,0,11,19,11,0,0,7931,0,0,0,0,0,721,361,121,0.9458041228797351,9.187276432377631,7.801800401908973,6.580639137284949,0,0,0,0,0,0,0,1,0,0,0,0,0
0,17,1,0,0,1,0,2595,0,9,0,23355,0,0,0,2595,1,9,17,9,0,1,0,0,1,0,0,1,0,289,81,0.9396474210192167,-inf,7.861341795599989,-inf,0,0,0,0,0,1,0,0,0,0,0,0,0
0,18,1,0,0,1,1716,2682,0,10,0,26820,0,0,0,2682,0,10,18,10,0,0,17160,0,0,0,0,0,1716,324,100,0.9428969602292465,-inf,7.894318063841624,7.447751280047908,0,0,0,0,0,0,1,0,0,0,0,0,0
0,19,1,0,0,0,8417,2814,1720,12,0,33768,0,0,0,0,0,0,19,12,0,0,101004,0,0,0,0,0,0,361,144,0.9458041228797351,7.450079569807499,7.942362237674335,9.038008749211576,0,0,0,0,0,0,0,0,1,0,0,0,0
0,20,1,0,0,1,6006,2850,0,6,0,17100,0,0,0,2850,0,6,20,6,0,0,36036,0,0,0,0,0,6006,400,36,0.9484202966655324,-inf,7.955074273262696,8.700514248543275,0,0,1,0,0,0,0,0,0,0,0,0,0
0,33,1,0,0,1,10523,2899,18859,11,0,31889,0,0,0,2899,0,11,33,11,0,0,115753,0,0,0,0,0,10523,1089,121,0.967992075853778,9.844745532512365,7.972121128921655,9.261318616740812,0,0,0,0,0,0,0,1,0,0,0,0,0
0,36,0,1,0,1,5443,3063,1324,11,0,33693,0,0,0,3063,0,11,0,0,0,0,59873,0,0,0,0,0,5443,1296,121,0.9704997207458745,7.188412736496954,8.027150106832774,8.6020856584342,0,0,0,0,0,0,0,1,0,0,0,0,0
0,25,1,0,0,1,15209,3072,284,11,0,33792,0,0,0,3072,0,11,25,11,0,0,167299,0,0,0,0,0,15209,625,121,0.9583591378395542,5.648974238161206,8.030084094267563,9.629642636872369,0,0,0,0,0,0,0,1,0,0,0,0,0
0,19,1,0,0,1,3504,3285,11195,11,0,36135,0,0,0,3285,0,11,19,11,0,0,38544,0,0,0,0,0,3504,361,121,0.9458041228797351,9.323222529032856,8.09712193091871,8.161660452056282,0,0,0,0,0,0,0,1,0,0,0,0,0
0,23,1,0,0,1,7724,3403,0,8,0,27224,0,0,0,3403,0,8,23,8,0,0,61792,0,0,0,0,0,7724,529,64,0.9549026515456931,-inf,8.132412674500905,8.952087643548404,0,0,0,0,1,0,0,0,0,0,0,0,0
0,17,1,0,0,1,4080,3796,0,11,0,41756,0,0,0,3796,0,11,17,11,0,0,44880,0,0,0,0,0,4080,289,121,0.9396474210192167,-inf,8.241703159729818,8.313852267398207,0,0,0,0,0,0,0,1,0,0,0,0,0
0,43,1,0,0,1,2502,4128,7565,10,0,41280,0,0,0,4128,0,10,43,10,0,0,25020,0,0,0,0,0,2502,1849,100,0.9749889976683536,8.931287626222456,8.325548307161398,7.824845691026856,0,0,0,0,0,0,1,0,0,0,0,0,0
0,26,1,0,1,1,0,4184,0,11,0,46024,0,0,0,4184,1,11,26,11,0,1,0,0,1,1,0,1,0,676,121,0.9598877816879293,-inf,8.339023005744759,-inf,0,0,0,0,0,0,0,1,0,0,0,0,0
0,27,1,0,1,1,0,4491,0,11,0,49401,0,0,0,4491,1,11,27,11,0,1,0,0,1,1,0,1,0,729,121,0.9613030849621761,-inf,8.409830673087738,-inf,0,0,0,0,0,0,0,1,0,0,0,0,0
0,19,1,0,0,1,6337,4503,0,11,0,49533,0,0,0,4503,0,11,19,11,0,0,69707,0,0,0,0,0,6337,361,121,0.9458041228797351,-inf,8.412499120301572,8.754160749323518,0,0,0,0,0,0,0,1,0,0,0,0,0
0,28,1,0,1,1,8593,5393,4974,11,0,59323,0,0,0,5393,0,11,28,11,0,0,94523,0,0,0,8593,0,8593,784,121,0.9626171988577635,8.51197962436335,8.592857095337227,9.058703197313223,0,0,0,0,0,0,0,1,0,0,0,0,0
0,28,1,0,1,0,10585,5551,12780,12,0,66612,0,0,0,0,0,0,28,12,0,0,127020,0,0,0,10585,0,0,784,144,0.9626171988577635,9.455636727931525,8.621733370690162,9.267193183568965,0,0,0,0,0,0,0,0,1,0,0,0,0
0,26,1,0,0,1,1126,5562,3523,8,0,44496,0,0,0,5562,0,8,26,8,0,0,9008,0,0,0,0,0,1126,676,64,0.9598877816879293,8.167068178341237,8.62371303479391,7.026426808699636,0,0,0,0,1,0,0,0,0,0,0,0,0
0,31,1,0,0,0,0,5613,0,12,0,67356,0,0,0,0,0,0,31,12,0,1,0,0,1,0,0,0,0,961,144,0.9660503875578612,-inf,8.6328406149422,-inf,0,0,0,0,0,0,0,0,1,0,0,0,0
0,23,1,0,0,1,7617,5716,10274,11,0,62876,0,0,0,5716,0,11,23,11,0,0,83787,0,0,0,0,0,7617,529,121,0.9549026515456931,9.237371711027214,8.651024539049757,8.938137870372788,0,0,0,0,0,0,0,1,0,0,0,0,0
0,20,1,0,0,0,7182,6004,4779,12,0,72048,0,0,0,0,0,0,20,12,0,0,86184,0,0,0,0,0,0,400,144,0.9484202966655324,8.471986598578159,8.700181192753353,8.879333174786028,0,0,0,0,0,0,0,0,1,0,0,0,0
0,28,1,0,1,1,8293,6449,16988,10,0,64490,0,0,0,6449,0,10,28,10,0,0,82930,0,0,0,8293,0,8293,784,100,0.9626171988577635,9.740262491433162,8.771680359010377,9.023167064451204,0,0,0,0,0,0,1,0,0,0,0,0,0
0,39,1,0,1,0,19785,6608,499,12,0,79296,0,0,0,0,0,0,39,12,0,0,237420,0,0,0,19785,0,0,1521,144,0.9726212233655854,6.212606095751519,8.796036315200814,9.892679353819524,0,0,0,0,0,0,0,0,1,0,0,0,0
0,21,1,0,0,1,39570,6608,3083,8,0,52864,0,0,0,6608,0,8,21,8,0,0,316560,0,0,0,0,0,39570,441,64,0.950787076792791,8.03365842788615,8.796036315200814,10.58582653437947,0,0,0,0,1,0,0,0,0,0,0,0,0
0,22,1,0,0,1,8810,6974,3708,11,0,76714,0,0,0,6974,0,11,22,11,0,0,96910,0,0,0,0,0,8810,484,121,0.9529384923193408,8.218247926685745,8.849944227235596,9.083642718930225,0,0,0,0,0,0,0,1,0,0,0,0,0
0,20,1,0,0,1,8009,7666,7659,11,0,84326,0,0,0,7666,0,11,20,11,0,0,88099,0,0,0,0,0,8009,400,121,0.9484202966655324,8.943636705909594,8.9445502459405,8.988321188323683,0,0,0,0,0,0,0,1,0,0,0,0,0
0,21,0,1,0,1,2992,8920,20857,11,0,98120,0,0,0,8920,0,11,0,0,0,0,32912,0,0,0,0,0,2992,441,121,0.950787076792791,9.945444902296636,9.096051225574055,8.003697339094368,0,0,0,0,0,0,0,1,0,0,0,0,0
0,23,0,1,0,0,5721,8960,7078,12,0,107520,0,0,0,0,0,0,0,0,0,0,68652,0,0,0,0,0,0,529,144,0.9549026515456931,8.864746660905409,9.100525505968976,8.651898894268529,0,0,0,0,0,0,0,0,1,0,0,0,0
0,29,1,0,0,1,9268,9160,0,9,0,82440,0,0,0,9160,0,9,29,9,0,0,83412,0,0,0,0,0,9268,841,81,0.9638405977737807,-inf,9.122601457668177,9.134322885552267,0,0,0,0,0,1,0,0,0,0,0,0,0
0,28,1,0,1,1,10222,9210,1239,9,0,82890,0,0,0,9210,0,9,28,9,0,0,91998,0,0,0,10222,0,10222,784,81,0.9626171988577635,7.122059881629142,9.128045129249353,9.232297539328226,0,0,0,0,0,1,0,0,0,0,0,0,0
0,30,1,0,1,1,0,9311,3982,11,0,102421,0,0,0,9311,1,11,30,11,0,1,0,0,1,1,0,1,0,900,121,0.9649823588799495,8.289539484624141,9.138951775888529,-inf,0,0,0,0,0,0,0,1,0,0,0,0,0
0,25,1,0,1,1,13519,9319,0,10,0,93190,0,0,0,9319,0,10,25,10,0,0,135190,0,0,0,13519,0,13519,625,100,0.9583591378395542,-inf,9.139810605785655,9.511851382364405,0,0,0,0,0,0,1,0,0,0,0,0,0
0,28,1,0,1,1,824,10033,0,11,0,110363,0,0,0,10033,0,11,28,11,0,0,9064,0,0,0,824,0,824,784,121,0.9626171988577635,-inf,9.213634938925614,6.714170529909472,0,0,0,0,0,0,0,1,0,0,0,0,0
0,22,0,0,0,1,27864,10598,7094,10,0,105980,0,0,0,10598,0,10,0,0,0,0,278640,0,0,0,0,0,27864,484,100,0.9529384923193408,8.867004635333567,9.268420583052707,10.235090812045836,0,0,0,0,0,0,1,0,0,0,0,0,0
0,44,1,0,1,1,12260,10857,12359,9,0,97713,0,0,0,10857,0,9,44,9,0,0,110340,0,0,0,12260,0,12260,1936,81,0.9755136115933472,9.422139821589736,9.292565312231853,9.414097209490203,0,0,0,0,0,1,0,0,0,0,0,0,0
0,21,1,0,0,1,31886,12357,0,9,0,111213,0,0,0,12357,0,9,21,9,0,0,286974,0,0,0,0,0,31886,441,81,0.950787076792791,-inf,9.42197798310419,10.36992232096731,0,0,0,0,0,1,0,0,0,0,0,0,0
0,28,1,0,0,1,17491,13371,0,11,0,147081,0,0,0,13371,0,11,28,11,0,0,192401,0,0,0,0,0,17491,784,121,0.9626171988577635,-inf,9.500843461614666,9.769441741907062,0,0,0,0,0,0,0,1,0,0,0,0,0
0,29,0,1,0,1,9594,16341,16900,9,0,147069,0,0,0,16341,0,9,0,0,0,0,86346,0,0,0,0,0,9594,841,81,0.9638405977737807,9.735068900911164,9.701432566051784,9.168893182062009,0,0,0,0,0,1,0,0,0,0,0,0,0
0,25,1,0,1,1,24731,16946,7343,9,0,152514,0,0,0,16946,0,9,25,9,0,0,222579,0,0,0,24731,0,24731,625,81,0.9583591378395542,8.90150275745161,9.73778709675841,10.115812796414458,0,0,0,0,0,1,0,0,0,0,0,0,0
0,22,0,0,1,1,25720,23031,5448,10,0,230310,0,0,0,23031,0,10,0,0,0,0,257200,0,0,0,25720,0,25720,484,100,0.9529384923193408,8.60300384782935,10.044596413496008,10.155024178351555,0,0,0,0,0,0,1,0,0,0,0,0,0
1,37,1,0,1,1,0,0,9930,11,1,0,0,1,1,0,1,11,37,11,0,1,0,0,1,1,0,1,0,1369,121,0.9712451516512777,9.203315757039219,-inf,-inf,0,0,0,0,0,0,0,1,0,0,0,0,0
1,22,0,1,0,1,0,0,3595,9,1,0,1,0,0,0,1,9,0,0,1,1,0,1,0,0,0,1,0,484,81,0.9529384923193408,8.187299270155147,-inf,-inf,0,0,0,0,0,1,0,0,0,0,0,0,0
1,30,1,0,0,0,0,0,24909,12,1,0,0,1,0,0,0,0,30,12,0,1,0,0,1,0,0,0,0,900,144,0.9649823588799495,10.122984462930141,-inf,-inf,0,0,0,0,0,0,0,0,1,0,0,0,0
1,27,1,0,0,1,0,0,7506,11,1,0,0,1,0,0,1,11,27,11,0,1,0,0,1,0,0,1,0,729,121,0.9613030849621761,8.923457979694966,-inf,-inf,0,0,0,0,0,0,0,1,0,0,0,0,0
1,33,1,0,0,1,0,0,289,8,1,0,0,1,0,0,1,8,33,8,0,1,0,0,1,0,0,1,0,1089,64,0.967992075853778,5.666426688112432,-inf,-inf,0,0,0,0,1,0,0,0,0,0,0,0,0
1,22,1,0,0,1,0,0,4056,9,1,0,0,1,0,0,1,9,22,9,0,1,0,0,1,0,0,1,0,484,81,0.9529384923193408,8.30795254527102,-inf,-inf,0,0,0,0,0,1,0,0,0,0,0,0,0
1,23,1,0,0,0,0,0,0,12,1,0,0,1,0,0,0,0,23,12,0,1,0,0,1,0,0,0,0,529,144,0.9549026515456931,-inf,-inf,-inf,0,0,0,0,0,0,0,0,1,0,0,0,0
1,32,1,0,0,1,0,0,8472,11,1,0,0,1,0,0,1,11,32,11,0,1,0,0,1,0,0,1,0,1024,121,0.9670516005594136,9.044521887281242,-inf,-inf,0,0,0,0,0,0,0,1,0,0,0,0,0
1,22,1,0,0,0,0,0,2164,16,1,0,0,1,0,0,0,0,22,16,0,1,0,0,1,0,0,0,0,484,256,0.9529384923193408,7.679713639966372,-inf,-inf,0,0,0,0,0,0,0,0,0,0,0,0,1
1,33,0,0,1,0,0,0,12418,12,1,0,0,0,1,0,0,0,0,0,0,1,0,0,0,1,0,0,0,1089,144,0.967992075853778,9.426902311924838,-inf,-inf,0,0,0,0,0,0,0,0,1,0,0,0,0
1,19,1,0,0,1,0,0,8173,9,1,0,0,1,0,0,1,9,19,9,0,1,0,0,1,0,0,1,0,361,81,0.9458041228797351,9.00859131751613,-inf,-inf,0,0,0,0,0,1,0,0,0,0,0,0,0
1,21,1,0,0,0,0,0,17094,13,1,0,0,1,0,0,0,0,21,13,0,1,0,0,1,0,0,0,0,441,169,0.950787076792791,9.746482803725963,-inf,-inf,0,0,0,0,0,0,0,0,0,1,0,0,0
1,18,1,0,0,1,0,0,0,8,1,0,0,1,0,0,1,8,18,8,0,1,0,0,1,0,0,1,0,324,64,0.9428969602292465,-inf,-inf,-inf,0,0,0,0,1,0,0,0,0,0,0,0,0
1,27,1,0,1,1,0,0,18739,10,1,0,0,1,1,0,1,10,27,10,0,1,0,0,1,1,0,1,0,729,100,0.9613030849621761,9.838362192575666,-inf,-inf,0,0,0,0,0,0,1,0,0,0,0,0,0
1,17,1,0,0,1,0,0,3023,7,1,0,0,1,0,0,1,7,17,7,0,1,0,0,1,0,0,1,0,289,49,0.9396474210192167,8.014004994779459,-inf,-inf,0,0,0,1,0,0,0,0,0,0,0,0,0
1,19,1,0,0,1,0,0,3228,10,1,0,0,1,0,0,1,10,19,10,0,1,0,0,1,0,0,1,0,361,100,0.9458041228797351,8.07961802938984,-inf,-inf,0,0,0,0,0,0,1,0,0,0,0,0,0
1,27,1,0,0,0,0,0,14581,13,1,0,0,1,0,0,0,0,27,13,0,1,0,0,1,0,0,0,0,729,169,0.9613030849621761,9.587474590316285,-inf,-inf,0,0,0,0,0,0,0,0,0,1,0,0,0
1,23,1,0,0,1,0,0,7693,10,1,0,0,1,0,0,1,10,23,10,0,1,0,0,1,0,0,1,0,529,100,0.9549026515456931,8.948066103458935,-inf,-inf,0,0,0,0,0,0,1,0,0,0,0,0,0
1,40,1,0,0,0,0,0,10804,12,1,0,0,1,0,0,0,0,40,12,0,1,0,0,1,0,0,0,0,1600,144,0.9732576072672675,9.287671714912506,-inf,-inf,0,0,0,0,0,0,0,0,1,0,0,0,0
1,26,1,0,0,0,0,0,10747,12,1,0,0,1,0,0,0,0,26,12,0,1,0,0,1,0,0,0,0,676,144,0.9598877816879293,9.282381924841154,-inf,-inf,0,0,0,0,0,0,0,0,1,0,0,0,0
1,23,1,0,0,1,0,0,0,11,1,0,0,1,0,0,1,11,23,11,0,1,0,0,1,0,0,1,0,529,121,0.9549026515456931,-inf,-inf,-inf,0,0,0,0,0,0,0,1,0,0,0,0,0
1,41,0,0,0,0,0,0,5149,14,1,0,0,0,0,0,0,0,0,0,0,1,0,0,0,0,0,0,0,1681,196,0.9738629181255468,8.546557800046141,-inf,-inf,0,0,0,0,0,0,0,0,0,0,1,0,0
1,38,0,0,0,1,0,0,6408,9,1,0,0,0,0,0,1,9,0,0,0,1,0,0,0,0,0,1,0,1444,81,0.9719513116061754,8.765302488748196,-inf,-inf,0,0,0,0,0,1,0,0,0,0,0,0,0
1,24,1,0,0,1,0,0,1991,11,1,0,0,1,0,0,1,11,24,11,0,1,0,0,1,0,0,1,0,576,121,0.9567029759406541,7.596392304064196,-inf,-inf,0,0,0,0,0,0,0,1,0,0,0,0,0
1,18,1,0,0,1,0,0,11163,10,1,0,0,1,0,0,1,10,18,10,0,1,0,0,1,0,0,1,0,324,100,0.9428969602292465,9.320360017014732,-inf,-inf,0,0,0,0,0,0,1,0,0,0,0,0,0
1,29,1,0,1,1,0,0,9642,11,1,0,0,1,1,0,1,11,29,11,0,1,0,0,1,1,0,1,0,841,121,0.9638405977737807,9.173883834965567,-inf,-inf,0,0,0,0,0,0,0,1,0,0,0,0,0
1,25,1,0,0,1,0,0,9897,11,1,0,0,1,0,0,1,11,25,11,0,1,0,0,1,0,0,1,0,625,121,0.9583591378395542,9.199986959896691,-inf,-inf,0,0,0,0,0,0,0,1,0,0,0,0,0
1,27,0,1,0,1,0,0,11142,10,1,0,1,0,0,0,1,10,0,0,1,1,0,1,0,0,0,1,0,729,100,0.9613030849621761,9.31847703058076,-inf,-inf,0,0,0,0,0,0,1,0,0,0,0,0,0
1,17,1,0,0,1,0,0,16218,10,1,0,0,1,0,0,1,10,17,10,0,1,0,0,1,0,0,1,0,289,100,0.9396474210192167,9.693877015504503,-inf,-inf,0,0,0,0,0,0,1,0,0,0,0,0,0
1,24,1,0,0,1,0,0,995,11,1,0,0,1,0,0,1,11,24,11,0,1,0,0,1,0,0,1,0,576,121,0.9567029759406541,6.902742737158593,-inf,-inf,0,0,0,0,0,0,0,1,0,0,0,0,0
1,17,1,0,0,1,0,0,0,10,1,0,0,1,0,0,1,10,17,10,0,1,0,0,1,0,0,1,0,289,100,0.9396474210192167,-inf,-inf,-inf,0,0,0,0,0,0,1,0,0,0,0,0,0
1,48,1,0,0,1,0,0,6551,4,1,0,0,1,0,0,1,4,48,4,0,1,0,0,1,0,0,1,0,2304,16,0.977393275951835,8.787372988731876,-inf,-inf,1,0,0,0,0,0,0,0,0,0,0,0,0
1,25,1,0,1,1,0,0,1574,11,1,0,0,1,1,0,1,11,25,11,0,1,0,0,1,1,0,1,0,625,121,0.9583591378395542,7.3613754289773485,-inf,-inf,0,0,0,0,0,0,0,1,0,0,0,0,0
1,20,1,0,0,0,0,0,0,12,1,0,0,1,0,0,0,0,20,12,0,1,0,0,1,0,0,0,0,400,144,0.9484202966655324,-inf,-inf,-inf,0,0,0,0,0,0,0,0,1,0,0,0,0
1,25,1,0,0,0,0,0,3191,12,1,0,0,1,0,0,0,0,25,12,0,1,0,0,1,0,0,0,0,625,144,0.9583591378395542,8.068089626278244,-inf,-inf,0,0,0,0,0,0,0,0,1,0,0,0,0
1,42,1,0,0,0,0,0,20505,14,1,0,0,1,0,0,0,0,42,14,0,1,0,0,1,0,0,0,0,1764,196,0.9744393768529812,9.92842403782616,-inf,-inf,0,0,0,0,0,0,0,0,0,0,1,0,0
1,25,1,0,0,1,0,0,6181,5,1,0,0,1,0,0,1,5,25,5,0,1,0,0,1,0,0,1,0,625,25,0.9583591378395542,8.729235349659273,-inf,-inf,0,1,0,0,0,0,0,0,0,0,0,0,0
1,23,1,0,1,0,0,0,5911,12,1,0,0,1,1,0,0,0,23,12,0,1,0,0,1,1,0,0,0,529,144,0.9549026515456931,8.684570300824369,-inf,-inf,0,0,0,0,0,0,0,0,1,0,0,0,0
1,46,1,0,1,1,0,0,3094,8,1,0,0,1,1,0,1,8,46,8,0,1,0,0,1,1,0,1,0,2116,64,0.9764943463935378,8.037220031133012,-inf,-inf,0,0,0,0,1,0,0,0,0,0,0,0,0
1,24,1,0,0,1,0,0,0,10,1,0,0,1,0,0,1,10,24,10,0,1,0,0,1,0,0,1,0,576,100,0.9567029759406541,-inf,-inf,-inf,0,0,0,0,0,0,1,0,0,0,0,0,0
1,21,1,0,0,0,0,0,1254,12,1,0,0,1,0,0,0,0,21,12,0,1,0,0,1,0,0,0,0,441,144,0.950787076792791,7.134093721192866,-inf,-inf,0,0,0,0,0,0,0,0,1,0,0,0,0
1,19,0,0,0,1,0,0,13188,9,1,0,0,0,0,0,1,9,0,0,0,1,0,0,0,0,0,1,0,361,81,0.9458041228797351,9.487062604191621,-inf,-inf,0,0,0,0,0,1,0,0,0,0,0,0,0
1,17,1,0,0,1,0,0,8061,8,1,0,0,1,0,0,1,8,17,8,0,1,0,0,1,0,0,1,0,289,64,0.9396474210192167,8.9947928972836,-inf,-inf,0,0,0,0,1,0,0,0,0,0,0,0,0
1,18,0,1,1,1,0,0,2787,8,1,0,1,0,1,0,1,8,0,0,1,1,0,1,0,1,0,1,0,324,64,0.9428969602292465,7.932721027481948,-inf,-inf,0,0,0,0,1,0,0,0,0,0,0,0,0
1,20,1,0,0,1,0,0,3972,11,1,0,0,1,0,0,1,11,20,11,0,1,0,0,1,0,0,1,0,400,121,0.9484202966655324,8.287025025165063,-inf,-inf,0,0,0,0,0,0,0,1,0,0,0,0,0
1,25,1,0,1,1,0,0,0,11,1,0,0,1,1,0,1,11,25,11,0,1,0,0,1,1,0,1,0,625,121,0.9583591378395542,-inf,-inf,-inf,0,0,0,0,0,0,0,1,0,0,0,0,0
1,17,1,0,0,1,0,0,0,8,1,0,0,1,0,0,1,8,17,8,0,1,0,0,1,0,0,1,0,289,64,0.9396474210192167,-inf,-inf,-inf,0,0,0,0,1,0,0,0,0,0,0,0,0
1,17,1,0,0,1,0,0,0,9,1,0,0,1,0,0,1,9,17,9,0,1,0,0,1,0,0,1,0,289,81,0.9396474210192167,-inf,-inf,-inf,0,0,0,0,0,1,0,0,0,0,0,0,0
1,25,1,0,0,1,0,0,12187,5,1,0,0,1,0,0,1,5,25,5,0,1,0,0,1,0,0,1,0,625,25,0.9583591378395542,9.408125088823502,-inf,-inf,0,1,0,0,0,0,0,0,0,0,0,0,0
1,23,1,0,0,0,0,0,4843,12,1,0,0,1,0,0,0,0,23,12,0,1,0,0,1,0,0,0,0,529,144,0.9549026515456931,8.48528964240323,-inf,-inf,0,0,0,0,0,0,0,0,1,0,0,0,0
1,28,1,0,0,1,0,0,0,8,1,0,0,1,0,0,1,8,28,8,0,1,0,0,1,0,0,1,0,784,64,0.9626171988577635,-inf,-inf,-inf,0,0,0,0,1,0,0,0,0,0,0,0,0
1,31,1,0,1,1,0,0,8087,11,1,0,0,1,1,0,1,11,31,11,0,1,0,0,1,1,0,1,0,961,121,0.9660503875578612,8.998013113095823,-inf,-inf,0,0,0,0,0,0,0,1,0,0,0,0,0
1,18,1,0,0,1,0,0,0,11,1,0,0,1,0,0,1,11,18,11,0,1,0,0,1,0,0,1,0,324,121,0.9428969602292465,-inf,-inf,-inf,0,0,0,0,0,0,0,1,0,0,0,0,0
1,25,1,0,0,0,0,0,2348,12,1,0,0,1,0,0,0,0,25,12,0,1,0,0,1,0,0,0,0,625,144,0.9583591378395542,7.761319180947987,-inf,-inf,0,0,0,0,0,0,0,0,1,0,0,0,0
1,30,1,0,1,1,0,0,590,11,1,0,0,1,1,0,1,11,30,11,0,1,0,0,1,1,0,1,0,900,121,0.9649823588799495,6.380122536899765,-inf,-inf,0,0,0,0,0,0,0,1,0,0,0,0,0
1,17,1,0,0,1,0,0,0,10,1,0,0,1,0,0,1,10,17,10,0,1,0,0,1,0,0,1,0,289,100,0.9396474210192167,-inf,-inf,-inf,0,0,0,0,0,0,1,0,0,0,0,0,0
1,37,1,0,0,1,0,0,1067,9,1,0,0,1,0,0,1,9,37,9,0,1,0,0,1,0,0,1,0,1369,81,0.9712451516512777,6.9726062513017535,-inf,-inf,0,0,0,0,0,1,0,0,0,0,0,0,0
1,41,1,0,1,1,0,0,7284,4,1,0,0,1,1,0,1,4,41,4,0,1,0,0,1,1,0,1,0,1681,16,0.9738629181255468,8.8934354408475,-inf,-inf,1,0,0,0,0,0,0,0,0,0,0,0,0
1,42,1,0,1,0,0,0,13167,14,1,0,0,1,1,0,0,0,42,14,0,1,0,0,1,1,0,0,0,1764,196,0.9744393768529812,9.485468978356344,-inf,-inf,0,0,0,0,0,0,0,0,0,0,1,0,0
1,22,0,0,0,1,0,0,1048,11,1,0,0,0,0,0,1,11,0,0,0,1,0,0,0,0,0,1,0,484,121,0.9529384923193408,6.954638864880987,-inf,-inf,0,0,0,0,0,0,0,1,0,0,0,0,0
1,17,1,0,0,1,0,0,0,8,1,0,0,1,0,0,1,8,17,8,0,1,0,0,1,0,0,1,0,289,64,0.9396474210192167,-inf,-inf,-inf,0,0,0,0,1,0,0,0,0,0,0,0,0
1,29,1,0,0,1,0,0,1923,8,1,0,0,1,0,0,1,8,29,8,0,1,0,0,1,0,0,1,0,841,64,0.9638405977737807,7.56164174558878,-inf,-inf,0,0,0,0,1,0,0,0,0,0,0,0,0
1,35,1,0,0,1,0,0,4666,10,1,0,0,1,0,0,1,10,35,10,0,1,0,0,1,0,0,1,0,1225,100,0.9697116504969562,8.448057452581375,-inf,-inf,0,0,0,0,0,0,1,0,0,0,0,0,0
1,27,1,0,0,1,0,0,549,11,1,0,0,1,0,0,1,11,27,11,0,1,0,0,1,0,0,1,0,729,121,0.9613030849621761,6.3080984415095305,-inf,-inf,0,0,0,0,0,0,0,1,0,0,0,0,0
1,29,1,0,0,1,0,0,762,4,1,0,0,1,0,0,1,4,29,4,0,1,0,0,1,0,0,1,0,841,16,0.9638405977737807,6.635946555686647,-inf,-inf,1,0,0,0,0,0,0,0,0,0,0,0,0
1,28,1,0,0,1,0,0,10694,9,1,0,0,1,0,0,1,9,28,9,0,1,0,0,1,0,0,1,0,784,81,0.9626171988577635,9.277438115508676,-inf,-inf,0,0,0,0,0,1,0,0,0,0,0,0,0
1,27,1,0,0,1,0,0,0,11,1,0,0,1,0,0,1,11,27,11,0,1,0,0,1,0,0,1,0,729,121,0.9613030849621761,-inf,-inf,-inf,0,0,0,0,0,0,0,1,0,0,0,0,0
1,23,0,0,0,1,0,0,0,7,1,0,0,0,0,0,1,7,0,0,0,1,0,0,0,0,0,1,0,529,49,0.9549026515456931,-inf,-inf,-inf,0,0,0,1,0,0,0,0,0,0,0,0,0
1,45,1,0,1,1,0,0,8546,5,1,0,0,1,1,0,1,5,45,5,0,1,0,0,1,1,0,1,0,2025,25,0.9760148868153693,9.05321861620397,-inf,-inf,0,1,0,0,0,0,0,0,0,0,0,0,0
1,29,1,0,0,0,0,0,7479,13,1,0,0,1,0,0,0,0,29,13,0,1,0,0,1,0,0,0,0,841,169,0.9638405977737807,8.919854372191667,-inf,-inf,0,0,0,0,0,0,0,0,0,1,0,0,0
1,27,1,0,0,1,0,0,0,9,1,0,0,1,0,0,1,9,27,9,0,1,0,0,1,0,0,1,0,729,81,0.9613030849621761,-inf,-inf,-inf,0,0,0,0,0,1,0,0,0,0,0,0,0
1,46,1,0,0,0,0,0,647,13,1,0,0,1,0,0,0,0,46,13,0,1,0,0,1,0,0,0,0,2116,169,0.9764943463935378,6.472346294500901,-inf,-inf,0,0,0,0,0,0,0,0,0,1,0,0,0
1,18,1,0,0,1,0,0,0,6,1,0,0,1,0,0,1,6,18,6,0,1,0,0,1,0,0,1,0,324,36,0.9428969602292465,-inf,-inf,-inf,0,0,1,0,0,0,0,0,0,0,0,0,0
1,25,1,0,0,0,0,0,11965,12,1,0,0,1,0,0,0,0,25,12,0,1,0,0,1,0,0,0,0,625,144,0.9583591378395542,9.389741000342473,-inf,-inf,0,0,0,0,0,0,0,0,1,0,0,0,0
1,28,1,0,0,0,0,0,9598,15,1,0,0,1,0,0,0,0,28,15,0,1,0,0,1,0,0,0,0,784,225,0.9626171988577635,9.169310022418191,-inf,-inf,0,0,0,0,0,0,0,0,0,0,0,1,0
1,25,0,0,0,1,0,0,18783,11,1,0,0,0,0,0,1,11,0,0,0,1,0,0,0,0,0,1,0,625,121,0.9583591378395542,9.84070748441342,-inf,-inf,0,0,0,0,0,0,0,1,0,0,0,0,0
1,22,1,0,0,0,0,0,18678,12,1,0,0,1,0,0,0,0,22,12,0,1,0,0,1,0,0,0,0,484,144,0.9529384923193408,9.835101639669663,-inf,-inf,0,0,0,0,0,0,0,0,1,0,0,0,0
1,21,1,0,0,1,0,0,0,9,1,0,0,1,0,0,1,9,21,9,0,1,0,0,1,0,0,1,0,441,81,0.950787076792791,-inf,-inf,-inf,0,0,0,0,0,1,0,0,0,0,0,0,0
1,40,1,0,0,1,0,0,23005,11,1,0,0,1,0,0,1,11,40,11,0,1,0,0,1,0,0,1,0,1600,121,0.9732576072672675,10.043466862589568,-inf,-inf,0,0,0,0,0,0,0,1,0,0,0,0,0
1,22,1,0,0,1,0,0,6456,11,1,0,0,1,0,0,1,11,22,11,0,1,0,0,1,0,0,1,0,484,121,0.9529384923193408,8.772765209949785,-inf,-inf,0,0,0,0,0,0,0,1,0,0,0,0,0
1,25,1,0,0,0,0,0,0,12,1,0,0,1,0,0,0,0,25,12,0,1,0,0,1,0,0,0,0,625,144,0.9583591378395542,-inf,-inf,-inf,0,0,0,0,0,0,0,0,1,0,0,0,0
1,18,1,0,0,0,0,0,2321,12,1,0,0,1,0,0,0,0,18,12,0,1,0,0,1,0,0,0,0,324,144,0.9428969602292465,7.749753406274437,-inf,-inf,0,0,0,0,0,0,0,0,1,0,0,0,0
1,38,0,0,0,0,0,0,4941,12,1,0,0,0,0,0,0,0,0,0,0,1,0,0,0,0,0,0,0,1444,144,0.9719513116061754,8.50532301884575,-inf,-inf,0,0,0,0,0,0,0,0,1,0,0,0,0
1,27,1,0,0,0,0,0,0,13,1,0,0,1,0,0,0,0,27,13,0,1,0,0,1,0,0,0,0,729,169,0.9613030849621761,-inf,-inf,-inf,0,0,0,0,0,0,0,0,0,1,0,0,0
1,27,1,0,0,1,0,0,0,8,1,0,0,1,0,0,1,8,27,8,0,1,0,0,1,0,0,1,0,729,64,0.9613030849621761,-inf,-inf,-inf,0,0,0,0,1,0,0,0,0,0,0,0,0
1,38,1,0,0,1,0,0,0,11,1,0,0,1,0,0,1,11,38,11,0,1,0,0,1,0,0,1,0,1444,121,0.9719513116061754,-inf,-inf,-inf,0,0,0,0,0,0,0,1,0,0,0,0,0
1,23,0,1,0,1,0,0,3881,8,1,0,1,0,0,0,1,8,0,0,1,1,0,1,0,0,0,1,0,529,64,0.9549026515456931,8.263848131368906,-inf,-inf,0,0,0,0,1,0,0,0,0,0,0,0,0
1,26,1,0,0,1,0,0,17230,11,1,0,0,1,0,0,1,11,26,11,0,1,0,0,1,0,0,1,0,676,121,0.9598877816879293,9.754407329521975,-inf,-inf,0,0,0,0,0,0,0,1,0,0,0,0,0
1,21,0,0,0,0,0,0,8048,12,1,0,0,0,0,0,0,0,0,0,0,1,0,0,0,0,0,0,0,441,144,0.950787076792791,8.99317889233952,-inf,-inf,0,0,0,0,0,0,0,0,1,0,0,0,0
1,25,1,0,0,1,0,0,0,8,1,0,0,1,0,0,1,8,25,8,0,1,0,0,1,0,0,1,0,625,64,0.9583591378395542,-inf,-inf,-inf,0,0,0,0,1,0,0,0,0,0,0,0,0
1,31,1,0,1,1,0,0,14509,11,1,0,0,1,1,0,1,11,31,11,0,1,0,0,1,1,0,1,0,961,121,0.9660503875578612,9.582524425515684,-inf,-inf,0,0,0,0,0,0,0,1,0,0,0,0,0
1,17,1,0,0,1,0,0,0,10,1,0,0,1,0,0,1,10,17,10,0,1,0,0,1,0,0,1,0,289,100,0.9396474210192167,-inf,-inf,-inf,0,0,0,0,0,0,1,0,0,0,0,0,0
1,25,1,0,0,1,0,0,0,11,1,0,0,1,0,0,1,11,25,11,0,1,0,0,1,0,0,1,0,625,121,0.9583591378395542,-inf,-inf,-inf,0,0,0,0,0,0,0,1,0,0,0,0,0
1,21,1,0,0,0,0,0,9983,12,1,0,0,1,0,0,0,0,21,12,0,1,0,0,1,0,0,0,0,441,144,0.950787076792791,9.208638925336425,-inf,-inf,0,0,0,0,0,0,0,0,1,0,0,0,0
1,44,1,0,0,1,0,0,0,11,1,0,0,1,0,0,1,11,44,11,0,1,0,0,1,0,0,1,0,1936,121,0.9755136115933472,-inf,-inf,-inf,0,0,0,0,0,0,0,1,0,0,0,0,0
1,25,0,0,0,0,0,0,5587,12,1,0,0,0,0,0,0,0,0,0,0,1,0,0,0,0,0,0,0,625,144,0.9583591378395542,8.628197749459149,-inf,-inf,0,0,0,0,0,0,0,0,1,0,0,0,0
1,18,1,0,0,1,0,0,4482,9,1,0,0,1,0,0,1,9,18,9,0,1,0,0,1,0,0,1,0,324,81,0.9428969602292465,8.407824654360873,-inf,-inf,0,0,0,0,0,1,0,0,0,0,0,0,0
1,42,1,0,0,0,0,0,2456,12,1,0,0,1,0,0,0,0,42,12,0,1,0,0,1,0,0,0,0,1764,144,0.9744393768529812,7.806289289267033,-inf,-inf,0,0,0,0,0,0,0,0,1,0,0,0,0
1,25,1,0,0,1,0,0,0,10,1,0,0,1,0,0,1,10,25,10,0,1,0,0,1,0,0,1,0,625,100,0.9583591378395542,-inf,-inf,-inf,0,0,0,0,0,0,1,0,0,0,0,0,0
1,31,0,1,0,1,0,0,26817,9,1,0,1,0,0,0,1,9,0,0,1,1,0,1,0,0,0,1,0,961,81,0.9660503875578612,10.196791293755963,-inf,-inf,0,0,0,0,0,1,0,0,0,0,0,0,0
1,24,1,0,0,1,0,0,0,10,1,0,0,1,0,0,1,10,24,10,0,1,0,0,1,0,0,1,0,576,100,0.9567029759406541,-inf,-inf,-inf,0,0,0,0,0,0,1,0,0,0,0,0,0
1,26,1,0,0,1,0,0,9265,10,1,0,0,1,0,0,1,10,26,10,0,1,0,0,1,0,0,1,0,676,100,0.9598877816879293,9.13399913871946,-inf,-inf,0,0,0,0,0,0,1,0,0,0,0,0,0
1,25,1,0,0,1,0,0,485,11,1,0,0,1,0,0,1,11,25,11,0,1,0,0,1,0,0,1,0,625,121,0.9583591378395542,6.184148890937483,-inf,-inf,0,0,0,0,0,0,0,1,0,0,0,0,0
1,18,1,0,0,1,0,0,4814,11,1,0,0,1,0,0,1,11,18,11,0,1,0,0,1,0,0,1,0,324,121,0.9428969602292465,8.479283618343016,-inf,-inf,0,0,0,0,0,0,0,1,0,0,0,0,0
1,19,1,0,0,1,0,0,7458,11,1,0,0,1,0,0,1,11,19,11,0,1,0,0,1,0,0,1,0,361,121,0.9458041228797351,8.917042560738766,-inf,-inf,0,0,0,0,0,0,0,1,0,0,0,0,0
1,43,1,0,0,1,0,0,0,9,1,0,0,1,0,0,1,9,43,9,0,1,0,0,1,0,0,1,0,1849,81,0.9749889976683536,-inf,-inf,-inf,0,0,0,0,0,1,0,0,0,0,0,0,0
1,27,1,0,0,0,0,0,34099,13,1,0,0,1,0,0,0,0,27,13,0,1,0,0,1,0,0,0,0,729,169,0.9613030849621761,10.43702333732841,-inf,-inf,0,0,0,0,0,0,0,0,0,1,0,0,0
1,17,1,0,0,1,0,0,1953,9,1,0,0,1,0,0,1,9,17,9,0,1,0,0,1,0,0,1,0,289,81,0.9396474210192167,7.577121930876679,-inf,-inf,0,0,0,0,0,1,0,0,0,0,0,0,0
1,30,1,0,0,1,0,0,0,11,1,0,0,1,0,0,1,11,30,11,0,1,0,0,1,0,0,1,0,900,121,0.9649823588799495,-inf,-inf,-inf,0,0,0,0,0,0,0,1,0,0,0,0,0
1,26,1,0,1,1,2027,0,0,10,1,0,0,1,1,0,0,10,26,10,0,0,20270,0,0,0,2027,0,2027,676,100,0.9598877816879293,-inf,-inf,7.614312146452,0,0,0,0,0,0,1,0,0,0,0,0,0
1,20,1,0,0,1,6083,0,8881,9,1,0,0,1,0,0,0,9,20,9,0,0,54747,0,0,0,0,0,6083,400,81,0.9484202966655324,9.091669442258505,-inf,8.713253274320705,0,0,0,0,0,1,0,0,0,0,0,0,0
1,17,0,1,0,1,445,74,6210,9,0,666,0,0,0,74,0,9,0,0,0,0,4005,0,0,0,0,0,445,289,81,0.9396474210192167,8.733916174927524,4.30406509320417,6.09807428216624,0,0,0,0,0,1,0,0,0,0,0,0,0
1,20,1,0,0,0,989,165,0,12,0,1980,0,0,0,0,0,0,20,12,0,0,11868,0,0,0,0,0,0,400,144,0.9484202966655324,-inf,5.10594547390058,6.8966943316227125,0,0,0,0,0,0,0,0,1,0,0,0,0
1,18,1,0,0,1,858,214,929,11,0,2354,0,0,0,214,0,11,18,11,0,0,9438,0,0,0,0,0,858,324,121,0.9428969602292465,6.834108738813838,5.365976015021851,6.754604099487962,0,0,0,0,0,0,0,1,0,0,0,0,0
1,27,1,0,1,0,3670,334,0,12,0,4008,0,0,0,0,0,0,27,12,0,0,44040,0,0,0,3670,0,0,729,144,0.9613030849621761,-inf,5.811140992976701,8.207946941048617,0,0,0,0,0,0,0,0,1,0,0,0,0
1,21,0,0,0,0,3670,334,12558,12,0,4008,0,0,0,0,0,0,0,0,0,0,44040,0,0,0,0,0,0,441,144,0.950787076792791,9.438113191674054,5.811140992976701,8.207946941048617,0,0,0,0,0,0,0,0,1,0,0,0,0
1,27,1,0,0,0,2143,357,22163,12,0,4284,0,0,0,0,0,0,27,12,0,0,25716,0,0,0,0,0,0,729,144,0.9613030849621761,10.006179510759674,5.877735781779639,7.669961995473577,0,0,0,0,0,0,0,0,1,0,0,0,0
1,20,1,0,0,0,0,377,1652,12,0,4524,0,0,0,0,0,0,20,12,0,1,0,0,1,0,0,0,0,400,144,0.9484202966655324,7.409741954080923,5.932245187448011,-inf,0,0,0,0,0,0,0,0,1,0,0,0,0
1,19,1,0,0,1,0,385,8124,10,0,3850,0,0,0,385,1,10,19,10,0,1,0,0,1,0,0,1,0,361,100,0.9458041228797351,9.002577922700276,5.953243334287785,-inf,0,0,0,0,0,0,1,0,0,0,0,0,0
1,23,1,0,0,0,5506,501,671,12,0,6012,0,0,0,0,0,0,23,12,0,0,66072,0,0,0,0,0,0,529,144,0.9549026515456931,6.508769136971682,6.2166061010848646,8.613593685702552,0,0,0,0,0,0,0,0,1,0,0,0,0
1,29,1,0,0,0,0,679,17814,14,0,9506,0,0,0,0,0,0,29,14,0,1,0,0,1,0,0,0,0,841,196,0.9638405977737807,9.787739943991815,6.520621127558696,-inf,0,0,0,0,0,0,0,0,0,0,1,0,0
1,18,1,0,0,1,0,798,9737,10,0,7980,0,0,0,798,1,10,18,10,0,1,0,0,1,0,0,1,0,324,100,0.9428969602292465,9.183688340978756,6.682108597449809,-inf,0,0,0,0,0,0,1,0,0,0,0,0,0
1,19,1,0,0,1,0,798,17685,9,0,7182,0,0,0,798,1,9,19,9,0,1,0,0,1,0,0,1,0,361,81,0.9458041228797351,9.780472101639582,6.682108597449809,-inf,0,0,0,0,0,1,0,0,0,0,0,0,0
1,27,0,0,1,0,9381,853,0,13,0,11089,0,0,0,0,0,0,0,0,0,0,121953,0,0,0,9381,0,0,729,169,0.9613030849621761,-inf,6.748759547491679,9.14644164612595,0,0,0,0,0,0,0,0,0,1,0,0,0
1,18,0,0,0,1,3678,919,4321,11,0,10109,0,0,0,919,0,11,0,0,0,0,40458,0,0,0,0,0,3678,324,121,0.9428969602292465,8.371242135931933,6.823286122355687,8.210124405164267,0,0,0,0,0,0,0,1,0,0,0,0,0
1,27,1,0,1,1,0,934,1773,9,0,8406,0,0,0,934,1,9,27,9,0,1,0,0,1,1,0,1,0,729,81,0.9613030849621761,7.480428306074208,6.839476438228843,-inf,0,0,0,0,0,1,0,0,0,0,0,0,0
1,22,1,0,0,0,5605,936,0,12,0,11232,0,0,0,0,0,0,22,12,0,0,67260,0,0,0,0,0,0,484,144,0.9529384923193408,-inf,6.841615476477592,8.63141433550626,0,0,0,0,0,0,0,0,1,0,0,0,0
1,23,1,0,1,1,0,936,11233,10,0,9360,0,0,0,936,1,10,23,10,0,1,0,0,1,1,0,1,0,529,100,0.9549026515456931,9.326611153641569,6.841615476477592,-inf,0,0,0,0,0,0,1,0,0,0,0,0,0
1,23,0,1,0,0,9385,1117,559,12,0,13404,0,0,0,0,0,0,0,0,0,0,112620,0,0,0,0,0,0,529,144,0.9549026515456931,6.326149473155099,7.018401799069201,9.14686794902061,0,0,0,0,0,0,0,0,1,0,0,0,0
1,20,1,0,0,1,3637,1220,1085,11,0,13420,0,0,0,1220,0,11,20,11,0,0,40007,0,0,0,0,0,3637,400,121,0.9484202966655324,6.98933526597456,7.106606137727303,8.19891444498699,0,0,0,0,0,0,0,1,0,0,0,0,0
1,17,1,0,0,1,1716,1253,5445,9,0,11277,0,0,0,1253,0,9,17,9,0,0,15444,0,0,0,0,0,1716,289,81,0.9396474210192167,8.602453035367061,7.133295954896068,7.447751280047908,0,0,0,0,0,1,0,0,0,0,0,0,0
1,28,1,0,0,1,0,1284,60307,11,0,14124,0,0,0,1284,1,11,28,11,0,1,0,0,1,0,0,1,0,784,121,0.9626171988577635,11.00720346221328,7.157735484249907,-inf,0,0,0,0,0,0,0,1,0,0,0,0,0
1,26,1,0,1,1,0,1392,1460,11,0,15312,0,0,0,1392,1,11,26,11,0,1,0,0,1,1,0,1,0,676,121,0.9598877816879293,7.286191714702382,7.238496840894365,-inf,0,0,0,0,0,0,0,1,0,0,0,0,0
1,20,1,0,0,1,16318,1484,6943,11,0,16324,0,0,0,1484,0,11,20,11,0,0,179498,0,0,0,0,0,16318,400,121,0.9484202966655324,8.845489236753274,7.302496423727326,9.700024071988745,0,0,0,0,0,0,0,1,0,0,0,0,0
1,24,1,0,1,1,824,1666,4032,11,0,18326,0,0,0,1666,0,11,24,11,0,0,9064,0,0,0,824,0,824,576,121,0.9567029759406541,8.302017809751204,7.418180822726788,6.714170529909472,0,0,0,0,0,0,0,1,0,0,0,0,0
1,31,1,0,0,1,0,1698,10363,9,0,15282,0,0,0,1698,1,9,31,9,0,1,0,0,1,0,0,1,0,961,81,0.9660503875578612,9.245997049184217,7.437206366871292,-inf,0,0,0,0,0,1,0,0,0,0,0,0,0
1,23,0,0,1,1,0,1713,4232,8,0,13704,0,0,0,1713,1,8,0,0,0,1,0,0,0,1,0,1,0,529,64,0.9549026515456931,8.350429973538136,7.44600149832412,-inf,0,0,0,0,1,0,0,0,0,0,0,0,0
1,18,1,0,0,1,2143,1784,11141,10,0,17840,0,0,0,1784,0,10,18,10,0,0,21430,0,0,0,0,0,2143,324,100,0.9428969602292465,9.318387276059317,7.486613313139955,7.669961995473577,0,0,0,0,0,0,1,0,0,0,0,0,0
1,29,1,0,0,0,10881,1817,0,12,0,21804,0,0,0,0,0,0,29,12,0,0,130572,0,0,0,0,0,0,841,144,0.9638405977737807,-inf,7.504942068396171,9.294773427951013,0,0,0,0,0,0,0,0,1,0,0,0,0
1,26,0,0,0,1,0,2226,13385,11,0,24486,0,0,0,2226,1,11,0,0,0,1,0,0,0,0,0,1,0,676,121,0.9598877816879293,9.501889955954454,7.70796153183549,-inf,0,0,0,0,0,0,0,1,0,0,0,0,0
1,24,1,0,0,1,9154,2288,4849,9,0,20592,0,0,0,2288,0,9,24,9,0,0,82386,0,0,0,0,0,9154,576,81,0.9567029759406541,8.486527777105353,7.7354333524996886,9.121946221213587,0,0,0,0,0,1,0,0,0,0,0,0,0
1,25,1,0,0,0,14426,2409,0,12,0,28908,0,0,0,0,0,0,25,12,0,0,173112,0,0,0,0,0,0,625,144,0.9583591378395542,-inf,7.786967002614872,9.576787413063618,0,0,0,0,0,0,0,0,1,0,0,0,0
1,24,1,0,0,1,4250,2421,1660,10,0,24210,0,0,0,2421,0,10,24,10,0,0,42500,0,0,0,0,0,4250,576,100,0.9567029759406541,7.414572881350589,7.791935956938058,8.354674261918463,0,0,0,0,0,0,1,0,0,0,0,0,0
1,46,1,0,0,1,3165,2594,0,8,0,20752,0,0,0,2594,0,8,46,8,0,0,25320,0,0,0,0,0,3165,2116,64,0.9764943463935378,-inf,7.860956364876389,8.059908334578276,0,0,0,0,1,0,0,0,0,0,0,0,0
1,31,0,0,0,0,0,2611,2484,12,0,31332,0,0,0,0,0,0,0,0,0,1,0,0,0,0,0,0,0,961,144,0.9660503875578612,7.81762544305337,7.8674885686991285,-inf,0,0,0,0,0,0,0,0,1,0,0,0,0
1,19,1,0,0,1,2305,2615,4146,11,0,28765,0,0,0,2615,0,11,19,11,0,0,25355,0,0,0,0,0,2305,361,121,0.9458041228797351,8.329899292995725,7.869019376499023,7.742835955430749,0,0,0,0,0,0,0,1,0,0,0,0,0
1,19,1,0,0,1,0,2657,9970,8,0,21256,0,0,0,2657,1,8,19,8,0,1,0,0,1,0,0,1,0,361,64,0.9458041228797351,9.207335862955883,7.884952945759814,-inf,0,0,0,0,1,0,0,0,0,0,0,0,0
1,27,1,0,0,1,2206,2666,0,11,0,29326,0,0,0,2666,0,11,27,11,0,0,24266,0,0,0,0,0,2206,729,121,0.9613030849621761,-inf,7.888334500738654,7.698936199813447,0,0,0,0,0,0,0,1,0,0,0,0,0
1,26,1,0,1,1,0,2754,26372,11,0,30294,0,0,0,2754,1,11,26,11,0,1,0,0,1,1,0,1,0,676,121,0.9598877816879293,10.18005812023319,7.9208096792886,-inf,0,0,0,0,0,0,0,1,0,0,0,0,0
1,20,1,0,0,1,5005,2777,5615,10,0,27770,0,0,0,2777,0,10,20,10,0,0,50050,0,0,0,0,0,5005,400,100,0.9484202966655324,8.633196867172543,7.9291264873067995,8.518192691749322,0,0,0,0,0,0,1,0,0,0,0,0,0
1,28,1,0,0,1,0,2836,3196,10,0,28360,0,0,0,2836,1,10,28,10,0,1,0,0,1,0,0,1,0,784,100,0.9626171988577635,8.069655306886165,7.950149887652018,-inf,0,0,0,0,0,0,1,0,0,0,0,0,0
1,24,1,0,0,0,13765,2842,6167,12,0,34104,0,0,0,0,0,0,24,12,0,0,165180,0,0,0,0,0,0,576,144,0.9567029759406541,8.726967774991493,7.952263308657046,9.529884417576708,0,0,0,0,0,0,0,0,1,0,0,0,0
1,19,1,0,0,1,2636,2937,7535,8,0,23496,0,0,0,2937,0,8,19,8,0,0,21088,0,0,0,0,0,2636,361,64,0.9458041228797351,8.927314111060596,7.98514393119862,7.877017895622398,0,0,0,0,1,0,0,0,0,0,0,0,0
1,23,1,0,0,0,6269,3039,8484,12,0,36468,0,0,0,0,0,0,23,12,0,0,75228,0,0,0,0,0,0,529,144,0.9549026515456931,9.045937315684574,8.019283792916793,8.743372131273969,0,0,0,0,0,0,0,0,1,0,0,0,0
1,42,1,0,1,1,0,3058,1294,9,0,27522,0,0,0,3058,1,9,42,9,0,1,0,0,1,1,0,1,0,1764,81,0.9744393768529812,7.165493475060845,8.025516386489008,-inf,0,0,0,0,0,1,0,0,0,0,0,0,0
1,25,1,0,0,0,12362,3090,0,13,0,40170,0,0,0,0,0,0,25,13,0,0,160706,0,0,0,0,0,0,625,169,0.9583591378395542,-inf,8.035926369891792,9.422382530219219,0,0,0,0,0,0,0,0,0,1,0,0,0
1,18,1,0,0,1,0,3287,5010,9,0,29583,0,0,0,3287,1,9,18,9,0,1,0,0,1,0,0,1,0,324,81,0.9428969602292465,8.51919119407891,8.097730573664219,-inf,0,0,0,0,0,1,0,0,0,0,0,0,0
1,21,1,0,0,0,6473,3332,9371,12,0,39984,0,0,0,0,0,0,21,12,0,0,77676,0,0,0,0,0,0,441,144,0.950787076792791,9.145375093123823,8.111328003286733,8.77539495854551,0,0,0,0,0,0,0,0,1,0,0,0,0
1,27,1,0,0,1,1001,3550,0,10,0,35500,0,0,0,3550,0,10,27,10,0,0,10010,0,0,0,0,0,1001,729,100,0.9613030849621761,-inf,8.174702882469461,6.90875477931522,0,0,0,0,0,0,1,0,0,0,0,0,0
1,21,1,0,0,1,989,3695,4279,8,0,29560,0,0,0,3695,0,8,21,8,0,0,7912,0,0,0,0,0,989,441,64,0.950787076792791,8.361474616416817,8.214735833382303,6.8966943316227125,0,0,0,0,1,0,0,0,0,0,0,0,0
1,22,1,0,0,1,2192,3836,3462,9,0,34524,0,0,0,3836,0,9,22,9,0,0,19728,0,0,0,0,0,2192,484,81,0.9529384923193408,8.149601735736155,8.252185436003328,7.692569648067906,0,0,0,0,0,1,0,0,0,0,0,0,0
1,31,1,0,0,1,8517,4023,7382,4,0,16092,0,0,0,4023,0,4,31,4,0,0,34068,0,0,0,0,0,8517,961,16,0.9660503875578612,8.906799883589944,8.299783171949787,9.04981944514108,1,0,0,0,0,0,0,0,0,0,0,0,0
1,24,1,0,1,1,11703,4078,0,10,0,40780,0,0,0,4078,0,10,24,10,0,0,117030,0,0,0,11703,0,11703,576,100,0.9567029759406541,-inf,8.3133619511344,9.367600498174767,0,0,0,0,0,0,1,0,0,0,0,0,0
1,29,1,0,0,1,0,4398,0,10,0,43980,0,0,0,4398,1,10,29,10,0,1,0,0,1,0,0,1,0,841,100,0.9638405977737807,-inf,8.388905171114706,-inf,0,0,0,0,0,0,1,0,0,0,0,0,0
1,29,1,0,0,0,9748,4878,10976,12,0,58536,0,0,0,0,0,0,29,12,0,0,116976,0,0,0,0,0,0,841,144,0.9638405977737807,9.303466349965667,8.492490578775866,9.184817414745098,0,0,0,0,0,0,0,0,1,0,0,0,0
1,19,0,0,0,1,0,5324,13829,10,0,53240,0,0,0,5324,1,10,0,0,0,1,0,0,0,0,0,1,0,361,100,0.9458041228797351,9.534523115464658,8.579980179515003,-inf,0,0,0,0,0,0,1,0,0,0,0,0,0
1,19,0,1,1,1,5424,5463,6788,11,0,60093,0,0,0,5463,0,11,0,0,0,0,59664,0,0,0,5424,0,5424,361,121,0.9458041228797351,8.822911626354117,8.605753368395717,8.598588829620232,0,0,0,0,0,0,0,1,0,0,0,0,0
1,31,1,0,0,1,10717,5517,9558,9,0,49653,0,0,0,5517,0,9,31,9,0,0,96453,0,0,0,0,0,10717,961,81,0.9660503875578612,9.165133779138104,8.61558951327243,9.279586544712997,0,0,0,0,0,1,0,0,0,0,0,0,0
1,22,1,0,1,1,1468,5588,13228,10,0,55880,0,0,0,5588,0,10,22,10,0,0,14680,0,0,0,1468,0,1468,484,100,0.9529384923193408,9.490091074101683,8.628376720376853,7.291656209174461,0,0,0,0,0,0,1,0,0,0,0,0,0
1,21,1,0,0,1,6416,5749,743,9,0,51741,0,0,0,5749,0,9,21,9,0,0,57744,0,0,0,0,0,6416,441,81,0.950787076792791,6.610696044717759,8.656781205623291,8.766550149546351,0,0,0,0,0,1,0,0,0,0,0,0,0
1,17,1,0,0,1,1291,5793,5522,10,0,57930,0,0,0,5793,0,10,17,10,0,0,12910,0,0,0,0,0,1291,289,100,0.9396474210192167,8.6164953924901,8.664405571096625,7.1631723908466425,0,0,0,0,0,0,1,0,0,0,0,0,0
1,26,1,0,1,0,8408,5794,1424,12,0,69528,0,0,0,0,0,0,26,12,0,0,100896,0,0,0,8408,0,0,676,144,0.9598877816879293,7.261225091971921,8.664578178329295,9.036938912556787,0,0,0,0,0,0,0,0,1,0,0,0,0
1,20,0,1,0,1,12260,5875,1358,9,0,52875,0,0,0,5875,0,9,0,0,0,0,110340,0,0,0,0,0,12260,400,81,0.9484202966655324,7.213768308118642,8.67846133901236,9.414097209490203,0,0,0,0,0,1,0,0,0,0,0,0,0
1,19,1,0,0,1,4121,6056,0,10,0,60560,0,0,0,6056,0,10,19,10,0,0,41210,0,0,0,0,0,4121,361,100,0.9458041228797351,-inf,8.708804795117285,8.323851131338817,0,0,0,0,0,0,1,0,0,0,0,0,0
1,26,1,0,0,1,25929,6788,672,10,0,67880,0,0,0,6788,0,10,26,10,0,0,259290,0,0,0,0,0,25929,676,100,0.9598877816879293,6.51025834052315,8.822911626354117,10.163117312420749,0,0,0,0,0,0,1,0,0,0,0,0,0
1,28,1,0,0,1,1929,6871,0,11,0,75581,0,0,0,6871,0,11,28,11,0,0,21219,0,0,0,0,0,1929,784,121,0.9626171988577635,-inf,8.835064935031076,7.564757012905729,0,0,0,0,0,0,0,1,0,0,0,0,0
1,22,0,1,1,0,492,7055,10092,12,0,84660,0,0,0,0,0,0,0,0,0,0,5904,0,0,0,492,0,0,484,144,0.9529384923193408,9.219498309760949,8.861491864286915,6.198478716492308,0,0,0,0,0,0,0,0,1,0,0,0,0
1,33,1,0,0,1,0,7867,6281,11,0,86537,0,0,0,7867,1,11,33,11,0,1,0,0,1,0,0,1,0,1089,121,0.967992075853778,8.74528448245438,8.970432074329242,-inf,0,0,0,0,0,0,0,1,0,0,0,0,0
1,22,0,0,0,0,6759,8455,12590,12,0,101460,0,0,0,0,0,0,0,0,0,0,81108,0,0,0,0,0,0,484,144,0.9529384923193408,9.440658127038393,9.042513261332681,8.818630229100354,0,0,0,0,0,0,0,0,1,0,0,0,0
1,29,0,1,0,1,0,8853,5112,10,0,88530,0,0,0,8853,1,10,0,0,0,1,0,1,0,0,0,1,0,841,100,0.9638405977737807,8.53934599605737,9.08851166361105,-inf,0,0,0,0,0,0,1,0,0,0,0,0,0
1,33,1,0,1,0,20279,10941,15952,12,0,131292,0,0,0,0,0,0,33,12,0,0,243348,0,0,0,20279,0,0,1089,144,0.967992075853778,9.67733949220162,9.30027247947679,9.917341146824663,0,0,0,0,0,0,0,0,1,0,0,0,0
1,25,1,0,1,0,35040,11536,36646,14,0,161504,0,0,0,0,0,0,25,14,0,0,490560,0,0,0,35040,0,0,625,196,0.9583591378395542,10.50905956084012,9.353227859524731,10.464245545050328,0,0,0,0,0,0,0,0,0,0,1,0,0
1,35,1,0,1,1,13602,13830,12803,9,0,124470,0,0,0,13830,0,9,35,9,0,0,122418,0,0,0,13602,0,13602,1225,81,0.9697116504969562,9.45743479744618,9.534595424658804,9.517972119735584,0,0,0,0,0,1,0,0,0,0,0,0,0
1,35,1,0,1,1,13732,17976,3786,8,0,143808,0,0,0,17976,0,8,35,8,0,0,109856,0,0,0,13732,0,13732,1225,64,0.9697116504969562,8.239065331769268,9.796792813865165,9.527484154577582,0,0,0,0,1,0,0,0,0,0,0,0,0
1,33,1,0,1,1,14660,25142,4181,11,0,276562,0,0,0,25142,0,11,33,11,0,0,161260,0,0,0,14660,0,14660,1089,121,0.967992075853778,8.338305731356565,10.132295033474776,9.592877975440642,0,0,0,0,0,0,0,1,0,0,0,0,0
