treat,age,black,hispanic,married,nodegree,re75,re78,education*,u75,educ_re75,hisp_u75,black_u75,married_u75,nodegree_re75,nodegree_u75,nodegree_education,black_age,black_education,hisp_re75,agesq,educsq,ageboxcox,lnre78,lnre75,education_4,education_5,education_6,education_7,education_8,education_9,education_10,education_11,education_12,education_13,education_14,education_15,education_16
1,37,1,0,1,1,0,9930,11,1,0,0,1,1,0,1,11,37,11,0,1369,121,0.771270555358959,9.203315757039219,-inf,0,0,0,0,0,0,0,1,0,0,0,0,0
1,22,0,1,0,1,0,3595,9,1,0,1,0,0,0,1,9,0,0,1,484,81,0.7641038566896158,8.187299270155147,-inf,0,0,0,0,0,1,0,0,0,0,0,0,0
1,30,1,0,0,0,0,24909,12,1,0,0,1,0,0,0,0,30,12,0,900,144,0.7689378349730367,10.122984462930141,-inf,0,0,0,0,0,0,0,0,1,0,0,0,0
1,27,1,0,0,1,0,7506,11,1,0,0,1,0,0,1,11,27,11,0,729,121,0.7675064085921748,8.923457979694966,-inf,0,0,0,0,0,0,0,1,0,0,0,0,0
1,33,1,0,0,1,0,289,8,1,0,0,1,0,0,1,8,33,8,0,1089,64,0.7700760388896652,5.666426688112432,-inf,0,0,0,0,1,0,0,0,0,0,0,0,0
1,22,1,0,0,1,0,4056,9,1,0,0,1,0,0,1,9,22,9,0,484,81,0.7641038566896158,8.30795254527102,-inf,0,0,0,0,0,1,0,0,0,0,0,0,0
1,23,1,0,0,0,0,0,12,1,0,0,1,0,0,0,0,23,12,0,529,144,0.7649202325815845,-inf,-inf,0,0,0,0,0,0,0,0,1,0,0,0,0
1,32,1,0,0,1,0,8472,11,1,0,0,1,0,0,1,11,32,11,0,1024,121,0.7697236723994276,9.044521887281242,-inf,0,0,0,0,0,0,0,1,0,0,0,0,0
1,22,1,0,0,0,0,2164,16,1,0,0,1,0,0,0,0,22,16,0,484,256,0.7641038566896158,7.679713639966372,-inf,0,0,0,0,0,0,0,0,0,0,0,0,1
1,33,0,0,1,0,0,12418,12,1,0,0,0,1,0,0,0,0,0,0,1089,144,0.7700760388896652,9.426902311924838,-inf,0,0,0,0,0,0,0,0,1,0,0,0,0
1,19,1,0,0,1,0,8173,9,1,0,0,1,0,0,1,9,19,9,0,361,81,0.7610559845010243,9.00859131751613,-inf,0,0,0,0,0,1,0,0,0,0,0,0,0
1,21,1,0,0,0,0,17094,13,1,0,0,1,0,0,0,0,21,13,0,441,169,0.7631981010781591,9.746482803725963,-inf,0,0,0,0,0,0,0,0,0,1,0,0,0
1,18,1,0,0,1,0,0,8,1,0,0,1,0,0,1,8,18,8,0,324,64,0.7597790079157395,-inf,-inf,0,0,0,0,1,0,0,0,0,0,0,0,0
1,27,1,0,1,1,0,18739,10,1,0,0,1,1,0,1,10,27,10,0,729,100,0.7675064085921748,9.838362192575666,-inf,0,0,0,0,0,0,1,0,0,0,0,0,0
1,17,1,0,0,1,0,3023,7,1,0,0,1,0,0,1,7,17,7,0,289,49,0.7583290653802051,8.014004994779459,-inf,0,0,0,1,0,0,0,0,0,0,0,0,0
1,19,1,0,0,1,0,3228,10,1,0,0,1,0,0,1,10,19,10,0,361,100,0.7610559845010243,8.07961802938984,-inf,0,0,0,0,0,0,1,0,0,0,0,0,0
1,27,1,0,0,0,0,14581,13,1,0,0,1,0,0,0,0,27,13,0,729,169,0.7675064085921748,9.587474590316285,-inf,0,0,0,0,0,0,0,0,0,1,0,0,0
1,23,1,0,0,1,0,7693,10,1,0,0,1,0,0,1,10,23,10,0,529,100,0.7649202325815845,8.948066103458935,-inf,0,0,0,0,0,0,1,0,0,0,0,0,0
1,40,1,0,0,0,0,10804,12,1,0,0,1,0,0,0,0,40,12,0,1600,144,0.771989609780023,9.287671714912506,-inf,0,0,0,0,0,0,0,0,1,0,0,0,0
1,26,1,0,0,0,0,10747,12,1,0,0,1,0,0,0,0,26,12,0,676,144,0.7669447053037863,9.282381924841154,-inf,0,0,0,0,0,0,0,0,1,0,0,0,0
1,23,1,0,0,1,0,0,11,1,0,0,1,0,0,1,11,23,11,0,529,121,0.7649202325815845,-inf,-inf,0,0,0,0,0,0,0,1,0,0,0,0,0
1,41,0,0,0,0,0,5149,14,1,0,0,0,0,0,0,0,0,0,0,1681,196,0.7722027491359185,8.546557800046141,-inf,0,0,0,0,0,0,0,0,0,0,1,0,0
1,38,0,0,0,1,0,6408,9,1,0,0,0,0,0,1,9,0,0,0,1444,81,0.7715246626395021,8.765302488748196,-inf,0,0,0,0,0,1,0,0,0,0,0,0,0
1,24,1,0,0,1,0,1991,11,1,0,0,1,0,0,1,11,24,11,0,576,121,0.7656593846532138,7.596392304064196,-inf,0,0,0,0,0,0,0,1,0,0,0,0,0
1,33,1,0,0,1,7867,6281,11,0,86537,0,0,0,7867,0,11,33,11,0,1089,121,0.7700760388896652,8.74528448245438,8.970432074329242,0,0,0,0,0,0,0,1,0,0,0,0,0
1,18,1,0,0,1,0,11163,10,1,0,0,1,0,0,1,10,18,10,0,324,100,0.7597790079157395,9.320360017014732,-inf,0,0,0,0,0,0,1,0,0,0,0,0,0
1,29,1,0,1,1,0,9642,11,1,0,0,1,1,0,1,11,29,11,0,841,121,0.7684982022903364,9.173883834965567,-inf,0,0,0,0,0,0,0,1,0,0,0,0,0
1,25,1,0,0,1,0,9897,11,1,0,0,1,0,0,1,11,25,11,0,625,121,0.7663313979847909,9.199986959896691,-inf,0,0,0,0,0,0,0,1,0,0,0,0,0
1,27,0,1,0,1,0,11142,10,1,0,1,0,0,0,1,10,0,0,1,729,100,0.7675064085921748,9.31847703058076,-inf,0,0,0,0,0,0,1,0,0,0,0,0,0
1,17,1,0,0,1,0,16218,10,1,0,0,1,0,0,1,10,17,10,0,289,100,0.7583290653802051,9.693877015504503,-inf,0,0,0,0,0,0,1,0,0,0,0,0,0
1,24,1,0,0,1,0,995,11,1,0,0,1,0,0,1,11,24,11,0,576,121,0.7656593846532138,6.902742737158593,-inf,0,0,0,0,0,0,0,1,0,0,0,0,0
1,17,1,0,0,1,0,0,10,1,0,0,1,0,0,1,10,17,10,0,289,100,0.7583290653802051,-inf,-inf,0,0,0,0,0,0,1,0,0,0,0,0,0
1,26,1,0,1,1,2754,26372,11,0,30294,0,0,0,2754,0,11,26,11,0,676,121,0.7669447053037863,10.18005812023319,7.9208096792886,0,0,0,0,0,0,0,1,0,0,0,0,0
1,48,1,0,0,1,0,6551,4,1,0,0,1,0,0,1,4,48,4,0,2304,16,0.7734150801993808,8.787372988731876,-inf,1,0,0,0,0,0,0,0,0,0,0,0,0
1,25,1,0,1,1,0,1574,11,1,0,0,1,1,0,1,11,25,11,0,625,121,0.7663313979847909,7.3613754289773485,-inf,0,0,0,0,0,0,0,1,0,0,0,0,0
1,20,1,0,0,0,0,0,12,1,0,0,1,0,0,0,0,20,12,0,400,144,0.7621881881912876,-inf,-inf,0,0,0,0,0,0,0,0,1,0,0,0,0
1,25,1,0,0,0,0,3191,12,1,0,0,1,0,0,0,0,25,12,0,625,144,0.7663313979847909,8.068089626278244,-inf,0,0,0,0,0,0,0,0,1,0,0,0,0
1,42,1,0,0,0,0,20505,14,1,0,0,1,0,0,0,0,42,14,0,1764,196,0.7724043373709714,9.92842403782616,-inf,0,0,0,0,0,0,0,0,0,0,1,0,0
1,25,1,0,0,1,0,6181,5,1,0,0,1,0,0,1,5,25,5,0,625,25,0.7663313979847909,8.729235349659273,-inf,0,1,0,0,0,0,0,0,0,0,0,0,0
1,23,1,0,1,0,0,5911,12,1,0,0,1,1,0,0,0,23,12,0,529,144,0.7649202325815845,8.684570300824369,-inf,0,0,0,0,0,0,0,0,1,0,0,0,0
1,46,1,0,1,1,0,3094,8,1,0,0,1,1,0,1,8,46,8,0,2116,64,0.7731115423774593,8.037220031133012,-inf,0,0,0,0,1,0,0,0,0,0,0,0,0
1,24,1,0,0,1,0,0,10,1,0,0,1,0,0,1,10,24,10,0,576,100,0.7656593846532138,-inf,-inf,0,0,0,0,0,0,1,0,0,0,0,0,0
1,21,1,0,0,0,0,1254,12,1,0,0,1,0,0,0,0,21,12,0,441,144,0.7631981010781591,7.134093721192866,-inf,0,0,0,0,0,0,0,0,1,0,0,0,0
1,19,0,0,0,1,0,13188,9,1,0,0,0,0,0,1,9,0,0,0,361,81,0.7610559845010243,9.487062604191621,-inf,0,0,0,0,0,1,0,0,0,0,0,0,0
1,17,1,0,0,1,0,8061,8,1,0,0,1,0,0,1,8,17,8,0,289,64,0.7583290653802051,8.9947928972836,-inf,0,0,0,0,1,0,0,0,0,0,0,0,0
1,18,0,1,1,1,0,2787,8,1,0,1,0,1,0,1,8,0,0,1,324,64,0.7597790079157395,7.932721027481948,-inf,0,0,0,0,1,0,0,0,0,0,0,0,0
1,20,1,0,0,1,0,3972,11,1,0,0,1,0,0,1,11,20,11,0,400,121,0.7621881881912876,8.287025025165063,-inf,0,0,0,0,0,0,0,1,0,0,0,0,0
1,25,1,0,1,1,0,0,11,1,0,0,1,1,0,1,11,25,11,0,625,121,0.7663313979847909,-inf,-inf,0,0,0,0,0,0,0,1,0,0,0,0,0
1,17,1,0,0,1,0,0,8,1,0,0,1,0,0,1,8,17,8,0,289,64,0.7583290653802051,-inf,-inf,0,0,0,0,1,0,0,0,0,0,0,0,0
1,17,1,0,0,1,0,0,9,1,0,0,1,0,0,1,9,17,9,0,289,81,0.7583290653802051,-inf,-inf,0,0,0,0,0,1,0,0,0,0,0,0,0
1,25,1,0,0,1,0,12187,5,1,0,0,1,0,0,1,5,25,5,0,625,25,0.7663313979847909,9.408125088823502,-inf,0,1,0,0,0,0,0,0,0,0,0,0,0
1,23,1,0,0,0,0,4843,12,1,0,0,1,0,0,0,0,23,12,0,529,144,0.7649202325815845,8.48528964240323,-inf,0,0,0,0,0,0,0,0,1,0,0,0,0
1,28,1,0,0,1,0,0,8,1,0,0,1,0,0,1,8,28,8,0,784,64,0.7680225288978041,-inf,-inf,0,0,0,0,1,0,0,0,0,0,0,0,0
1,31,1,0,1,1,0,8087,11,1,0,0,1,1,0,1,11,31,11,0,961,121,0.7693452271015038,8.998013113095823,-inf,0,0,0,0,0,0,0,1,0,0,0,0,0
1,18,1,0,0,1,0,0,11,1,0,0,1,0,0,1,11,18,11,0,324,121,0.7597790079157395,-inf,-inf,0,0,0,0,0,0,0,1,0,0,0,0,0
1,25,1,0,0,0,0,2348,12,1,0,0,1,0,0,0,0,25,12,0,625,144,0.7663313979847909,7.761319180947987,-inf,0,0,0,0,0,0,0,0,1,0,0,0,0
1,30,1,0,1,1,0,590,11,1,0,0,1,1,0,1,11,30,11,0,900,121,0.7689378349730367,6.380122536899765,-inf,0,0,0,0,0,0,0,1,0,0,0,0,0
1,17,1,0,0,1,0,0,10,1,0,0,1,0,0,1,10,17,10,0,289,100,0.7583290653802051,-inf,-inf,0,0,0,0,0,0,1,0,0,0,0,0,0
1,37,1,0,0,1,0,1067,9,1,0,0,1,0,0,1,9,37,9,0,1369,81,0.771270555358959,6.9726062513017535,-inf,0,0,0,0,0,1,0,0,0,0,0,0,0
1,41,1,0,1,1,0,7284,4,1,0,0,1,1,0,1,4,41,4,0,1681,16,0.7722027491359185,8.8934354408475,-inf,1,0,0,0,0,0,0,0,0,0,0,0,0
1,42,1,0,1,0,0,13167,14,1,0,0,1,1,0,0,0,42,14,0,1764,196,0.7724043373709714,9.485468978356344,-inf,0,0,0,0,0,0,0,0,0,0,1,0,0
1,22,0,0,0,1,0,1048,11,1,0,0,0,0,0,1,11,0,0,0,484,121,0.7641038566896158,6.954638864880987,-inf,0,0,0,0,0,0,0,1,0,0,0,0,0
1,17,1,0,0,1,0,0,8,1,0,0,1,0,0,1,8,17,8,0,289,64,0.7583290653802051,-inf,-inf,0,0,0,0,1,0,0,0,0,0,0,0,0
1,29,1,0,0,1,0,1923,8,1,0,0,1,0,0,1,8,29,8,0,841,64,0.7684982022903364,7.56164174558878,-inf,0,0,0,0,1,0,0,0,0,0,0,0,0
1,28,1,0,0,1,2836,3196,10,0,28360,0,0,0,2836,0,10,28,10,0,784,100,0.7680225288978041,8.069655306886165,7.950149887652018,0,0,0,0,0,0,1,0,0,0,0,0,0
1,35,1,0,0,1,0,4666,10,1,0,0,1,0,0,1,10,35,10,0,1225,100,0.7707122625040681,8.448057452581375,-inf,0,0,0,0,0,0,1,0,0,0,0,0,0
1,27,1,0,0,1,0,549,11,1,0,0,1,0,0,1,11,27,11,0,729,121,0.7675064085921748,6.3080984415095305,-inf,0,0,0,0,0,0,0,1,0,0,0,0,0
1,29,1,0,0,1,0,762,4,1,0,0,1,0,0,1,4,29,4,0,841,16,0.7684982022903364,6.635946555686647,-inf,1,0,0,0,0,0,0,0,0,0,0,0,0
1,28,1,0,0,1,0,10694,9,1,0,0,1,0,0,1,9,28,9,0,784,81,0.7680225288978041,9.277438115508676,-inf,0,0,0,0,0,1,0,0,0,0,0,0,0
1,27,1,0,0,1,0,0,11,1,0,0,1,0,0,1,11,27,11,0,729,121,0.7675064085921748,-inf,-inf,0,0,0,0,0,0,0,1,0,0,0,0,0
1,23,0,0,0,1,0,0,7,1,0,0,0,0,0,1,7,0,0,0,529,49,0.7649202325815845,-inf,-inf,0,0,0,1,0,0,0,0,0,0,0,0,0
1,45,1,0,1,1,0,8546,5,1,0,0,1,1,0,1,5,45,5,0,2025,25,0.7729481710043233,9.05321861620397,-inf,0,1,0,0,0,0,0,0,0,0,0,0,0
1,29,1,0,0,0,0,7479,13,1,0,0,1,0,0,0,0,29,13,0,841,169,0.7684982022903364,8.919854372191667,-inf,0,0,0,0,0,0,0,0,0,1,0,0,0
1,27,1,0,0,1,0,0,9,1,0,0,1,0,0,1,9,27,9,0,729,81,0.7675064085921748,-inf,-inf,0,0,0,0,0,1,0,0,0,0,0,0,0
1,46,1,0,0,0,0,647,13,1,0,0,1,0,0,0,0,46,13,0,2116,169,0.7731115423774593,6.472346294500901,-inf,0,0,0,0,0,0,0,0,0,1,0,0,0
1,18,1,0,0,1,0,0,6,1,0,0,1,0,0,1,6,18,6,0,324,36,0.7597790079157395,-inf,-inf,0,0,1,0,0,0,0,0,0,0,0,0,0
1,25,1,0,0,0,0,11965,12,1,0,0,1,0,0,0,0,25,12,0,625,144,0.7663313979847909,9.389741000342473,-inf,0,0,0,0,0,0,0,0,1,0,0,0,0
1,28,1,0,0,0,0,9598,15,1,0,0,1,0,0,0,0,28,15,0,784,225,0.7680225288978041,9.169310022418191,-inf,0,0,0,0,0,0,0,0,0,0,0,1,0
1,31,1,0,0,1,1698,10363,9,0,15282,0,0,0,1698,0,9,31,9,0,961,81,0.7693452271015038,9.245997049184217,7.437206366871292,0,0,0,0,0,1,0,0,0,0,0,0,0
1,25,0,0,0,1,0,18783,11,1,0,0,0,0,0,1,11,0,0,0,625,121,0.7663313979847909,9.84070748441342,-inf,0,0,0,0,0,0,0,1,0,0,0,0,0
1,22,1,0,0,0,0,18678,12,1,0,0,1,0,0,0,0,22,12,0,484,144,0.7641038566896158,9.835101639669663,-inf,0,0,0,0,0,0,0,0,1,0,0,0,0
1,28,1,0,0,1,1284,60307,11,0,14124,0,0,0,1284,0,11,28,11,0,784,121,0.7680225288978041,11.00720346221328,7.157735484249907,0,0,0,0,0,0,0,1,0,0,0,0,0
1,21,1,0,0,1,0,0,9,1,0,0,1,0,0,1,9,21,9,0,441,81,0.7631981010781591,-inf,-inf,0,0,0,0,0,1,0,0,0,0,0,0,0
1,40,1,0,0,1,0,23005,11,1,0,0,1,0,0,1,11,40,11,0,1600,121,0.771989609780023,10.043466862589568,-inf,0,0,0,0,0,0,0,1,0,0,0,0,0
1,22,1,0,0,1,0,6456,11,1,0,0,1,0,0,1,11,22,11,0,484,121,0.7641038566896158,8.772765209949785,-inf,0,0,0,0,0,0,0,1,0,0,0,0,0
1,25,1,0,0,0,0,0,12,1,0,0,1,0,0,0,0,25,12,0,625,144,0.7663313979847909,-inf,-inf,0,0,0,0,0,0,0,0,1,0,0,0,0
1,27,1,0,1,1,934,1773,9,0,8406,0,0,0,934,0,9,27,9,0,729,81,0.7675064085921748,7.480428306074208,6.839476438228843,0,0,0,0,0,1,0,0,0,0,0,0,0
1,23,1,0,1,1,936,11233,10,0,9360,0,0,0,936,0,10,23,10,0,529,100,0.7649202325815845,9.326611153641569,6.841615476477592,0,0,0,0,0,0,1,0,0,0,0,0,0
1,29,1,0,0,1,4398,0,10,0,43980,0,0,0,4398,0,10,29,10,0,841,100,0.7684982022903364,-inf,8.388905171114706,0,0,0,0,0,0,1,0,0,0,0,0,0
1,18,1,0,0,0,0,2321,12,1,0,0,1,0,0,0,0,18,12,0,324,144,0.7597790079157395,7.749753406274437,-inf,0,0,0,0,0,0,0,0,1,0,0,0,0
1,38,0,0,0,0,0,4941,12,1,0,0,0,0,0,0,0,0,0,0,1444,144,0.7715246626395021,8.50532301884575,-inf,0,0,0,0,0,0,0,0,1,0,0,0,0
1,27,1,0,0,0,0,0,13,1,0,0,1,0,0,0,0,27,13,0,729,169,0.7675064085921748,-inf,-inf,0,0,0,0,0,0,0,0,0,1,0,0,0
1,27,1,0,0,1,0,0,8,1,0,0,1,0,0,1,8,27,8,0,729,64,0.7675064085921748,-inf,-inf,0,0,0,0,1,0,0,0,0,0,0,0,0
1,38,1,0,0,1,0,0,11,1,0,0,1,0,0,1,11,38,11,0,1444,121,0.7715246626395021,-inf,-inf,0,0,0,0,0,0,0,1,0,0,0,0,0
1,23,0,1,0,1,0,3881,8,1,0,1,0,0,0,1,8,0,0,1,529,64,0.7649202325815845,8.263848131368906,-inf,0,0,0,0,1,0,0,0,0,0,0,0,0
1,26,1,0,0,1,0,17230,11,1,0,0,1,0,0,1,11,26,11,0,676,121,0.7669447053037863,9.754407329521975,-inf,0,0,0,0,0,0,0,1,0,0,0,0,0
1,42,1,0,1,1,3058,1294,9,0,27522,0,0,0,3058,0,9,42,9,0,1764,81,0.7724043373709714,7.165493475060845,8.025516386489008,0,0,0,0,0,1,0,0,0,0,0,0,0
1,21,0,0,0,0,0,8048,12,1,0,0,0,0,0,0,0,0,0,0,441,144,0.7631981010781591,8.99317889233952,-inf,0,0,0,0,0,0,0,0,1,0,0,0,0
1,25,1,0,0,1,0,0,8,1,0,0,1,0,0,1,8,25,8,0,625,64,0.7663313979847909,-inf,-inf,0,0,0,0,1,0,0,0,0,0,0,0,0
1,31,1,0,1,1,0,14509,11,1,0,0,1,1,0,1,11,31,11,0,961,121,0.7693452271015038,9.582524425515684,-inf,0,0,0,0,0,0,0,1,0,0,0,0,0
1,17,1,0,0,1,0,0,10,1,0,0,1,0,0,1,10,17,10,0,289,100,0.7583290653802051,-inf,-inf,0,0,0,0,0,0,1,0,0,0,0,0,0
1,19,1,0,0,1,2657,9970,8,0,21256,0,0,0,2657,0,8,19,8,0,361,64,0.7610559845010243,9.207335862955883,7.884952945759814,0,0,0,0,1,0,0,0,0,0,0,0,0
1,29,1,0,0,0,679,17814,14,0,9506,0,0,0,0,0,0,29,14,0,841,196,0.7684982022903364,9.787739943991815,6.520621127558696,0,0,0,0,0,0,0,0,0,0,1,0,0
1,25,1,0,0,1,0,0,11,1,0,0,1,0,0,1,11,25,11,0,625,121,0.7663313979847909,-inf,-inf,0,0,0,0,0,0,0,1,0,0,0,0,0
1,21,1,0,0,0,0,9983,12,1,0,0,1,0,0,0,0,21,12,0,441,144,0.7631981010781591,9.208638925336425,-inf,0,0,0,0,0,0,0,0,1,0,0,0,0
1,44,1,0,0,1,0,0,11,1,0,0,1,0,0,1,11,44,11,0,1936,121,0.7727762920688575,-inf,-inf,0,0,0,0,0,0,0,1,0,0,0,0,0
1,19,1,0,0,1,385,8124,10,0,3850,0,0,0,385,0,10,19,10,0,361,100,0.7610559845010243,9.002577922700276,5.953243334287785,0,0,0,0,0,0,1,0,0,0,0,0,0
1,25,0,0,0,0,0,5587,12,1,0,0,0,0,0,0,0,0,0,0,625,144,0.7663313979847909,8.628197749459149,-inf,0,0,0,0,0,0,0,0,1,0,0,0,0
1,18,1,0,0,1,798,9737,10,0,7980,0,0,0,798,0,10,18,10,0,324,100,0.7597790079157395,9.183688340978756,6.682108597449809,0,0,0,0,0,0,1,0,0,0,0,0,0
1,18,1,0,0,1,0,4482,9,1,0,0,1,0,0,1,9,18,9,0,324,81,0.7597790079157395,8.407824654360873,-inf,0,0,0,0,0,1,0,0,0,0,0,0,0
1,19,1,0,0,1,798,17685,9,0,7182,0,0,0,798,0,9,19,9,0,361,81,0.7610559845010243,9.780472101639582,6.682108597449809,0,0,0,0,0,1,0,0,0,0,0,0,0
1,18,1,0,0,1,3287,5010,9,0,29583,0,0,0,3287,0,9,18,9,0,324,81,0.7597790079157395,8.51919119407891,8.097730573664219,0,0,0,0,0,1,0,0,0,0,0,0,0
1,26,1,0,1,1,1392,1460,11,0,15312,0,0,0,1392,0,11,26,11,0,676,121,0.7669447053037863,7.286191714702382,7.238496840894365,0,0,0,0,0,0,0,1,0,0,0,0,0
1,42,1,0,0,0,0,2456,12,1,0,0,1,0,0,0,0,42,12,0,1764,144,0.7724043373709714,7.806289289267033,-inf,0,0,0,0,0,0,0,0,1,0,0,0,0
1,25,1,0,0,1,0,0,10,1,0,0,1,0,0,1,10,25,10,0,625,100,0.7663313979847909,-inf,-inf,0,0,0,0,0,0,1,0,0,0,0,0,0
1,31,0,1,0,1,0,26817,9,1,0,1,0,0,0,1,9,0,0,1,961,81,0.7693452271015038,10.196791293755963,-inf,0,0,0,0,0,1,0,0,0,0,0,0,0
1,24,1,0,0,1,0,0,10,1,0,0,1,0,0,1,10,24,10,0,576,100,0.7656593846532138,-inf,-inf,0,0,0,0,0,0,1,0,0,0,0,0,0
1,26,1,0,0,1,0,9265,10,1,0,0,1,0,0,1,10,26,10,0,676,100,0.7669447053037863,9.13399913871946,-inf,0,0,0,0,0,0,1,0,0,0,0,0,0
1,20,1,0,0,0,377,1652,12,0,4524,0,0,0,0,0,0,20,12,0,400,144,0.7621881881912876,7.409741954080923,5.932245187448011,0,0,0,0,0,0,0,0,1,0,0,0,0
1,19,0,0,0,1,5324,13829,10,0,53240,0,0,0,5324,0,10,0,0,0,361,100,0.7610559845010243,9.534523115464658,8.579980179515003,0,0,0,0,0,0,1,0,0,0,0,0,0
1,25,1,0,0,1,0,485,11,1,0,0,1,0,0,1,11,25,11,0,625,121,0.7663313979847909,6.184148890937483,-inf,0,0,0,0,0,0,0,1,0,0,0,0,0
1,23,0,0,1,1,1713,4232,8,0,13704,0,0,0,1713,0,8,0,0,0,529,64,0.7649202325815845,8.350429973538136,7.44600149832412,0,0,0,0,1,0,0,0,0,0,0,0,0
1,31,0,0,0,0,2611,2484,12,0,31332,0,0,0,0,0,0,0,0,0,961,144,0.7693452271015038,7.81762544305337,7.8674885686991285,0,0,0,0,0,0,0,0,1,0,0,0,0
1,18,1,0,0,1,0,4814,11,1,0,0,1,0,0,1,11,18,11,0,324,121,0.7597790079157395,8.479283618343016,-inf,0,0,0,0,0,0,0,1,0,0,0,0,0
1,19,1,0,0,1,0,7458,11,1,0,0,1,0,0,1,11,19,11,0,361,121,0.7610559845010243,8.917042560738766,-inf,0,0,0,0,0,0,0,1,0,0,0,0,0
1,43,1,0,0,1,0,0,9,1,0,0,1,0,0,1,9,43,9,0,1849,81,0.7725952537136701,-inf,-inf,0,0,0,0,0,1,0,0,0,0,0,0,0
1,27,1,0,0,0,0,34099,13,1,0,0,1,0,0,0,0,27,13,0,729,169,0.7675064085921748,10.43702333732841,-inf,0,0,0,0,0,0,0,0,0,1,0,0,0
1,26,0,0,0,1,2226,13385,11,0,24486,0,0,0,2226,0,11,0,0,0,676,121,0.7669447053037863,9.501889955954454,7.70796153183549,0,0,0,0,0,0,0,1,0,0,0,0,0
1,29,0,1,0,1,8853,5112,10,0,88530,0,0,0,8853,0,10,0,0,0,841,100,0.7684982022903364,8.53934599605737,9.08851166361105,0,0,0,0,0,0,1,0,0,0,0,0,0
1,17,1,0,0,1,0,1953,9,1,0,0,1,0,0,1,9,17,9,0,289,81,0.7583290653802051,7.577121930876679,-inf,0,0,0,0,0,1,0,0,0,0,0,0,0
1,30,1,0,0,1,0,0,11,1,0,0,1,0,0,1,11,30,11,0,900,121,0.7689378349730367,-inf,-inf,0,0,0,0,0,0,0,1,0,0,0,0,0
1,17,1,0,0,1,156,10641,10,0,1560,0,0,0,156,0,10,17,10,0,289,100,0.7583290653802051,9.272469743441732,5.049856007249537,0,0,0,0,0,0,1,0,0,0,0,0,0
1,20,0,0,1,0,8644,11656,12,0,103728,0,0,0,0,0,0,0,0,0,400,144,0.7621881881912876,9.363576347875041,9.064620717626777,0,0,0,0,0,0,0,0,1,0,0,0,0
1,17,1,0,0,1,375,3621,9,0,3375,0,0,0,375,0,9,17,9,0,289,81,0.7583290653802051,8.19450550976564,5.926926025970411,0,0,0,0,0,1,0,0,0,0,0,0,0
1,18,1,0,0,0,562,0,12,0,6744,0,0,0,0,0,0,18,12,0,324,144,0.7597790079157395,-inf,6.331501849893691,0,0,0,0,0,0,0,0,1,0,0,0,0
1,21,0,1,0,1,1395,0,11,0,15345,0,0,0,1395,0,11,0,0,0,441,121,0.7631981010781591,-inf,7.240649694255466,0,0,0,0,0,0,0,1,0,0,0,0,0
1,30,1,0,0,1,1913,0,11,0,21043,0,0,0,1913,0,11,30,11,0,900,121,0.7689378349730367,-inf,7.556427969440253,0,0,0,0,0,0,0,1,0,0,0,0,0
1,18,0,1,0,1,5491,2454,11,0,60401,0,0,0,5491,0,11,0,0,0,324,121,0.7597790079157395,7.805474625270857,8.610865667278873,0,0,0,0,0,0,0,1,0,0,0,0,0
1,20,1,0,0,0,9227,0,12,0,110724,0,0,0,0,0,0,20,12,0,400,144,0.7621881881912876,-inf,9.129889247578555,0,0,0,0,0,0,0,0,1,0,0,0,0
1,20,0,1,1,1,10802,4488,6,0,64812,0,0,0,10802,0,6,0,0,0,400,36,0.7621881881912876,8.409162447202533,9.287486581152837,0,0,1,0,0,0,0,0,0,0,0,0,0
1,20,1,0,0,1,11073,0,10,0,110730,0,0,0,11073,0,10,20,10,0,400,100,0.7621881881912876,-inf,9.312264991698108,0,0,0,0,0,0,1,0,0,0,0,0,0
1,25,1,0,0,1,37431,2346,8,0,299448,0,0,0,37431,0,8,25,8,0,625,64,0.7663313979847909,7.76046702921342,10.53025451707913,0,0,0,0,1,0,0,0,0,0,0,0,0
1,17,0,0,0,1,1618,6011,9,0,14562,0,0,0,1618,0,9,0,0,0,289,81,0.7583290653802051,8.701346403039162,7.388946097618437,0,0,0,0,0,1,0,0,0,0,0,0,0
1,18,0,1,0,1,2589,0,10,0,25890,0,0,0,2589,0,10,0,0,0,324,100,0.7597790079157395,-inf,7.859026979751538,0,0,0,0,0,0,1,0,0,0,0,0,0
1,19,0,1,0,1,6511,7913,9,0,58599,0,0,0,6511,0,9,0,0,0,361,81,0.7610559845010243,8.976262255609193,8.781248333236862,0,0,0,0,0,1,0,0,0,0,0,0,0
1,19,1,0,0,1,192,661,11,0,2112,0,0,0,192,0,11,19,11,0,361,121,0.7610559845010243,6.493753839851686,5.2574953720277815,0,0,0,0,0,0,0,1,0,0,0,0,0
1,27,0,1,0,1,421,3075,10,0,4210,0,0,0,421,0,10,0,0,0,729,100,0.7675064085921748,8.031060180240619,6.042632833682381,0,0,0,0,0,0,1,0,0,0,0,0,0
1,18,0,1,0,0,535,1115,12,0,6420,0,0,0,0,0,0,0,0,0,324,144,0.7597790079157395,7.016609683894219,6.282266746896006,0,0,0,0,0,0,0,0,1,0,0,0,0
1,22,1,0,0,1,606,317,11,0,6666,0,0,0,606,0,11,22,11,0,484,121,0.7641038566896158,5.75890177387728,6.406879986069314,0,0,0,0,0,0,0,1,0,0,0,0,0
1,20,1,0,0,1,660,12229,9,0,5940,0,0,0,660,0,9,20,9,0,400,81,0.7621881881912876,9.41156545918937,6.492239835020471,0,0,0,0,0,1,0,0,0,0,0,0,0
1,20,1,0,0,1,696,0,11,0,7656,0,0,0,696,0,11,20,11,0,400,121,0.7621881881912876,-inf,6.54534966033442,0,0,0,0,0,0,0,1,0,0,0,0,0
1,18,1,0,0,1,699,480,10,0,6990,0,0,0,699,0,10,18,10,0,324,100,0.7597790079157395,6.173786103901937,6.54965074223381,0,0,0,0,0,0,1,0,0,0,0,0,0
1,17,1,0,0,1,856,3251,10,0,8560,0,0,0,856,0,10,17,10,0,289,100,0.7583290653802051,8.086717920303906,6.752270376141742,0,0,0,0,0,0,1,0,0,0,0,0,0
1,26,1,0,0,0,1088,11460,12,0,13056,0,0,0,0,0,0,26,12,0,676,144,0.7669447053037863,9.346617990268731,6.992096427415888,0,0,0,0,0,0,0,0,1,0,0,0,0
1,22,1,0,0,1,1071,7315,10,0,10710,0,0,0,1071,0,10,22,10,0,484,100,0.7641038566896158,8.897682313454224,6.976348070447749,0,0,0,0,0,0,1,0,0,0,0,0,0
1,20,1,0,0,0,1160,702,12,0,13920,0,0,0,0,0,0,20,12,0,400,144,0.7621881881912876,6.553933404025811,7.05617528410041,0,0,0,0,0,0,0,0,1,0,0,0,0
1,18,1,0,0,1,1199,0,8,0,9592,0,0,0,1199,0,8,18,8,0,324,64,0.7597790079157395,-inf,7.089243155027514,0,0,0,0,1,0,0,0,0,0,0,0,0
1,18,1,0,0,1,1285,15369,9,0,11565,0,0,0,1285,0,9,18,9,0,324,81,0.7597790079157395,9.640107772607312,7.158513997329321,0,0,0,0,0,1,0,0,0,0,0,0,0
1,18,1,0,0,1,1371,12064,10,0,13710,0,0,0,1371,0,10,18,10,0,324,100,0.7597790079157395,9.397981090247738,7.223295679562314,0,0,0,0,0,0,1,0,0,0,0,0,0
1,19,1,0,0,1,1374,13278,10,0,13740,0,0,0,1374,0,10,19,10,0,361,100,0.7610559845010243,9.493863809279105,7.2254814727822945,0,0,0,0,0,0,1,0,0,0,0,0,0
1,18,0,1,0,1,1713,8836,9,0,15417,0,0,0,1713,0,9,0,0,0,324,81,0.7597790079157395,9.086589564540008,7.44600149832412,0,0,0,0,0,1,0,0,0,0,0,0,0
1,17,0,1,0,1,2202,4387,10,0,22020,0,0,0,2202,0,10,0,0,0,289,100,0.7583290653802051,8.386400901166214,7.697121317282625,0,0,0,0,0,0,1,0,0,0,0,0,0
1,19,1,0,0,1,1927,11965,11,0,21197,0,0,0,1927,0,11,19,11,0,361,121,0.7610559845010243,9.389741000342473,7.563719668414366,0,0,0,0,0,0,0,1,0,0,0,0,0
1,27,1,0,1,1,2142,2186,11,0,23562,0,0,0,2142,0,11,27,11,0,729,121,0.7675064085921748,7.689828668736484,7.669495251007694,0,0,0,0,0,0,0,1,0,0,0,0,0
1,19,1,0,0,1,3213,2975,10,0,32130,0,0,0,3213,0,10,19,10,0,361,100,0.7610559845010243,7.99799931797973,8.074960359115858,0,0,0,0,0,0,1,0,0,0,0,0,0
1,19,0,1,0,1,3276,14271,9,0,29484,0,0,0,3276,0,9,0,0,0,361,81,0.7610559845010243,9.56598478510039,8.09437844497296,0,0,0,0,0,1,0,0,0,0,0,0,0
1,27,1,0,0,1,3213,2094,10,0,32130,0,0,0,3213,0,10,27,10,0,729,100,0.7675064085921748,7.646831391430482,8.074960359115858,0,0,0,0,0,0,1,0,0,0,0,0,0
1,21,1,0,1,1,4167,11300,11,0,45837,0,0,0,4167,0,11,21,11,0,441,121,0.7631981010781591,9.332558004700433,8.334951631422454,0,0,0,0,0,0,0,1,0,0,0,0,0
1,29,1,0,1,1,4923,130,10,0,49230,0,0,0,4923,0,10,29,10,0,841,100,0.7684982022903364,4.867534450455582,8.5016733797582,0,0,0,0,0,0,1,0,0,0,0,0,0
1,34,0,1,0,1,4641,2877,11,0,51051,0,0,0,4641,0,11,0,0,0,1156,121,0.770404834768811,7.964503363551548,8.442685139241176,0,0,0,0,0,0,0,1,0,0,0,0,0
1,25,0,0,0,1,4712,6103,10,0,47120,0,0,0,4712,0,10,0,0,0,625,100,0.7663313979847909,8.716535732544495,8.457867725331422,0,0,0,0,0,0,1,0,0,0,0,0,0
1,31,0,0,0,0,5498,2329,13,0,71474,0,0,0,0,0,0,0,0,0,961,169,0.7693452271015038,7.753194269884341,8.612139668725192,0,0,0,0,0,0,0,0,0,1,0,0,0
1,41,1,0,1,1,5783,0,9,0,52047,0,0,0,5783,0,9,41,9,0,1681,81,0.7722027491359185,-inf,8.662677858158219,0,0,0,0,0,1,0,0,0,0,0,0,0
1,21,0,1,0,1,6658,9381,11,0,73238,0,0,0,6658,0,11,0,0,0,441,121,0.7631981010781591,9.14644164612595,8.80357441813497,0,0,0,0,0,0,0,1,0,0,0,0,0
1,20,1,0,0,1,6426,16451,11,0,70686,0,0,0,6426,0,11,20,11,0,400,121,0.7621881881912876,9.708141544619421,8.768107539675803,0,0,0,0,0,0,0,1,0,0,0,0,0
1,24,0,1,1,0,7212,6485,12,0,86544,0,0,0,0,0,0,0,0,0,576,144,0.7656593846532138,8.777247096750544,8.883501584323207,0,0,0,0,0,0,0,0,1,0,0,0,0
1,41,1,0,1,1,7212,3154,9,0,64908,0,0,0,7212,0,9,41,9,0,1681,81,0.7722027491359185,8.056426767522984,8.883501584323207,0,0,0,0,0,1,0,0,0,0,0,0,0
1,21,0,0,0,0,7390,3557,12,0,88680,0,0,0,0,0,0,0,0,0,441,144,0.7631981010781591,8.176672771948455,8.907883013942248,0,0,0,0,0,0,0,0,1,0,0,0,0
1,22,1,0,0,1,7497,668,11,0,82467,0,0,0,7497,0,11,22,11,0,484,121,0.7641038566896158,6.504288173536645,8.922258219503062,0,0,0,0,0,0,0,1,0,0,0,0,0
1,20,0,1,0,1,8015,5487,9,0,72135,0,0,0,8015,0,9,0,0,0,400,81,0.7621881881912876,8.610136937058975,8.989070065043654,0,0,0,0,0,1,0,0,0,0,0,0,0
1,17,1,0,0,1,8497,9017,11,0,93467,0,0,0,8497,0,11,17,11,0,289,121,0.7583290653802051,9.106866963499908,9.047468439003541,0,0,0,0,0,0,0,1,0,0,0,0,0
1,24,1,0,0,1,9180,0,11,0,100980,0,0,0,9180,0,11,24,11,0,576,121,0.7656593846532138,-inf,9.124782483614537,0,0,0,0,0,0,0,1,0,0,0,0,0
1,23,1,0,1,0,15079,10283,12,0,180948,0,0,0,0,0,0,23,12,0,529,144,0.7649202325815845,9.23824732522919,9.621058326365796,0,0,0,0,0,0,0,0,1,0,0,0,0
1,23,1,0,0,1,15709,5665,10,0,157090,0,0,0,15709,0,10,23,10,0,529,100,0.7649202325815845,8.642062173462106,9.661989075499939,0,0,0,0,0,0,1,0,0,0,0,0,0
1,26,0,0,0,1,22959,2746,11,0,252549,0,0,0,22959,0,11,0,0,0,676,121,0.7669447053037863,7.917900586327916,10.04146529547803,0,0,0,0,0,0,0,1,0,0,0,0,0
1,21,1,0,0,0,24806,8803,13,0,322478,0,0,0,0,0,0,21,13,0,441,169,0.7631981010781591,9.082847851460906,10.118840838375275,0,0,0,0,0,0,0,0,0,1,0,0,0
1,18,1,0,1,1,1958,10989,10,0,19580,0,0,0,1958,0,10,18,10,0,324,100,0.7597790079157395,9.304650051446924,7.579678823090456,0,0,0,0,0,0,1,0,0,0,0,0,0
1,22,1,0,0,1,653,11134,10,0,6530,0,0,0,653,0,10,22,10,0,484,100,0.7641038566896158,9.317758768743452,6.481577129276431,0,0,0,0,0,0,1,0,0,0,0,0,0
1,17,1,0,0,1,1000,1433,10,0,10000,0,0,0,1000,0,10,17,10,0,289,100,0.7583290653802051,7.267525427828172,6.907755278982137,0,0,0,0,0,0,1,0,0,0,0,0,0
1,20,1,0,0,1,1569,5518,7,0,10983,0,0,0,1569,0,7,20,7,0,400,49,0.7621881881912876,8.615770754777232,7.358193752733032,0,0,0,1,0,0,0,0,0,0,0,0,0
1,17,1,0,0,1,1667,5594,9,0,15003,0,0,0,1667,0,9,17,9,0,289,81,0.7583290653802051,8.629449873761905,7.418780882750794,0,0,0,0,0,1,0,0,0,0,0,0,0
1,23,1,0,0,1,1961,3689,11,0,21571,0,0,0,1961,0,11,23,11,0,529,121,0.7649202325815845,8.213110697596676,7.581209826196346,0,0,0,0,0,0,0,1,0,0,0,0,0
1,32,1,0,0,1,2321,179,10,0,23210,0,0,0,2321,0,10,32,10,0,1024,100,0.7697236723994276,5.187385805840755,7.749753406274437,0,0,0,0,0,0,1,0,0,0,0,0,0
1,19,1,0,0,0,2534,4551,12,0,30408,0,0,0,0,0,0,19,12,0,361,144,0.7610559845010243,8.423102268016642,7.837554360881084,0,0,0,0,0,0,0,0,1,0,0,0,0
1,30,1,0,0,1,2615,0,10,0,26150,0,0,0,2615,0,10,30,10,0,900,100,0.7689378349730367,-inf,7.869019376499023,0,0,0,0,0,0,1,0,0,0,0,0,0
1,25,1,0,0,0,2746,2090,12,0,32952,0,0,0,0,0,0,25,12,0,625,144,0.7663313979847909,7.644919344958857,7.917900586327916,0,0,0,0,0,0,0,0,1,0,0,0,0
1,26,0,0,0,1,4676,1973,11,0,51436,0,0,0,4676,0,11,0,0,0,676,121,0.7669447053037863,7.587310506022615,8.450198322591959,0,0,0,0,0,0,0,1,0,0,0,0,0
1,19,1,0,0,1,3473,5861,10,0,34730,0,0,0,3473,0,10,19,10,0,361,100,0.7610559845010243,8.676075516476429,8.152774052744075,0,0,0,0,0,0,1,0,0,0,0,0,0
1,19,0,0,0,1,3416,9251,8,0,27328,0,0,0,3416,0,8,0,0,0,361,64,0.7610559845010243,9.132486932771318,8.13622555490846,0,0,0,0,1,0,0,0,0,0,0,0,0
1,20,1,0,0,1,5100,13626,10,0,51000,0,0,0,5100,0,10,20,10,0,400,100,0.7621881881912876,9.519735011333614,8.536995818712418,0,0,0,0,0,0,1,0,0,0,0,0,0
1,21,1,0,0,1,5310,7906,11,0,58410,0,0,0,5310,0,11,21,11,0,441,121,0.7631981010781591,8.97537724385663,8.577347114235984,0,0,0,0,0,0,0,1,0,0,0,0,0
1,23,1,0,0,0,7841,7947,12,0,94092,0,0,0,0,0,0,23,12,0,529,144,0.7649202325815845,8.98054977794018,8.967121656230923,0,0,0,0,0,0,0,0,1,0,0,0,0
1,19,1,0,0,1,6409,11648,11,0,70499,0,0,0,6409,0,11,19,11,0,361,121,0.7610559845010243,9.362889770436468,8.765458531504226,0,0,0,0,0,0,0,1,0,0,0,0,0
1,22,1,0,0,1,8774,18295,11,0,96514,0,0,0,8774,0,11,22,11,0,484,121,0.7641038566896158,9.814383077453307,9.07954808172616,0,0,0,0,0,0,0,1,0,0,0,0,0
1,23,1,0,0,0,7782,14416,12,0,93384,0,0,0,0,0,0,23,12,0,529,144,0.7649202325815845,9.57609397984812,8.9595686535445,0,0,0,0,0,0,0,0,1,0,0,0,0
1,26,1,0,1,1,8141,4635,10,0,81410,0,0,0,8141,0,10,26,10,0,676,100,0.7669447053037863,8.441391477999955,9.004668301573977,0,0,0,0,0,0,1,0,0,0,0,0,0
1,24,1,0,0,0,12982,0,12,0,155784,0,0,0,0,0,0,24,12,0,576,144,0.7656593846532138,-inf,9.471319061593414,0,0,0,0,0,0,0,0,1,0,0,0,0
1,18,0,1,0,1,12625,0,10,0,126250,0,0,0,12625,0,10,0,0,0,324,100,0.7597790079157395,-inf,9.443434254143561,0,0,0,0,0,0,1,0,0,0,0,0,0
1,27,1,0,0,1,14223,7661,11,0,156453,0,0,0,14223,0,11,27,11,0,729,121,0.7675064085921748,8.94389780251682,9.562615651570228,0,0,0,0,0,0,0,1,0,0,0,0,0
1,21,0,1,0,1,17983,15191,11,0,197813,0,0,0,17983,0,11,0,0,0,441,121,0.7631981010781591,9.628458426207663,9.797182146165197,0,0,0,0,0,0,0,1,0,0,0,0,0
1,25,0,0,0,1,23096,6421,8,0,184768,0,0,0,23096,0,8,0,0,0,625,64,0.7663313979847909,8.76732914779405,10.04741472134277,0,0,0,0,1,0,0,0,0,0,0,0,0
1,21,1,0,0,0,807,4350,12,0,9684,0,0,0,0,0,0,21,12,0,441,144,0.7631981010781591,8.37793112408273,6.693323668269949,0,0,0,0,0,0,0,0,1,0,0,0,0
1,19,1,0,0,1,532,0,11,0,5852,0,0,0,532,0,11,19,11,0,361,121,0.7610559845010243,-inf,6.2766434893416445,0,0,0,0,0,0,0,1,0,0,0,0,0
1,18,1,0,0,1,851,0,11,0,9361,0,0,0,851,0,11,18,11,0,324,121,0.7597790079157395,-inf,6.7464121285733745,0,0,0,0,0,0,0,1,0,0,0,0,0
1,34,1,0,0,1,857,0,7,0,5999,0,0,0,857,0,7,34,7,0,1156,49,0.770404834768811,-inf,6.75343791859778,0,0,0,1,0,0,0,0,0,0,0,0,0
1,21,0,0,0,1,946,11412,11,0,10406,0,0,0,946,0,11,0,0,0,441,121,0.7631981010781591,9.342420712333391,6.852242569051878,0,0,0,0,0,0,0,1,0,0,0,0,0
1,25,1,0,0,1,1536,1709,9,0,13824,0,0,0,1536,0,9,25,9,0,625,81,0.7663313979847909,7.443663683115591,7.336936913707618,0,0,0,0,0,1,0,0,0,0,0,0,0
1,17,1,0,0,1,1341,1374,9,0,12069,0,0,0,1341,0,9,17,9,0,289,81,0.7583290653802051,7.2254814727822945,7.201170883281678,0,0,0,0,0,1,0,0,0,0,0,0,0
1,28,1,0,0,1,1182,7779,8,0,9456,0,0,0,1182,0,8,28,8,0,784,64,0.7680225288978041,8.959183074206774,7.074963197966044,0,0,0,0,1,0,0,0,0,0,0,0,0
1,18,1,0,0,1,1182,5100,9,0,10638,0,0,0,1182,0,9,18,9,0,324,81,0.7597790079157395,8.536995818712418,7.074963197966044,0,0,0,0,0,1,0,0,0,0,0,0,0
1,27,1,0,0,0,4310,0,12,0,51720,0,0,0,0,0,0,27,12,0,729,144,0.7675064085921748,-inf,8.368693183097793,0,0,0,0,0,0,0,0,1,0,0,0,0
1,23,1,0,0,1,1774,11464,9,0,15966,0,0,0,1774,0,9,23,9,0,529,81,0.7649202325815845,9.346966969508008,7.480992162869525,0,0,0,0,0,1,0,0,0,0,0,0,0
1,19,0,1,0,1,1862,8774,8,0,14896,0,0,0,1862,0,8,0,0,0,361,64,0.7610559845010243,9.07954808172616,7.529406457837013,0,0,0,0,1,0,0,0,0,0,0,0,0
1,21,1,0,0,1,2158,0,11,0,23738,0,0,0,2158,0,11,21,11,0,441,121,0.7631981010781591,-inf,7.67693714581808,0,0,0,0,0,0,0,1,0,0,0,0,0
1,21,1,0,0,1,2217,4082,11,0,24387,0,0,0,2217,0,11,21,11,0,441,121,0.7631981010781591,8.31434234336979,7.7039102096163115,0,0,0,0,0,0,0,1,0,0,0,0,0
1,23,1,0,0,1,2217,0,10,0,22170,0,0,0,2217,0,10,23,10,0,529,100,0.7649202325815845,-inf,7.7039102096163115,0,0,0,0,0,0,1,0,0,0,0,0,0
1,27,1,0,0,1,2294,2018,9,0,20646,0,0,0,2294,0,9,27,9,0,729,81,0.7675064085921748,7.609862200913554,7.738052297689316,0,0,0,0,0,1,0,0,0,0,0,0,0
1,27,1,0,0,1,2483,0,11,0,27313,0,0,0,2483,0,11,27,11,0,729,121,0.7675064085921748,-inf,7.817222785508166,0,0,0,0,0,0,0,1,0,0,0,0,0
1,23,0,0,0,0,3903,796,12,0,46836,0,0,0,0,0,0,0,0,0,529,144,0.7649202325815845,6.679599185844383,8.269500767180615,0,0,0,0,0,0,0,0,1,0,0,0,0
1,27,1,0,0,1,7218,7976,8,0,57744,0,0,0,7218,0,8,27,8,0,729,64,0.7675064085921748,8.984192311641674,8.884333185202735,0,0,0,0,1,0,0,0,0,0,0,0,0
1,28,1,0,1,1,6952,7318,11,0,76472,0,0,0,6952,0,11,28,11,0,784,121,0.7680225288978041,8.898092345579153,8.846784666945227,0,0,0,0,0,0,0,1,0,0,0,0,0
1,25,1,0,0,0,5204,0,12,0,62448,0,0,0,0,0,0,25,12,0,625,144,0.7663313979847909,-inf,8.557182839632397,0,0,0,0,0,0,0,0,1,0,0,0,0
1,20,1,0,0,0,6085,9750,12,0,73020,0,0,0,0,0,0,20,12,0,400,144,0.7621881881912876,9.185022563991893,8.713582005421628,0,0,0,0,0,0,0,0,1,0,0,0,0
1,26,1,0,0,0,6608,5811,12,0,79296,0,0,0,0,0,0,26,12,0,676,144,0.7669447053037863,8.667507952075105,8.796036315200814,0,0,0,0,0,0,0,0,1,0,0,0,0
1,23,1,0,1,1,10495,3385,10,0,104950,0,0,0,10495,0,10,23,10,0,529,100,0.7649202325815845,8.127109185346375,9.258654232254733,0,0,0,0,0,0,1,0,0,0,0,0,0
1,49,0,0,1,1,7285,16717,8,0,58280,0,0,0,7285,0,8,0,0,0,2401,64,0.7735562793676278,9.72418144470263,8.893572718629306,0,0,0,0,1,0,0,0,0,0,0,0,0
1,19,1,0,0,1,10224,11293,11,0,112464,0,0,0,10224,0,11,19,11,0,361,121,0.7610559845010243,9.331938343723671,9.232493176617316,0,0,0,0,0,0,0,1,0,0,0,0,0
1,21,0,0,0,0,8616,99,13,0,112008,0,0,0,0,0,0,0,0,0,441,169,0.7631981010781591,4.59511985013459,9.061376218836225,0,0,0,0,0,0,0,0,0,1,0,0,0
1,27,1,0,1,0,7806,2777,12,0,93672,0,0,0,0,0,0,27,12,0,729,144,0.7675064085921748,7.9291264873067995,8.96264794774056,0,0,0,0,0,0,0,0,1,0,0,0,0
1,23,1,0,0,1,8959,1659,11,0,98549,0,0,0,8959,0,11,23,11,0,529,121,0.7649202325815845,7.413970290190444,9.100413892597578,0,0,0,0,0,0,0,1,0,0,0,0,0
1,22,1,0,0,1,12170,8408,11,0,133870,0,0,0,12170,0,11,22,11,0,484,121,0.7641038566896158,9.036938912556787,9.406729185981574,0,0,0,0,0,0,0,1,0,0,0,0,0
1,24,1,0,0,0,13008,14683,15,0,195120,0,0,0,0,0,0,24,15,0,576,225,0.7656593846532138,9.594445640962938,9.473319831787592,0,0,0,0,0,0,0,0,0,0,0,1,0
1,24,1,0,0,0,18154,0,12,0,217848,0,0,0,0,0,0,24,12,0,576,144,0.7656593846532138,-inf,9.806646201086572,0,0,0,0,0,0,0,0,1,0,0,0,0
1,18,1,0,0,1,214,929,11,0,2354,0,0,0,214,0,11,18,11,0,324,121,0.7597790079157395,6.834108738813838,5.365976015021851,0,0,0,0,0,0,0,1,0,0,0,0,0
1,17,1,0,0,1,5793,5522,10,0,57930,0,0,0,5793,0,10,17,10,0,289,100,0.7583290653802051,8.6164953924901,8.664405571096625,0,0,0,0,0,0,1,0,0,0,0,0,0
1,17,1,0,0,1,1253,5445,9,0,11277,0,0,0,1253,0,9,17,9,0,289,81,0.7583290653802051,8.602453035367061,7.133295954896068,0,0,0,0,0,1,0,0,0,0,0,0,0
1,28,1,0,0,1,6871,0,11,0,75581,0,0,0,6871,0,11,28,11,0,784,121,0.7680225288978041,-inf,8.835064935031076,0,0,0,0,0,0,0,1,0,0,0,0,0
1,27,1,0,0,1,2666,0,11,0,29326,0,0,0,2666,0,11,27,11,0,729,121,0.7675064085921748,-inf,7.888334500738654,0,0,0,0,0,0,0,1,0,0,0,0,0
1,19,1,0,0,1,2615,4146,11,0,28765,0,0,0,2615,0,11,19,11,0,361,121,0.7610559845010243,8.329899292995725,7.869019376499023,0,0,0,0,0,0,0,1,0,0,0,0,0
1,18,0,0,0,1,919,4321,11,0,10109,0,0,0,919,0,11,0,0,0,324,121,0.7597790079157395,8.371242135931933,6.823286122355687,0,0,0,0,0,0,0,1,0,0,0,0,0
1,24,1,0,0,1,2421,1660,10,0,24210,0,0,0,2421,0,10,24,10,0,576,100,0.7656593846532138,7.414572881350589,7.791935956938058,0,0,0,0,0,0,1,0,0,0,0,0,0
1,23,1,0,0,0,3039,8484,12,0,36468,0,0,0,0,0,0,23,12,0,529,144,0.7649202325815845,9.045937315684574,8.019283792916793,0,0,0,0,0,0,0,0,1,0,0,0,0
1,21,1,0,0,1,5749,743,9,0,51741,0,0,0,5749,0,9,21,9,0,441,81,0.7631981010781591,6.610696044717759,8.656781205623291,0,0,0,0,0,1,0,0,0,0,0,0,0
1,21,1,0,0,0,3332,9371,12,0,39984,0,0,0,0,0,0,21,12,0,441,144,0.7631981010781591,9.145375093123823,8.111328003286733,0,0,0,0,0,0,0,0,1,0,0,0,0
1,24,1,0,0,1,2288,4849,9,0,20592,0,0,0,2288,0,9,24,9,0,576,81,0.7656593846532138,8.486527777105353,7.7354333524996886,0,0,0,0,0,1,0,0,0,0,0,0,0
1,20,0,1,0,1,5875,1358,9,0,52875,0,0,0,5875,0,9,0,0,0,400,81,0.7621881881912876,7.213768308118642,8.67846133901236,0,0,0,0,0,1,0,0,0,0,0,0,0
1,25,1,0,0,0,3090,0,13,0,40170,0,0,0,0,0,0,25,13,0,625,169,0.7663313979847909,-inf,8.035926369891792,0,0,0,0,0,0,0,0,0,1,0,0,0
1,35,1,0,1,1,17976,3786,8,0,143808,0,0,0,17976,0,8,35,8,0,1225,64,0.7707122625040681,8.239065331769268,9.796792813865165,0,0,0,0,1,0,0,0,0,0,0,0,0
1,17,0,1,0,1,74,6210,9,0,666,0,0,0,74,0,9,0,0,0,289,81,0.7583290653802051,8.733916174927524,4.30406509320417,0,0,0,0,0,1,0,0,0,0,0,0,0
1,24,1,0,1,1,1666,4032,11,0,18326,0,0,0,1666,0,11,24,11,0,576,121,0.7656593846532138,8.302017809751204,7.418180822726788,0,0,0,0,0,0,0,1,0,0,0,0,0
1,20,1,0,0,0,165,0,12,0,1980,0,0,0,0,0,0,20,12,0,400,144,0.7621881881912876,-inf,5.10594547390058,0,0,0,0,0,0,0,0,1,0,0,0,0
1,21,1,0,0,1,3695,4279,8,0,29560,0,0,0,3695,0,8,21,8,0,441,64,0.7631981010781591,8.361474616416817,8.214735833382303,0,0,0,0,1,0,0,0,0,0,0,0,0
1,18,1,0,0,1,1784,11141,10,0,17840,0,0,0,1784,0,10,18,10,0,324,100,0.7597790079157395,9.318387276059317,7.486613313139955,0,0,0,0,0,0,1,0,0,0,0,0,0
1,27,1,0,0,0,357,22163,12,0,4284,0,0,0,0,0,0,27,12,0,729,144,0.7675064085921748,10.006179510759674,5.877735781779639,0,0,0,0,0,0,0,0,1,0,0,0,0
1,22,1,0,0,1,3836,3462,9,0,34524,0,0,0,3836,0,9,22,9,0,484,81,0.7641038566896158,8.149601735736155,8.252185436003328,0,0,0,0,0,1,0,0,0,0,0,0,0
1,46,1,0,0,1,2594,0,8,0,20752,0,0,0,2594,0,8,46,8,0,2116,64,0.7731115423774593,-inf,7.860956364876389,0,0,0,0,1,0,0,0,0,0,0,0,0
1,19,1,0,0,1,6056,0,10,0,60560,0,0,0,6056,0,10,19,10,0,361,100,0.7610559845010243,-inf,8.708804795117285,0,0,0,0,0,0,1,0,0,0,0,0,0
1,19,0,1,1,1,5463,6788,11,0,60093,0,0,0,5463,0,11,0,0,0,361,121,0.7610559845010243,8.822911626354117,8.605753368395717,0,0,0,0,0,0,0,1,0,0,0,0,0
1,22,1,0,0,0,936,0,12,0,11232,0,0,0,0,0,0,22,12,0,484,144,0.7641038566896158,-inf,6.841615476477592,0,0,0,0,0,0,0,0,1,0,0,0,0
1,22,0,0,0,0,8455,12590,12,0,101460,0,0,0,0,0,0,0,0,0,484,144,0.7641038566896158,9.440658127038393,9.042513261332681,0,0,0,0,0,0,0,0,1,0,0,0,0
1,26,1,0,1,0,5794,1424,12,0,69528,0,0,0,0,0,0,26,12,0,676,144,0.7669447053037863,7.261225091971921,8.664578178329295,0,0,0,0,0,0,0,0,1,0,0,0,0
1,29,1,0,0,0,4878,10976,12,0,58536,0,0,0,0,0,0,29,12,0,841,144,0.7684982022903364,9.303466349965667,8.492490578775866,0,0,0,0,0,0,0,0,1,0,0,0,0
1,31,1,0,0,1,5517,9558,9,0,49653,0,0,0,5517,0,9,31,9,0,961,81,0.7693452271015038,9.165133779138104,8.61558951327243,0,0,0,0,0,1,0,0,0,0,0,0,0
1,29,1,0,0,0,1817,0,12,0,21804,0,0,0,0,0,0,29,12,0,841,144,0.7684982022903364,-inf,7.504942068396171,0,0,0,0,0,0,0,0,1,0,0,0,0
1,35,1,0,1,1,13830,12803,9,0,124470,0,0,0,13830,0,9,35,9,0,1225,81,0.7707122625040681,9.45743479744618,9.534595424658804,0,0,0,0,0,1,0,0,0,0,0,0,0
1,25,1,0,0,0,2409,0,12,0,28908,0,0,0,0,0,0,25,12,0,625,144,0.7663313979847909,-inf,7.786967002614872,0,0,0,0,0,0,0,0,1,0,0,0,0
1,22,0,1,1,0,7055,10092,12,0,84660,0,0,0,0,0,0,0,0,0,484,144,0.7641038566896158,9.219498309760949,8.861491864286915,0,0,0,0,0,0,0,0,1,0,0,0,0
1,27,1,0,0,1,3550,0,10,0,35500,0,0,0,3550,0,10,27,10,0,729,100,0.7675064085921748,-inf,8.174702882469461,0,0,0,0,0,0,1,0,0,0,0,0,0
1,22,1,0,1,1,5588,13228,10,0,55880,0,0,0,5588,0,10,22,10,0,484,100,0.7641038566896158,9.490091074101683,8.628376720376853,0,0,0,0,0,0,1,0,0,0,0,0,0
1,19,1,0,0,1,2937,7535,8,0,23496,0,0,0,2937,0,8,19,8,0,361,64,0.7610559845010243,8.927314111060596,7.98514393119862,0,0,0,0,1,0,0,0,0,0,0,0,0
1,20,1,0,0,1,1220,1085,11,0,13420,0,0,0,1220,0,11,20,11,0,400,121,0.7621881881912876,6.98933526597456,7.106606137727303,0,0,0,0,0,0,0,1,0,0,0,0,0
1,21,0,0,0,0,334,12558,12,0,4008,0,0,0,0,0,0,0,0,0,441,144,0.7631981010781591,9.438113191674054,5.811140992976701,0,0,0,0,0,0,0,0,1,0,0,0,0
1,27,1,0,1,0,334,0,12,0,4008,0,0,0,0,0,0,27,12,0,729,144,0.7675064085921748,-inf,5.811140992976701,0,0,0,0,0,0,0,0,1,0,0,0,0
1,20,1,0,0,1,2777,5615,10,0,27770,0,0,0,2777,0,10,20,10,0,400,100,0.7621881881912876,8.633196867172543,7.9291264873067995,0,0,0,0,0,0,1,0,0,0,0,0,0
1,23,1,0,0,0,501,671,12,0,6012,0,0,0,0,0,0,23,12,0,529,144,0.7649202325815845,6.508769136971682,6.2166061010848646,0,0,0,0,0,0,0,0,1,0,0,0,0
1,27,0,0,1,0,853,0,13,0,11089,0,0,0,0,0,0,0,0,0,729,169,0.7675064085921748,-inf,6.748759547491679,0,0,0,0,0,0,0,0,0,1,0,0,0
1,23,0,1,0,0,1117,559,12,0,13404,0,0,0,0,0,0,0,0,0,529,144,0.7649202325815845,6.326149473155099,7.018401799069201,0,0,0,0,0,0,0,0,1,0,0,0,0
1,24,1,0,0,0,2842,6167,12,0,34104,0,0,0,0,0,0,24,12,0,576,144,0.7656593846532138,8.726967774991493,7.952263308657046,0,0,0,0,0,0,0,0,1,0,0,0,0
1,20,1,0,0,1,1484,6943,11,0,16324,0,0,0,1484,0,11,20,11,0,400,121,0.7621881881912876,8.845489236753274,7.302496423727326,0,0,0,0,0,0,0,1,0,0,0,0,0
1,26,1,0,0,1,6788,672,10,0,67880,0,0,0,6788,0,10,26,10,0,676,100,0.7669447053037863,6.51025834052315,8.822911626354117,0,0,0,0,0,0,1,0,0,0,0,0,0
1,25,1,0,1,0,11536,36646,14,0,161504,0,0,0,0,0,0,25,14,0,625,196,0.7663313979847909,10.50905956084012,9.353227859524731,0,0,0,0,0,0,0,0,0,0,1,0,0
1,26,1,0,1,1,0,0,10,1,0,0,1,1,0,1,10,26,10,0,676,100,0.7669447053037863,-inf,-inf,0,0,0,0,0,0,1,0,0,0,0,0,0
1,20,1,0,0,1,0,8881,9,1,0,0,1,0,0,1,9,20,9,0,400,81,0.7621881881912876,9.091669442258505,-inf,0,0,0,0,0,1,0,0,0,0,0,0,0
1,31,1,0,0,1,4023,7382,4,0,16092,0,0,0,4023,0,4,31,4,0,961,16,0.7693452271015038,8.906799883589944,8.299783171949787,1,0,0,0,0,0,0,0,0,0,0,0,0
1,24,1,0,1,1,4078,0,10,0,40780,0,0,0,4078,0,10,24,10,0,576,100,0.7656593846532138,-inf,8.3133619511344,0,0,0,0,0,0,1,0,0,0,0,0,0
1,33,1,0,1,1,25142,4181,11,0,276562,0,0,0,25142,0,11,33,11,0,1089,121,0.7700760388896652,8.338305731356565,10.132295033474776,0,0,0,0,0,0,0,1,0,0,0,0,0
1,33,1,0,1,0,10941,15952,12,0,131292,0,0,0,0,0,0,33,12,0,1089,144,0.7700760388896652,9.67733949220162,9.30027247947679,0,0,0,0,0,0,0,0,1,0,0,0,0
0,23,1,0,0,1,0,0,10,1,0,0,1,0,0,1,10,23,10,0,529,100,0.7649202325815845,-inf,-inf,0,0,0,0,0,0,1,0,0,0,0,0,0
0,26,0,0,0,0,0,12383,12,1,0,0,0,0,0,0,0,0,0,0,676,144,0.7669447053037863,9.424079843215099,-inf,0,0,0,0,0,0,0,0,1,0,0,0,0
0,22,1,0,0,1,0,0,9,1,0,0,1,0,0,1,9,22,9,0,484,81,0.7641038566896158,-inf,-inf,0,0,0,0,0,1,0,0,0,0,0,0,0
0,34,1,0,0,1,4368,14051,9,0,39312,0,0,0,4368,0,9,34,9,0,1156,81,0.770404834768811,9.55044884660634,8.38206051742474,0,0,0,0,0,1,0,0,0,0,0,0,0
0,18,1,0,0,1,0,10740,9,1,0,0,1,0,0,1,9,18,9,0,324,81,0.7597790079157395,9.281730368062856,-inf,0,0,0,0,0,1,0,0,0,0,0,0,0
0,45,1,0,0,1,0,11796,11,1,0,0,1,0,0,1,11,45,11,0,2025,121,0.7729481710043233,9.375515769935166,-inf,0,0,0,0,0,0,0,1,0,0,0,0,0
0,18,1,0,0,1,0,9227,9,1,0,0,1,0,0,1,9,18,9,0,324,81,0.7597790079157395,9.129889247578555,-inf,0,0,0,0,0,1,0,0,0,0,0,0,0
0,27,1,0,0,0,2483,3552,12,0,29796,0,0,0,0,0,0,27,12,0,729,144,0.7675064085921748,8.17526610411206,7.817222785508166,0,0,0,0,0,0,0,0,1,0,0,0,0
0,24,0,0,0,1,0,10569,8,1,0,0,0,0,0,1,8,0,0,0,576,64,0.7656593846532138,9.265680467009346,-inf,0,0,0,0,1,0,0,0,0,0,0,0,0
0,34,1,0,1,1,0,6040,11,1,0,0,1,1,0,1,11,34,11,0,1156,121,0.770404834768811,8.706159290928861,-inf,0,0,0,0,0,0,0,1,0,0,0,0,0
0,20,1,0,0,0,8965,9199,13,0,116545,0,0,0,0,0,0,20,13,0,400,169,0.7621881881912876,9.126850061477157,9.101083386039234,0,0,0,0,0,0,0,0,0,1,0,0,0
0,24,0,1,0,1,0,3880,4,1,0,1,0,0,0,1,4,0,0,1,576,16,0.7656593846532138,8.263590432617319,-inf,1,0,0,0,0,0,0,0,0,0,0,0,0
0,28,0,0,0,0,803,16477,12,0,9636,0,0,0,0,0,0,0,0,0,784,144,0.7680225288978041,9.709720748057432,6.688354713946762,0,0,0,0,0,0,0,0,1,0,0,0,0
0,21,1,0,0,1,922,0,10,0,9220,0,0,0,922,0,10,21,10,0,441,100,0.7631981010781591,-inf,6.826545223556594,0,0,0,0,0,0,1,0,0,0,0,0,0
0,28,1,0,1,0,29009,10067,12,0,348108,0,0,0,0,0,0,28,12,0,784,144,0.7680225288978041,9.217018026729423,10.275361405649203,0,0,0,0,0,0,0,0,1,0,0,0,0
0,20,1,0,0,0,6004,4779,12,0,72048,0,0,0,0,0,0,20,12,0,400,144,0.7621881881912876,8.471986598578159,8.700181192753353,0,0,0,0,0,0,0,0,1,0,0,0,0
0,23,1,0,0,1,3403,0,8,0,27224,0,0,0,3403,0,8,23,8,0,529,64,0.7649202325815845,-inf,8.132412674500905,0,0,0,0,1,0,0,0,0,0,0,0,0
0,21,1,0,1,1,7244,8976,11,0,79684,0,0,0,7244,0,11,21,11,0,441,121,0.7631981010781591,9.102309627762478,8.887928819003305,0,0,0,0,0,0,0,1,0,0,0,0,0
0,36,1,0,0,1,0,0,10,1,0,0,1,0,0,1,10,36,10,0,1296,100,0.7710002635256802,-inf,-inf,0,0,0,0,0,0,1,0,0,0,0,0,0
0,18,0,0,0,0,735,2502,12,0,8820,0,0,0,0,0,0,0,0,0,324,144,0.7597790079157395,7.824845691026856,6.5998704992128365,0,0,0,0,0,0,0,0,1,0,0,0,0
0,21,1,0,0,0,0,5775,14,1,0,0,1,0,0,0,0,21,14,0,441,196,0.7631981010781591,8.661293535389994,-inf,0,0,0,0,0,0,0,0,0,0,1,0,0
0,30,1,0,0,0,5569,0,13,0,72397,0,0,0,0,0,0,30,13,0,900,169,0.7689378349730367,-inf,8.624970783589669,0,0,0,0,0,0,0,0,0,1,0,0,0
0,26,0,1,0,1,1491,0,11,0,16401,0,0,0,1491,0,11,0,0,0,676,121,0.7669447053037863,-inf,7.307202314764738,0,0,0,0,0,0,0,1,0,0,0,0,0
0,28,1,0,0,1,0,0,9,1,0,0,1,0,0,1,9,28,9,0,784,81,0.7680225288978041,-inf,-inf,0,0,0,0,0,1,0,0,0,0,0,0,0
0,31,0,0,0,1,10711,0,4,0,42844,0,0,0,10711,0,4,0,0,0,961,16,0.7693452271015038,-inf,9.27902652976463,1,0,0,0,0,0,0,0,0,0,0,0,0
0,18,1,0,0,0,642,14444,12,0,7704,0,0,0,0,0,0,18,12,0,324,144,0.7597790079157395,9.578034382397348,6.464588303689961,0,0,0,0,0,0,0,0,1,0,0,0,0
0,27,1,0,1,1,0,0,7,1,0,0,1,1,0,1,7,27,7,0,729,49,0.7675064085921748,-inf,-inf,0,0,0,1,0,0,0,0,0,0,0,0,0
0,19,0,0,0,1,0,0,11,1,0,0,0,0,0,1,11,0,0,0,361,121,0.7610559845010243,-inf,-inf,0,0,0,0,0,0,0,1,0,0,0,0,0
0,20,1,0,0,1,0,0,8,1,0,0,1,0,0,1,8,20,8,0,400,64,0.7621881881912876,-inf,-inf,0,0,0,0,1,0,0,0,0,0,0,0,0
0,28,1,0,0,1,10610,4623,8,0,84880,0,0,0,10610,0,8,28,8,0,784,64,0.7680225288978041,8.438799123988225,9.26955223160803,0,0,0,0,1,0,0,0,0,0,0,0,0
0,34,1,0,0,0,0,2113,12,1,0,0,1,0,0,0,0,34,12,0,1156,144,0.770404834768811,7.655864017616056,-inf,0,0,0,0,0,0,0,0,1,0,0,0,0
0,24,1,0,0,1,0,7618,10,1,0,0,1,0,0,1,10,24,10,0,576,100,0.7656593846532138,8.938269147038548,-inf,0,0,0,0,0,0,1,0,0,0,0,0,0
0,24,1,0,0,1,0,16461,9,1,0,0,1,0,0,1,9,24,9,0,576,81,0.7656593846532138,9.708749225727084,-inf,0,0,0,0,0,1,0,0,0,0,0,0,0
0,22,0,1,0,1,0,9920,8,1,0,1,0,0,0,1,8,0,0,1,484,64,0.7641038566896158,9.20230820027892,-inf,0,0,0,0,1,0,0,0,0,0,0,0,0
0,25,1,0,0,1,0,4196,11,1,0,0,1,0,0,1,11,25,11,0,625,121,0.7663313979847909,8.341886969516187,-inf,0,0,0,0,0,0,0,1,0,0,0,0,0
0,20,0,0,0,1,1177,8743,11,0,12947,0,0,0,1177,0,11,0,0,0,400,121,0.7621881881912876,9.076008659180891,7.0707241072602764,0,0,0,0,0,0,0,1,0,0,0,0,0
0,21,1,0,0,1,0,3343,9,1,0,0,1,0,0,1,9,21,9,0,441,81,0.7631981010781591,8.114623886420098,-inf,0,0,0,0,0,1,0,0,0,0,0,0,0
0,19,1,0,0,0,2814,1720,12,0,33768,0,0,0,0,0,0,19,12,0,361,144,0.7610559845010243,7.450079569807499,7.942362237674335,0,0,0,0,0,0,0,0,1,0,0,0,0
0,39,1,0,0,1,0,0,9,1,0,0,1,0,0,1,9,39,9,0,1521,81,0.7717639431497288,-inf,-inf,0,0,0,0,0,1,0,0,0,0,0,0,0
0,19,1,0,1,1,0,16658,9,1,0,0,1,1,0,1,9,19,9,0,361,81,0.7610559845010243,9.720645860495285,-inf,0,0,0,0,0,1,0,0,0,0,0,0,0
0,24,1,0,0,1,1307,0,10,0,13070,0,0,0,1307,0,10,24,10,0,576,100,0.7656593846532138,-inf,7.175489713624222,0,0,0,0,0,0,1,0,0,0,0,0,0
0,44,1,0,0,1,0,9722,9,1,0,0,1,0,0,1,9,44,9,0,1936,81,0.7727762920688575,9.1821466376054,-inf,0,0,0,0,0,1,0,0,0,0,0,0,0
0,23,1,0,0,1,1896,5573,11,0,20856,0,0,0,1896,0,11,23,11,0,529,121,0.7649202325815845,8.625688787569537,7.547501682814967,0,0,0,0,0,0,0,1,0,0,0,0,0
0,22,1,0,0,0,532,1333,12,0,6384,0,0,0,0,0,0,22,12,0,484,144,0.7641038566896158,7.195187320178709,6.2766434893416445,0,0,0,0,0,0,0,0,1,0,0,0,0
0,27,1,0,0,1,0,3783,8,1,0,0,1,0,0,1,8,27,8,0,729,64,0.7675064085921748,8.23827262463303,-inf,0,0,0,0,1,0,0,0,0,0,0,0,0
0,27,1,0,1,1,1122,215,11,0,12342,0,0,0,1122,0,11,27,11,0,729,121,0.7675064085921748,5.3706380281276624,7.022868086082641,0,0,0,0,0,0,0,1,0,0,0,0,0
0,18,1,0,0,1,1605,0,9,0,14445,0,0,0,1605,0,9,18,9,0,324,81,0.7597790079157395,-inf,7.380879035564116,0,0,0,0,0,1,0,0,0,0,0,0,0
0,25,1,0,0,1,0,3515,8,1,0,0,1,0,0,1,8,25,8,0,625,64,0.7663313979847909,8.164794804244766,-inf,0,0,0,0,1,0,0,0,0,0,0,0,0
0,31,1,0,0,1,0,17014,10,1,0,0,1,0,0,1,10,31,10,0,961,100,0.7693452271015038,9.74179181353583,-inf,0,0,0,0,0,0,1,0,0,0,0,0,0
0,28,1,0,0,1,6567,5435,10,0,65670,0,0,0,6567,0,10,28,10,0,784,100,0.7680225288978041,8.60061479955531,8.789812386190972,0,0,0,0,0,0,1,0,0,0,0,0,0
0,26,1,0,1,1,558,0,10,0,5580,0,0,0,558,0,10,26,10,0,676,100,0.7669447053037863,-inf,6.324358962381311,0,0,0,0,0,0,1,0,0,0,0,0,0
0,30,1,0,0,1,1706,0,8,0,13648,0,0,0,1706,0,8,30,8,0,900,64,0.7689378349730367,-inf,7.441906728051625,0,0,0,0,1,0,0,0,0,0,0,0,0
0,28,0,1,1,1,0,6771,11,1,0,1,0,1,0,1,11,0,0,1,784,121,0.7680225288978041,8.820404065485645,-inf,0,0,0,0,0,0,0,1,0,0,0,0,0
0,34,1,0,1,1,0,0,10,1,0,0,1,1,0,1,10,34,10,0,1156,100,0.770404834768811,-inf,-inf,0,0,0,0,0,0,1,0,0,0,0,0,0
0,21,0,1,0,1,0,0,7,1,0,1,0,0,0,1,7,0,0,1,441,49,0.7631981010781591,-inf,-inf,0,0,0,1,0,0,0,0,0,0,0,0,0
0,33,1,0,0,0,0,5970,12,1,0,0,1,0,0,0,0,33,12,0,1089,144,0.7700760388896652,8.694502206386648,-inf,0,0,0,0,0,0,0,0,1,0,0,0,0
0,19,1,0,0,1,1778,7171,9,0,16002,0,0,0,1778,0,9,19,9,0,361,81,0.7610559845010243,8.877800393882575,7.48324441607385,0,0,0,0,0,1,0,0,0,0,0,0,0
0,20,1,0,0,1,7967,0,11,0,87637,0,0,0,7967,0,11,20,11,0,400,121,0.7621881881912876,-inf,8.983063289380366,0,0,0,0,0,0,0,1,0,0,0,0,0
0,18,0,1,0,1,0,1859,10,1,0,1,0,0,0,1,10,0,0,1,324,100,0.7597790079157395,7.527793987721444,-inf,0,0,0,0,0,0,1,0,0,0,0,0,0
0,27,1,0,1,0,752,0,12,0,9024,0,0,0,0,0,0,27,12,0,729,144,0.7675064085921748,-inf,6.62273632394984,0,0,0,0,0,0,0,0,1,0,0,0,0
0,26,1,0,1,0,0,6191,12,1,0,0,1,1,0,0,0,26,12,0,676,144,0.7669447053037863,8.730851903519232,-inf,0,0,0,0,0,0,0,0,1,0,0,0,0
0,24,1,0,0,1,9662,0,9,0,86958,0,0,0,9662,0,9,24,9,0,576,81,0.7656593846532138,-inf,9.175955945114351,0,0,0,0,0,1,0,0,0,0,0,0,0
0,31,1,0,0,0,0,7284,12,1,0,0,1,0,0,0,0,31,12,0,961,144,0.7693452271015038,8.8934354408475,-inf,0,0,0,0,0,0,0,0,1,0,0,0,0
0,22,1,0,0,0,2158,0,12,0,25896,0,0,0,0,0,0,22,12,0,484,144,0.7641038566896158,-inf,7.67693714581808,0,0,0,0,0,0,0,0,1,0,0,0,0
0,28,1,0,0,0,6539,3123,14,0,91546,0,0,0,0,0,0,28,14,0,784,196,0.7680225288978041,8.046549357283078,8.785539527561276,0,0,0,0,0,0,0,0,0,0,1,0,0
0,35,1,0,0,1,0,445,10,1,0,0,1,0,0,1,10,35,10,0,1225,100,0.7707122625040681,6.09807428216624,-inf,0,0,0,0,0,0,1,0,0,0,0,0,0
0,20,1,0,0,0,0,0,12,1,0,0,1,0,0,0,0,20,12,0,400,144,0.7621881881912876,-inf,-inf,0,0,0,0,0,0,0,0,1,0,0,0,0
0,30,0,0,0,1,3141,1320,9,0,28269,0,0,0,3141,0,9,0,0,0,900,81,0.7689378349730367,7.1853870155804165,8.052296499538647,0,0,0,0,0,1,0,0,0,0,0,0,0
0,25,1,0,0,1,0,0,11,1,0,0,1,0,0,1,11,25,11,0,625,121,0.7663313979847909,-inf,-inf,0,0,0,0,0,0,0,1,0,0,0,0,0
0,25,1,0,0,1,0,7367,10,1,0,0,1,0,0,1,10,25,10,0,625,100,0.7663313979847909,8.904765846682814,-inf,0,0,0,0,0,0,1,0,0,0,0,0,0
0,35,1,0,0,1,0,0,11,1,0,0,1,0,0,1,11,35,11,0,1225,121,0.7707122625040681,-inf,-inf,0,0,0,0,0,0,0,1,0,0,0,0,0
0,22,1,0,0,1,6150,0,8,0,49200,0,0,0,6150,0,8,22,8,0,484,64,0.7641038566896158,-inf,8.724207360800564,0,0,0,0,1,0,0,0,0,0,0,0,0
0,21,1,0,0,0,449,0,12,0,5388,0,0,0,0,0,0,21,12,0,441,144,0.7631981010781591,-inf,6.1070228877422545,0,0,0,0,0,0,0,0,1,0,0,0,0
0,20,1,0,0,1,0,2015,10,1,0,0,1,0,0,1,10,20,10,0,400,100,0.7621881881912876,7.608374474380783,-inf,0,0,0,0,0,0,1,0,0,0,0,0,0
0,21,1,0,0,1,2237,1764,8,0,17896,0,0,0,2237,0,8,21,8,0,441,64,0.7631981010781591,7.475339236566737,7.71289096149013,0,0,0,0,1,0,0,0,0,0,0,0,0
0,25,0,1,0,1,0,15791,9,1,0,1,0,0,0,1,9,0,0,1,625,81,0.7663313979847909,9.667195436466644,-inf,0,0,0,0,0,1,0,0,0,0,0,0,0
0,24,0,1,0,1,3000,5350,10,0,30000,0,0,0,3000,0,10,0,0,0,576,100,0.7656593846532138,8.584851839890053,8.006367567650246,0,0,0,0,0,0,1,0,0,0,0,0,0
0,33,1,0,0,1,2899,18859,11,0,31889,0,0,0,2899,0,11,33,11,0,1089,121,0.7700760388896652,9.844745532512365,7.972121128921655,0,0,0,0,0,0,0,1,0,0,0,0,0
0,21,1,0,0,1,12357,0,9,0,111213,0,0,0,12357,0,9,21,9,0,441,81,0.7631981010781591,-inf,9.42197798310419,0,0,0,0,0,1,0,0,0,0,0,0,0
0,27,1,0,1,1,4491,0,11,0,49401,0,0,0,4491,0,11,27,11,0,729,121,0.7675064085921748,-inf,8.409830673087738,0,0,0,0,0,0,0,1,0,0,0,0,0
0,27,1,0,0,1,0,1135,10,1,0,0,1,0,0,1,10,27,10,0,729,100,0.7675064085921748,7.034387929915503,-inf,0,0,0,0,0,0,1,0,0,0,0,0,0
0,20,0,1,0,1,0,6378,11,1,0,1,0,0,0,1,11,0,0,1,400,121,0.7621881881912876,8.760609847570002,-inf,0,0,0,0,0,0,0,1,0,0,0,0,0
0,25,1,0,0,0,10240,10020,13,0,133120,0,0,0,0,0,0,25,13,0,625,169,0.7663313979847909,9.212338374638856,9.234056898593499,0,0,0,0,0,0,0,0,0,1,0,0,0
0,18,1,0,0,1,645,5497,11,0,7095,0,0,0,645,0,11,18,11,0,324,121,0.7597790079157395,8.61195776786066,6.4692503167957724,0,0,0,0,0,0,0,1,0,0,0,0,0
0,26,1,0,0,1,0,7176,11,1,0,0,1,0,0,1,11,26,11,0,676,121,0.7669447053037863,8.878497403738631,-inf,0,0,0,0,0,0,0,1,0,0,0,0,0
0,38,1,0,0,1,0,0,8,1,0,0,1,0,0,1,8,38,8,0,1444,64,0.7715246626395021,-inf,-inf,0,0,0,0,1,0,0,0,0,0,0,0,0
0,21,1,0,1,1,7652,8396,11,0,84172,0,0,0,7652,0,11,21,11,0,441,121,0.7631981010781591,9.035510680940524,8.942722330560143,0,0,0,0,0,0,0,1,0,0,0,0,0
0,34,1,0,0,1,8912,5611,11,0,98032,0,0,0,8912,0,11,34,11,0,1156,121,0.770404834768811,8.632484235750972,9.095153962167066,0,0,0,0,0,0,0,1,0,0,0,0,0
0,21,1,0,0,1,1162,39483,10,0,11620,0,0,0,1162,0,10,21,10,0,441,100,0.7631981010781591,10.583625478502434,7.057897937411856,0,0,0,0,0,0,1,0,0,0,0,0,0
0,31,1,0,0,0,10393,7404,13,0,135109,0,0,0,0,0,0,31,13,0,961,169,0.7693452271015038,8.909775673693389,9.248887781588422,0,0,0,0,0,0,0,0,0,1,0,0,0
0,34,1,0,0,1,0,7952,10,1,0,0,1,0,0,1,10,34,10,0,1156,100,0.770404834768811,8.98117874833641,-inf,0,0,0,0,0,0,1,0,0,0,0,0,0
0,25,1,0,0,1,3649,0,11,0,40139,0,0,0,3649,0,11,25,11,0,625,121,0.7663313979847909,-inf,8.202208436436448,0,0,0,0,0,0,0,1,0,0,0,0,0
0,24,1,0,0,1,1275,8644,9,0,11475,0,0,0,1275,0,9,24,9,0,576,81,0.7656593846532138,9.064620717626777,7.150701457592526,0,0,0,0,0,1,0,0,0,0,0,0,0
0,19,1,0,0,0,0,0,12,1,0,0,1,0,0,0,0,19,12,0,361,144,0.7610559845010243,-inf,-inf,0,0,0,0,0,0,0,0,1,0,0,0,0
0,32,1,0,0,1,0,7152,8,1,0,0,1,0,0,1,8,32,8,0,1024,64,0.7697236723994276,8.87514731685335,-inf,0,0,0,0,1,0,0,0,0,0,0,0,0
0,20,0,1,0,1,0,8329,9,1,0,1,0,0,0,1,9,0,0,1,400,81,0.7621881881912876,9.02749867993534,-inf,0,0,0,0,0,1,0,0,0,0,0,0,0
0,23,1,0,0,1,0,0,10,1,0,0,1,0,0,1,10,23,10,0,529,100,0.7649202325815845,-inf,-inf,0,0,0,0,0,0,1,0,0,0,0,0,0
0,38,1,0,0,1,0,12429,10,1,0,0,1,0,0,1,10,38,10,0,1444,100,0.7715246626395021,9.42778773074551,-inf,0,0,0,0,0,0,1,0,0,0,0,0,0
0,24,1,0,0,1,0,0,11,1,0,0,1,0,0,1,11,24,11,0,576,121,0.7656593846532138,-inf,-inf,0,0,0,0,0,0,0,1,0,0,0,0,0
0,19,0,1,0,1,1197,11223,10,0,11970,0,0,0,1197,0,10,0,0,0,361,100,0.7610559845010243,9.325720523016257,7.087573705557973,0,0,0,0,0,0,1,0,0,0,0,0,0
0,23,1,0,0,1,0,5088,11,1,0,0,1,0,0,1,11,23,11,0,529,121,0.7649202325815845,8.534640105019959,-inf,0,0,0,0,0,0,0,1,0,0,0,0,0
0,20,0,1,0,1,0,4374,7,1,0,1,0,0,0,1,7,0,0,1,400,49,0.7621881881912876,8.383433201236713,-inf,0,0,0,1,0,0,0,0,0,0,0,0,0
0,25,1,0,1,1,9319,0,10,0,93190,0,0,0,9319,0,10,25,10,0,625,100,0.7663313979847909,-inf,9.139810605785655,0,0,0,0,0,0,1,0,0,0,0,0,0
0,21,1,0,0,1,0,1553,11,1,0,0,1,0,0,1,11,21,11,0,441,121,0.7631981010781591,7.347943823148687,-inf,0,0,0,0,0,0,0,1,0,0,0,0,0
0,25,1,0,0,1,0,0,10,1,0,0,1,0,0,1,10,25,10,0,625,100,0.7663313979847909,-inf,-inf,0,0,0,0,0,0,1,0,0,0,0,0,0
0,22,1,0,1,1,0,1698,11,1,0,0,1,1,0,1,11,22,11,0,484,121,0.7641038566896158,7.437206366871292,-inf,0,0,0,0,0,0,0,1,0,0,0,0,0
0,29,0,1,0,1,16341,16900,9,0,147069,0,0,0,16341,0,9,0,0,0,841,81,0.7684982022903364,9.735068900911164,9.701432566051784,0,0,0,0,0,1,0,0,0,0,0,0,0
0,21,1,0,0,1,1862,11630,11,0,20482,0,0,0,1862,0,11,21,11,0,441,121,0.7631981010781591,9.36134324551271,7.529406457837013,0,0,0,0,0,0,0,1,0,0,0,0,0
0,21,1,0,0,1,0,11011,7,1,0,0,1,0,0,1,7,21,7,0,441,49,0.7631981010781591,9.306650052113591,-inf,0,0,0,1,0,0,0,0,0,0,0,0,0
0,23,1,0,0,1,0,0,11,1,0,0,1,0,0,1,11,23,11,0,529,121,0.7649202325815845,-inf,-inf,0,0,0,0,0,0,0,1,0,0,0,0,0
0,20,1,0,0,0,1371,20893,12,0,16452,0,0,0,0,0,0,20,12,0,400,144,0.7621881881912876,9.947169453622251,7.223295679562314,0,0,0,0,0,0,0,0,1,0,0,0,0
0,21,0,1,0,1,8920,20857,11,0,98120,0,0,0,8920,0,11,0,0,0,441,121,0.7631981010781591,9.945444902296636,9.096051225574055,0,0,0,0,0,0,0,1,0,0,0,0,0
0,26,1,0,0,0,7322,4677,12,0,87864,0,0,0,0,0,0,26,12,0,676,144,0.7669447053037863,8.450412157725886,8.898638793680181,0,0,0,0,0,0,0,0,1,0,0,0,0
0,24,0,0,0,0,0,11294,12,1,0,0,0,0,0,0,0,0,0,0,576,144,0.7656593846532138,9.332026890232783,-inf,0,0,0,0,0,0,0,0,1,0,0,0,0
0,43,1,0,0,1,4128,7565,10,0,41280,0,0,0,4128,0,10,43,10,0,1849,100,0.7725952537136701,8.931287626222456,8.325548307161398,0,0,0,0,0,0,1,0,0,0,0,0,0
0,31,1,0,0,1,1726,0,11,0,18986,0,0,0,1726,0,11,31,11,0,961,121,0.7693452271015038,-inf,7.453561871643373,0,0,0,0,0,0,0,1,0,0,0,0,0
0,22,1,0,0,1,2707,100,11,0,29777,0,0,0,2707,0,11,22,11,0,484,121,0.7641038566896158,4.605170185988092,7.903596289614301,0,0,0,0,0,0,0,1,0,0,0,0,0
0,29,1,0,0,1,0,0,11,1,0,0,1,0,0,1,11,29,11,0,841,121,0.7684982022903364,-inf,-inf,0,0,0,0,0,0,0,1,0,0,0,0,0
0,24,1,0,0,1,0,14626,11,1,0,0,1,0,0,1,11,24,11,0,576,121,0.7656593846532138,9.590556045830896,-inf,0,0,0,0,0,0,0,1,0,0,0,0,0
0,22,1,0,0,1,0,12898,9,1,0,0,1,0,0,1,9,22,9,0,484,81,0.7641038566896158,9.464827539570322,-inf,0,0,0,0,0,1,0,0,0,0,0,0,0
0,19,1,0,0,1,8870,7396,11,0,97570,0,0,0,8870,0,11,19,11,0,361,121,0.7610559845010243,8.908694592507015,9.090430075303626,0,0,0,0,0,0,0,1,0,0,0,0,0
0,28,1,0,0,1,0,5767,11,1,0,0,1,0,0,1,11,28,11,0,784,121,0.7680225288978041,8.659907293615413,-inf,0,0,0,0,0,0,0,1,0,0,0,0,0
0,18,0,1,0,1,0,6527,10,1,0,1,0,0,0,1,10,0,0,1,324,100,0.7597790079157395,8.783702698635217,-inf,0,0,0,0,0,0,1,0,0,0,0,0,0
0,18,1,0,0,1,2138,5767,9,0,19242,0,0,0,2138,0,9,18,9,0,324,81,0.7597790079157395,8.659907293615413,7.6676260915849905,0,0,0,0,0,1,0,0,0,0,0,0,0
0,26,1,0,0,1,0,3931,10,1,0,0,1,0,0,1,10,26,10,0,676,100,0.7669447053037863,8.27664912542186,-inf,0,0,0,0,0,0,1,0,0,0,0,0,0
0,25,1,0,0,1,0,20942,10,1,0,0,1,0,0,1,10,25,10,0,625,100,0.7663313979847909,9.949511990847407,-inf,0,0,0,0,0,0,1,0,0,0,0,0,0
0,26,1,0,0,0,8479,10820,12,0,101748,0,0,0,0,0,0,26,12,0,676,144,0.7669447053037863,9.289151552400472,9.045347797304004,0,0,0,0,0,0,0,0,1,0,0,0,0
0,23,1,0,0,1,29897,23483,11,0,328867,0,0,0,29897,0,11,23,11,0,529,121,0.7649202325815845,10.064032034093815,10.30551341989678,0,0,0,0,0,0,0,1,0,0,0,0,0
0,20,0,1,0,1,1124,11731,8,0,8992,0,0,0,1124,0,8,0,0,0,400,64,0.7621881881912876,9.369990189505721,7.024649030453636,0,0,0,0,1,0,0,0,0,0,0,0,0
0,24,1,0,0,1,0,0,10,1,0,0,1,0,0,1,10,24,10,0,576,100,0.7656593846532138,-inf,-inf,0,0,0,0,0,0,1,0,0,0,0,0,0
0,27,1,0,0,0,8797,1653,13,0,114361,0,0,0,0,0,0,27,13,0,729,169,0.7675064085921748,7.410347097821024,9.082166033252674,0,0,0,0,0,0,0,0,0,1,0,0,0
0,26,1,0,0,1,0,0,5,1,0,0,1,0,0,1,5,26,5,0,676,25,0.7669447053037863,-inf,-inf,0,1,0,0,0,0,0,0,0,0,0,0,0
0,37,1,0,0,1,8606,0,10,0,86060,0,0,0,8606,0,10,37,10,0,1369,100,0.771270555358959,-inf,9.060214913398545,0,0,0,0,0,0,1,0,0,0,0,0,0
0,36,1,0,0,1,0,14690,10,1,0,0,1,0,0,1,10,36,10,0,1296,100,0.7710002635256802,9.594922269167922,-inf,0,0,0,0,0,0,1,0,0,0,0,0,0
0,22,1,0,0,1,0,0,11,1,0,0,1,0,0,1,11,22,11,0,484,121,0.7641038566896158,-inf,-inf,0,0,0,0,0,0,0,1,0,0,0,0,0
0,22,1,0,0,1,506,604,9,0,4554,0,0,0,506,0,9,22,9,0,484,81,0.7641038566896158,6.403574197934815,6.226536669287466,0,0,0,0,0,1,0,0,0,0,0,0,0
0,25,1,0,0,0,0,3418,12,1,0,0,1,0,0,0,0,25,12,0,625,144,0.7663313979847909,8.136810863675537,-inf,0,0,0,0,0,0,0,0,1,0,0,0,0
0,22,1,0,0,1,1765,0,10,0,17650,0,0,0,1765,0,10,22,10,0,484,100,0.7641038566896158,-inf,7.475905969367397,0,0,0,0,0,0,1,0,0,0,0,0,0
0,27,1,0,0,1,0,11197,11,1,0,0,1,0,0,1,11,27,11,0,729,121,0.7675064085921748,9.323401164260197,-inf,0,0,0,0,0,0,0,1,0,0,0,0,0
0,29,1,0,0,1,0,0,8,1,0,0,1,0,0,1,8,29,8,0,841,64,0.7684982022903364,-inf,-inf,0,0,0,0,1,0,0,0,0,0,0,0,0
0,18,1,0,0,1,2006,6546,9,0,18054,0,0,0,2006,0,9,18,9,0,324,81,0.7597790079157395,8.786609455061125,7.603897968521881,0,0,0,0,0,1,0,0,0,0,0,0,0
0,24,1,0,0,0,0,0,12,1,0,0,1,0,0,0,0,24,12,0,576,144,0.7656593846532138,-inf,-inf,0,0,0,0,0,0,0,0,1,0,0,0,0
0,27,0,1,0,1,1596,6723,9,0,14364,0,0,0,1596,0,9,0,0,0,729,81,0.7675064085921748,8.813289762469037,7.3752557780097545,0,0,0,0,0,1,0,0,0,0,0,0,0
0,19,1,0,0,1,902,1914,9,0,8118,0,0,0,902,0,9,19,9,0,361,81,0.7610559845010243,7.5569505720129,6.804614520062624,0,0,0,0,0,1,0,0,0,0,0,0,0
0,22,1,0,0,1,0,0,10,1,0,0,1,0,0,1,10,22,10,0,484,100,0.7641038566896158,-inf,-inf,0,0,0,0,0,0,1,0,0,0,0,0,0
0,29,1,0,0,0,1359,132,12,0,16308,0,0,0,0,0,0,29,12,0,841,144,0.7684982022903364,4.882801922586371,7.214504414151143,0,0,0,0,0,0,0,0,1,0,0,0,0
0,30,1,0,1,1,9311,3982,11,0,102421,0,0,0,9311,0,11,30,11,0,900,121,0.7689378349730367,8.289539484624141,9.138951775888529,0,0,0,0,0,0,0,1,0,0,0,0,0
0,22,1,0,0,1,13503,11607,7,0,94521,0,0,0,13503,0,7,22,7,0,484,49,0.7641038566896158,9.359363643368622,9.510667161961042,0,0,0,1,0,0,0,0,0,0,0,0,0
0,24,1,0,0,1,0,1455,7,1,0,0,1,0,0,1,7,24,7,0,576,49,0.7656593846532138,7.282761179605593,-inf,0,0,0,1,0,0,0,0,0,0,0,0,0
0,29,1,0,0,0,3357,7226,14,0,46998,0,0,0,0,0,0,29,14,0,841,196,0.7684982022903364,8.885440911707585,8.118802996980035,0,0,0,0,0,0,0,0,0,0,1,0,0
0,29,1,0,0,0,0,1890,12,1,0,0,1,0,0,0,0,29,12,0,841,144,0.7684982022903364,7.5443321080536885,-inf,0,0,0,0,0,0,0,0,1,0,0,0,0
0,22,1,0,0,1,1321,2639,11,0,14531,0,0,0,1321,0,11,22,11,0,484,121,0.7641038566896158,7.878155336503324,7.186144304522325,0,0,0,0,0,0,0,1,0,0,0,0,0
0,25,0,1,1,1,0,4485,11,1,0,1,0,1,0,1,11,0,0,1,625,121,0.7663313979847909,8.408493774492896,-inf,0,0,0,0,0,0,0,1,0,0,0,0,0
0,30,1,0,0,0,0,13613,12,1,0,0,1,0,0,0,0,30,12,0,900,144,0.7689378349730367,9.518780497512473,-inf,0,0,0,0,0,0,0,0,1,0,0,0,0
0,22,1,0,0,1,0,1390,8,1,0,0,1,0,0,1,8,22,8,0,484,64,0.7641038566896158,7.237059026124737,-inf,0,0,0,0,1,0,0,0,0,0,0,0,0
0,55,1,0,0,1,0,5843,3,1,0,0,1,0,0,1,3,55,3,0,3025,9,0.7742817476364419,8.672999642554437,-inf,0,0,0,0,0,0,0,0,0,0,0,0,0
0,35,1,0,0,1,9902,9453,10,0,99020,0,0,0,9902,0,10,35,10,0,1225,100,0.7707122625040681,9.154087430425385,9.200492035921368,0,0,0,0,0,0,1,0,0,0,0,0,0
0,20,1,0,0,1,0,8598,10,1,0,0,1,0,0,1,10,20,10,0,400,100,0.7621881881912876,9.059284897056227,-inf,0,0,0,0,0,0,1,0,0,0,0,0,0
0,29,1,0,0,1,1203,9378,9,0,10827,0,0,0,1203,0,9,29,9,0,841,81,0.7684982022903364,9.146121799649531,7.0925737159746784,0,0,0,0,0,1,0,0,0,0,0,0,0
0,20,1,0,0,1,3470,7896,11,0,38170,0,0,0,3470,0,11,20,11,0,400,121,0.7621881881912876,8.974111581113318,8.151909872940905,0,0,0,0,0,0,0,1,0,0,0,0,0
0,27,1,0,0,1,2129,0,9,0,19161,0,0,0,2129,0,9,27,9,0,729,81,0.7675064085921748,-inf,7.663407664893479,0,0,0,0,0,1,0,0,0,0,0,0,0
0,28,1,0,1,1,6449,16988,10,0,64490,0,0,0,6449,0,10,28,10,0,784,100,0.7680225288978041,9.740262491433162,8.771680359010377,0,0,0,0,0,0,1,0,0,0,0,0,0
0,20,1,0,0,1,2531,0,11,0,27841,0,0,0,2531,0,11,20,11,0,400,121,0.7621881881912876,-inf,7.836369760545124,0,0,0,0,0,0,0,1,0,0,0,0,0
0,26,1,0,1,0,2025,0,14,0,28350,0,0,0,0,0,0,26,14,0,676,196,0.7669447053037863,-inf,7.613324979540639,0,0,0,0,0,0,0,0,0,0,1,0,0
0,19,0,1,0,1,1087,2987,8,0,8696,0,0,0,1087,0,8,0,0,0,361,64,0.7610559845010243,8.00202481821611,6.99117688712121,0,0,0,0,1,0,0,0,0,0,0,0,0
0,34,1,0,0,1,0,2920,11,1,0,0,1,0,0,1,11,34,11,0,1156,121,0.770404834768811,7.979338895262328,-inf,0,0,0,0,0,0,0,1,0,0,0,0,0
0,22,1,0,0,0,0,0,12,1,0,0,1,0,0,0,0,22,12,0,484,144,0.7641038566896158,-inf,-inf,0,0,0,0,0,0,0,0,1,0,0,0,0
0,32,0,1,1,0,0,6735,12,1,0,1,0,1,0,0,0,0,0,1,1024,144,0.7697236723994276,8.815073088844464,-inf,0,0,0,0,0,0,0,0,1,0,0,0,0
0,19,1,0,0,1,1868,0,11,0,20548,0,0,0,1868,0,11,19,11,0,361,121,0.7610559845010243,-inf,7.532623618788788,0,0,0,0,0,0,0,1,0,0,0,0,0
0,31,1,0,0,1,0,0,10,1,0,0,1,0,0,1,10,31,10,0,961,100,0.7693452271015038,-inf,-inf,0,0,0,0,0,0,1,0,0,0,0,0,0
0,18,1,0,0,1,0,0,9,1,0,0,1,0,0,1,9,18,9,0,324,81,0.7597790079157395,-inf,-inf,0,0,0,0,0,1,0,0,0,0,0,0,0
0,28,1,0,0,1,4479,128,10,0,44790,0,0,0,4479,0,10,28,10,0,784,100,0.7680225288978041,4.852030263919617,8.4071550862073,0,0,0,0,0,0,1,0,0,0,0,0,0
0,32,1,0,0,0,12419,10673,12,0,149028,0,0,0,0,0,0,32,12,0,1024,144,0.7697236723994276,9.275472466913964,9.426982836948033,0,0,0,0,0,0,0,0,1,0,0,0,0
0,50,0,1,0,1,0,0,10,1,0,1,0,0,0,1,10,0,0,1,2500,100,0.7736910470413859,-inf,-inf,0,0,0,0,0,0,1,0,0,0,0,0,0
0,20,1,0,0,0,591,4159,12,0,7092,0,0,0,0,0,0,20,12,0,400,144,0.7621881881912876,8.33302993974291,6.3818160174060985,0,0,0,0,0,0,0,0,1,0,0,0,0
0,25,1,0,1,1,0,44,11,1,0,0,1,1,0,1,11,25,11,0,625,121,0.7663313979847909,3.784189633918261,-inf,0,0,0,0,0,0,0,1,0,0,0,0,0
0,23,1,0,1,1,0,0,10,1,0,0,1,1,0,1,10,23,10,0,529,100,0.7649202325815845,-inf,-inf,0,0,0,0,0,0,1,0,0,0,0,0,0
0,21,1,0,0,0,5926,29408,14,0,82964,0,0,0,0,0,0,21,14,0,441,196,0.7631981010781591,10.289022025155413,8.68710472813351,0,0,0,0,0,0,0,0,0,0,1,0,0
0,38,1,0,0,1,0,0,10,1,0,0,1,0,0,1,10,38,10,0,1444,100,0.7715246626395021,-inf,-inf,0,0,0,0,0,0,1,0,0,0,0,0,0
0,25,0,1,0,1,1177,9722,7,0,8239,0,0,0,1177,0,7,0,0,0,625,49,0.7663313979847909,9.1821466376054,7.0707241072602764,0,0,0,1,0,0,0,0,0,0,0,0,0
0,25,1,0,1,1,0,3701,10,1,0,0,1,1,0,1,10,25,10,0,625,100,0.7663313979847909,8.216358332386156,-inf,0,0,0,0,0,0,1,0,0,0,0,0,0
0,29,1,0,0,0,2080,16969,12,0,24960,0,0,0,0,0,0,29,12,0,841,144,0.7684982022903364,9.739143428972826,7.640123172695364,0,0,0,0,0,0,0,0,1,0,0,0,0
0,42,1,0,0,1,0,6930,10,1,0,0,1,0,0,1,10,42,10,0,1764,100,0.7724043373709714,8.84361509218395,-inf,0,0,0,0,0,0,1,0,0,0,0,0,0
0,39,1,0,1,0,0,3795,12,1,0,0,1,1,0,0,0,39,12,0,1521,144,0.7717639431497288,8.24143968982973,-inf,0,0,0,0,0,0,0,0,1,0,0,0,0
0,27,1,0,1,1,20035,9074,11,0,220385,0,0,0,20035,0,11,27,11,0,729,121,0.7675064085921748,9.113168460223909,9.905236023070245,0,0,0,0,0,0,0,1,0,0,0,0,0
0,34,1,0,1,0,0,5193,13,1,0,0,1,1,0,0,0,34,13,0,1156,169,0.770404834768811,8.555066843844319,-inf,0,0,0,0,0,0,0,0,0,1,0,0,0
0,25,1,0,1,1,3266,479,11,0,35926,0,0,0,3266,0,11,25,11,0,625,121,0.7663313979847909,6.171700597410915,8.09132127353041,0,0,0,0,0,0,0,1,0,0,0,0,0
0,28,1,0,0,1,10068,0,10,0,100680,0,0,0,10068,0,10,28,10,0,784,100,0.7680225288978041,-inf,9.217117356255207,0,0,0,0,0,0,1,0,0,0,0,0,0
0,24,1,0,0,1,0,2193,7,1,0,0,1,0,0,1,7,24,7,0,576,49,0.7656593846532138,7.693025748417888,-inf,0,0,0,1,0,0,0,0,0,0,0,0,0
0,32,1,0,0,1,0,11120,11,1,0,0,1,0,0,1,11,32,11,0,1024,121,0.7697236723994276,9.316500567804573,-inf,0,0,0,0,0,0,0,1,0,0,0,0,0
0,27,1,0,0,0,0,7609,13,1,0,0,1,0,0,0,0,27,13,0,729,169,0.7675064085921748,8.937087036176523,-inf,0,0,0,0,0,0,0,0,0,1,0,0,0
0,20,1,0,0,0,4932,6086,12,0,59184,0,0,0,0,0,0,20,12,0,400,144,0.7621881881912876,8.713746330456916,8.503499864284235,0,0,0,0,0,0,0,0,1,0,0,0,0
0,29,1,0,0,0,2265,2725,13,0,29445,0,0,0,0,0,0,29,13,0,841,169,0.7684982022903364,7.9102237070973445,7.725330037917135,0,0,0,0,0,0,0,0,0,1,0,0,0
0,26,1,0,0,1,0,2169,10,1,0,0,1,0,0,1,10,26,10,0,676,100,0.7669447053037863,7.682021510826875,-inf,0,0,0,0,0,0,1,0,0,0,0,0,0
0,44,1,0,0,1,0,0,11,1,0,0,1,0,0,1,11,44,11,0,1936,121,0.7727762920688575,-inf,-inf,0,0,0,0,0,0,0,1,0,0,0,0,0
0,24,1,0,0,1,4118,597,9,0,37062,0,0,0,4118,0,9,24,9,0,576,81,0.7656593846532138,6.391917113392602,8.323122887587735,0,0,0,0,0,1,0,0,0,0,0,0,0
0,28,0,0,1,1,6346,6793,10,0,63460,0,0,0,6346,0,10,0,0,0,784,100,0.7680225288978041,8.823647949191303,8.75557997214314,0,0,0,0,0,0,1,0,0,0,0,0,0
0,24,1,0,0,1,1327,9495,11,0,14597,0,0,0,1327,0,11,24,11,0,576,121,0.7656593846532138,9.158520623246385,7.190676034332207,0,0,0,0,0,0,0,1,0,0,0,0,0
0,25,1,0,0,1,0,1264,11,1,0,0,1,0,0,1,11,25,11,0,625,121,0.7663313979847909,7.142036574706803,-inf,0,0,0,0,0,0,0,1,0,0,0,0,0
0,25,1,0,1,1,515,14281,8,0,4120,0,0,0,515,0,8,25,8,0,625,64,0.7663313979847909,9.566685261452934,6.244166900663736,0,0,0,0,1,0,0,0,0,0,0,0,0
0,23,1,0,0,1,5716,10274,11,0,62876,0,0,0,5716,0,11,23,11,0,529,121,0.7649202325815845,9.237371711027214,8.651024539049757,0,0,0,0,0,0,0,1,0,0,0,0,0
0,20,1,0,0,1,1650,278,11,0,18150,0,0,0,1650,0,11,20,11,0,400,121,0.7621881881912876,5.627621113690637,7.408530566894626,0,0,0,0,0,0,0,1,0,0,0,0,0
0,24,1,0,0,0,8100,11235,12,0,97200,0,0,0,0,0,0,24,12,0,576,144,0.7656593846532138,9.326789184619429,8.99961934066053,0,0,0,0,0,0,0,0,1,0,0,0,0
0,20,0,0,1,1,8159,6336,11,0,89749,0,0,0,8159,0,11,0,0,0,400,121,0.7621881881912876,8.754002933494261,9.0068768914288,0,0,0,0,0,0,0,1,0,0,0,0,0
0,25,1,0,0,0,0,0,12,1,0,0,1,0,0,0,0,25,12,0,625,144,0.7663313979847909,-inf,-inf,0,0,0,0,0,0,0,0,1,0,0,0,0
0,28,1,0,0,1,863,0,11,0,9493,0,0,0,863,0,11,28,11,0,784,121,0.7680225288978041,-inf,6.760414691083428,0,0,0,0,0,0,0,1,0,0,0,0,0
0,28,1,0,1,0,0,0,12,1,0,0,1,1,0,0,0,28,12,0,784,144,0.7680225288978041,-inf,-inf,0,0,0,0,0,0,0,0,1,0,0,0,0
0,21,0,0,0,0,5440,11544,12,0,65280,0,0,0,0,0,0,0,0,0,441,144,0.7631981010781591,9.353921100453707,8.601534339849989,0,0,0,0,0,0,0,0,1,0,0,0,0
0,24,0,0,0,1,1468,10361,11,0,16148,0,0,0,1468,0,11,0,0,0,576,121,0.7656593846532138,9.245804036251752,7.291656209174461,0,0,0,0,0,0,0,1,0,0,0,0,0
0,32,1,0,0,1,0,0,10,1,0,0,1,0,0,1,10,32,10,0,1024,100,0.7697236723994276,-inf,-inf,0,0,0,0,0,0,1,0,0,0,0,0,0
0,21,1,0,1,1,1785,6831,10,0,17850,0,0,0,1785,0,10,21,10,0,441,100,0.7631981010781591,8.82922635473185,7.487173694213739,0,0,0,0,0,0,1,0,0,0,0,0,0
0,21,1,0,0,1,6608,3083,8,0,52864,0,0,0,6608,0,8,21,8,0,441,64,0.7631981010781591,8.03365842788615,8.796036315200814,0,0,0,0,1,0,0,0,0,0,0,0,0
0,25,1,0,1,1,11696,11127,10,0,116960,0,0,0,11696,0,10,25,10,0,625,100,0.7663313979847909,9.3171298661577,9.36700218198956,0,0,0,0,0,0,1,0,0,0,0,0,0
0,22,0,0,1,1,23031,5448,10,0,230310,0,0,0,23031,0,10,0,0,0,484,100,0.7641038566896158,8.60300384782935,10.044596413496008,0,0,0,0,0,0,1,0,0,0,0,0,0
0,22,1,0,0,1,0,0,10,1,0,0,1,0,0,1,10,22,10,0,484,100,0.7641038566896158,-inf,-inf,0,0,0,0,0,0,1,0,0,0,0,0,0
0,19,1,0,0,1,0,5712,9,1,0,0,1,0,0,1,9,19,9,0,361,81,0.7610559845010243,8.65032450401942,-inf,0,0,0,0,0,1,0,0,0,0,0,0,0
0,31,1,0,1,1,0,0,10,1,0,0,1,1,0,1,10,31,10,0,961,100,0.7693452271015038,-inf,-inf,0,0,0,0,0,0,1,0,0,0,0,0,0
0,23,1,0,0,1,0,0,11,1,0,0,1,0,0,1,11,23,11,0,529,121,0.7649202325815845,-inf,-inf,0,0,0,0,0,0,0,1,0,0,0,0,0
0,22,1,0,0,1,875,9139,11,0,9625,0,0,0,875,0,11,22,11,0,484,121,0.7641038566896158,9.120306249272202,6.774223886357614,0,0,0,0,0,0,0,1,0,0,0,0,0
0,33,1,0,0,1,0,0,11,1,0,0,1,0,0,1,11,33,11,0,1089,121,0.7700760388896652,-inf,-inf,0,0,0,0,0,0,0,1,0,0,0,0,0
0,27,1,0,0,1,0,1184,10,1,0,0,1,0,0,1,10,27,10,0,729,100,0.7675064085921748,7.076653815443951,-inf,0,0,0,0,0,0,1,0,0,0,0,0,0
0,29,1,0,1,1,0,10225,11,1,0,0,1,1,0,1,11,29,11,0,841,121,0.7684982022903364,9.232590980911002,-inf,0,0,0,0,0,0,0,1,0,0,0,0,0
0,38,1,0,1,1,14701,4393,10,0,147010,0,0,0,14701,0,10,38,10,0,1444,100,0.7715246626395021,8.38776764397578,9.595670797663967,0,0,0,0,0,0,1,0,0,0,0,0,0
0,20,1,0,0,1,2850,0,6,0,17100,0,0,0,2850,0,6,20,6,0,400,36,0.7621881881912876,-inf,7.955074273262696,0,0,1,0,0,0,0,0,0,0,0,0,0
0,23,1,0,0,1,0,0,10,1,0,0,1,0,0,1,10,23,10,0,529,100,0.7649202325815845,-inf,-inf,0,0,0,0,0,0,1,0,0,0,0,0,0
0,29,1,0,0,1,3256,3290,11,0,35816,0,0,0,3256,0,11,29,11,0,841,121,0.7684982022903364,8.098642843759418,8.08825472712243,0,0,0,0,0,0,0,1,0,0,0,0,0
0,26,1,0,0,1,6955,11856,9,0,62595,0,0,0,6955,0,9,26,9,0,676,81,0.7669447053037863,9.380589347535867,8.847216104357543,0,0,0,0,0,1,0,0,0,0,0,0,0
0,25,1,0,1,1,0,4715,9,1,0,0,1,1,0,1,9,25,9,0,625,81,0.7663313979847909,8.458504195067558,-inf,0,0,0,0,0,1,0,0,0,0,0,0,0
0,24,1,0,0,1,13370,19533,11,0,147070,0,0,0,13370,0,11,24,11,0,576,121,0.7656593846532138,9.879860621904971,9.500768670095988,0,0,0,0,0,0,0,1,0,0,0,0,0
0,25,1,0,0,1,0,289,10,1,0,0,1,0,0,1,10,25,10,0,625,100,0.7663313979847909,5.666426688112432,-inf,0,0,0,0,0,0,1,0,0,0,0,0,0
0,23,0,0,0,1,19995,12896,11,0,219945,0,0,0,19995,0,11,0,0,0,529,121,0.7649202325815845,9.464672464746409,9.90323752128092,0,0,0,0,0,0,0,1,0,0,0,0,0
0,25,1,0,0,0,3751,1672,13,0,48763,0,0,0,0,0,0,25,13,0,625,169,0.7663313979847909,7.421775793644647,8.229777750081887,0,0,0,0,0,0,0,0,0,1,0,0,0
0,20,1,0,0,1,9164,8924,9,0,82476,0,0,0,9164,0,9,20,9,0,400,81,0.7621881881912876,9.096499555552423,9.123038043573386,0,0,0,0,0,1,0,0,0,0,0,0,0
0,25,1,0,0,1,3072,284,11,0,33792,0,0,0,3072,0,11,25,11,0,625,121,0.7663313979847909,5.648974238161206,8.030084094267563,0,0,0,0,0,0,0,1,0,0,0,0,0
0,29,0,0,0,0,12205,16328,12,0,146460,0,0,0,0,0,0,0,0,0,841,144,0.7684982022903364,9.70063670448968,9.40960098282706,0,0,0,0,0,0,0,0,1,0,0,0,0
0,25,1,0,1,1,16946,7343,9,0,152514,0,0,0,16946,0,9,25,9,0,625,81,0.7663313979847909,8.90150275745161,9.73778709675841,0,0,0,0,0,1,0,0,0,0,0,0,0
0,23,1,0,0,1,580,0,11,0,6380,0,0,0,580,0,11,23,11,0,529,121,0.7649202325815845,-inf,6.363028103540465,0,0,0,0,0,0,0,1,0,0,0,0,0
0,44,1,0,1,1,10857,12359,9,0,97713,0,0,0,10857,0,9,44,9,0,1936,81,0.7727762920688575,9.422139821589736,9.292565312231853,0,0,0,0,0,1,0,0,0,0,0,0,0
0,22,1,0,1,0,9352,8072,12,0,112224,0,0,0,0,0,0,22,12,0,484,144,0.7641038566896158,8.996156562033445,9.143345503151904,0,0,0,0,0,0,0,0,1,0,0,0,0
0,20,0,0,0,1,1159,0,11,0,12749,0,0,0,1159,0,11,0,0,0,400,121,0.7621881881912876,-inf,7.055312843339752,0,0,0,0,0,0,0,1,0,0,0,0,0
0,36,1,0,0,1,7311,0,11,0,80421,0,0,0,7311,0,11,36,11,0,1296,121,0.7710002635256802,-inf,8.897135342293316,0,0,0,0,0,0,0,1,0,0,0,0,0
0,24,1,0,0,1,0,0,10,1,0,0,1,0,0,1,10,24,10,0,576,100,0.7656593846532138,-inf,-inf,0,0,0,0,0,0,1,0,0,0,0,0,0
0,28,0,0,0,1,0,8190,8,1,0,0,0,0,0,1,8,0,0,0,784,64,0.7680225288978041,9.010669176847115,-inf,0,0,0,0,1,0,0,0,0,0,0,0,0
0,39,1,0,0,1,83,0,11,0,913,0,0,0,83,0,11,39,11,0,1521,121,0.7717639431497288,-inf,4.418840607796598,0,0,0,0,0,0,0,1,0,0,0,0,0
0,27,0,1,0,0,24276,15762,12,0,291312,0,0,0,0,0,0,0,0,0,729,144,0.7675064085921748,9.665357258913595,10.097243486955746,0,0,0,0,0,0,0,0,1,0,0,0,0
0,31,1,0,0,1,520,14527,10,0,5200,0,0,0,520,0,10,31,10,0,961,100,0.7693452271015038,9.583764265872883,6.253828811575473,0,0,0,0,0,0,1,0,0,0,0,0,0
0,26,1,0,0,1,0,4813,6,1,0,0,1,0,0,1,6,26,6,0,676,36,0.7669447053037863,8.47907586930311,-inf,0,0,1,0,0,0,0,0,0,0,0,0,0
0,30,1,0,1,1,24105,7263,11,0,265155,0,0,0,24105,0,11,30,11,0,900,121,0.7689378349730367,8.890548245606167,10.090174566839723,0,0,0,0,0,0,0,1,0,0,0,0,0
0,31,1,0,0,1,4577,6153,8,0,36616,0,0,0,4577,0,8,31,8,0,961,64,0.7693452271015038,8.724695046740491,8.428799040653642,0,0,0,0,1,0,0,0,0,0,0,0,0
0,26,1,0,0,1,5562,3523,8,0,44496,0,0,0,5562,0,8,26,8,0,676,64,0.7669447053037863,8.167068178341237,8.62371303479391,0,0,0,0,1,0,0,0,0,0,0,0,0
0,26,1,0,1,1,9107,12659,10,0,91070,0,0,0,9107,0,10,26,10,0,676,100,0.7669447053037863,9.446123703636829,9.11679862756782,0,0,0,0,0,0,1,0,0,0,0,0,0
0,24,1,0,0,0,159,0,12,0,1908,0,0,0,0,0,0,24,12,0,576,144,0.7656593846532138,-inf,5.0689042022202315,0,0,0,0,0,0,0,0,1,0,0,0,0
0,25,1,0,0,1,2455,8764,11,0,27005,0,0,0,2455,0,11,25,11,0,625,121,0.7663313979847909,9.078407700715356,7.805882040228621,0,0,0,0,0,0,0,1,0,0,0,0,0
0,29,1,0,0,1,9160,0,9,0,82440,0,0,0,9160,0,9,29,9,0,841,81,0.7684982022903364,-inf,9.122601457668177,0,0,0,0,0,1,0,0,0,0,0,0,0
0,30,1,0,1,0,0,7344,14,1,0,0,1,1,0,0,0,30,14,0,900,196,0.7689378349730367,8.901638932300326,-inf,0,0,0,0,0,0,0,0,0,0,1,0,0
0,25,1,0,1,1,0,0,10,1,0,0,1,1,0,1,10,25,10,0,625,100,0.7663313979847909,-inf,-inf,0,0,0,0,0,0,1,0,0,0,0,0,0
0,41,1,0,0,0,9818,0,12,0,117816,0,0,0,0,0,0,41,12,0,1681,144,0.7722027491359185,-inf,9.191972714617998,0,0,0,0,0,0,0,0,1,0,0,0,0
0,29,1,0,1,1,0,0,11,1,0,0,1,1,0,1,11,29,11,0,841,121,0.7684982022903364,-inf,-inf,0,0,0,0,0,0,0,1,0,0,0,0,0
0,25,1,0,1,0,0,0,12,1,0,0,1,1,0,0,0,25,12,0,625,144,0.7663313979847909,-inf,-inf,0,0,0,0,0,0,0,0,1,0,0,0,0
0,28,1,0,0,0,0,0,13,1,0,0,1,0,0,0,0,28,13,0,784,169,0.7680225288978041,-inf,-inf,0,0,0,0,0,0,0,0,0,1,0,0,0
0,23,1,0,0,1,0,4350,11,1,0,0,1,0,0,1,11,23,11,0,529,121,0.7649202325815845,8.37793112408273,-inf,0,0,0,0,0,0,0,1,0,0,0,0,0
0,54,1,0,0,1,0,7812,11,1,0,0,1,0,0,1,11,54,11,0,2916,121,0.7741735731333629,8.96341629199657,-inf,0,0,0,0,0,0,0,1,0,0,0,0,0
0,33,0,1,0,1,0,0,5,1,0,1,0,0,0,1,5,0,0,1,1089,25,0.7700760388896652,-inf,-inf,0,1,0,0,0,0,0,0,0,0,0,0,0
0,31,0,0,0,0,494,0,12,0,5928,0,0,0,0,0,0,0,0,0,961,144,0.7693452271015038,-inf,6.202535517187923,0,0,0,0,0,0,0,0,1,0,0,0,0
0,34,1,0,0,0,4087,5670,12,0,49044,0,0,0,0,0,0,34,12,0,1156,144,0.770404834768811,8.642944396721798,8.315566483564277,0,0,0,0,0,0,0,0,1,0,0,0,0
0,50,1,0,1,1,5630,8997,8,0,45040,0,0,0,5630,0,8,50,8,0,2500,64,0.7736910470413859,9.104646467417119,8.635864721133736,0,0,0,0,1,0,0,0,0,0,0,0,0
0,31,1,0,0,1,7505,308,11,0,82555,0,0,0,7505,0,11,31,11,0,961,121,0.7693452271015038,5.730099782973574,8.923324744067562,0,0,0,0,0,0,0,1,0,0,0,0,0
0,36,0,1,0,0,11491,4978,12,0,137892,0,0,0,0,0,0,0,0,0,1296,144,0.7710002635256802,8.512783482927537,9.349319399257634,0,0,0,0,0,0,0,0,1,0,0,0,0
0,20,1,0,0,1,0,3644,8,1,0,0,1,0,0,1,8,20,8,0,400,64,0.7621881881912876,8.200837258379849,-inf,0,0,0,0,1,0,0,0,0,0,0,0,0
0,24,0,0,1,0,24294,665,12,0,291528,0,0,0,0,0,0,0,0,0,576,144,0.7656593846532138,6.499787040655854,10.097984685260217,0,0,0,0,0,0,0,0,1,0,0,0,0
0,23,0,1,0,0,8960,7078,12,0,107520,0,0,0,0,0,0,0,0,0,529,144,0.7649202325815845,8.864746660905409,9.100525505968976,0,0,0,0,0,0,0,0,1,0,0,0,0
0,26,0,0,0,0,5395,9766,13,0,70135,0,0,0,0,0,0,0,0,0,676,169,0.7669447053037863,9.186662244621605,8.593227877692234,0,0,0,0,0,0,0,0,0,1,0,0,0
0,28,0,0,0,1,3200,7645,11,0,35200,0,0,0,3200,0,11,0,0,0,784,121,0.7680225288978041,8.941807118363164,8.070906088787819,0,0,0,0,0,0,0,1,0,0,0,0,0
0,45,1,0,0,1,0,4844,9,1,0,0,1,0,0,1,9,45,9,0,2025,81,0.7729481710043233,8.485496104672983,-inf,0,0,0,0,0,1,0,0,0,0,0,0,0
0,23,1,0,1,1,9854,0,10,0,98540,0,0,0,9854,0,10,23,10,0,529,100,0.7649202325815845,-inf,9.195632743103909,0,0,0,0,0,0,1,0,0,0,0,0,0
0,28,1,0,0,1,13371,0,11,0,147081,0,0,0,13371,0,11,28,11,0,784,121,0.7680225288978041,-inf,9.500843461614666,0,0,0,0,0,0,0,1,0,0,0,0,0
0,26,1,0,1,1,4184,0,11,0,46024,0,0,0,4184,0,11,26,11,0,676,121,0.7669447053037863,-inf,8.339023005744759,0,0,0,0,0,0,0,1,0,0,0,0,0
0,22,1,0,0,1,2174,5344,10,0,21740,0,0,0,2174,0,10,22,10,0,484,100,0.7641038566896158,8.583729715216482,7.684324067681155,0,0,0,0,0,0,1,0,0,0,0,0,0
0,27,0,0,0,0,474,4812,13,0,6162,0,0,0,0,0,0,0,0,0,729,169,0.7675064085921748,8.47886807709457,6.161207321695077,0,0,0,0,0,0,0,0,0,1,0,0,0
0,27,0,1,0,0,2677,17395,12,0,32124,0,0,0,0,0,0,0,0,0,729,144,0.7675064085921748,9.763938087586043,7.892452043520352,0,0,0,0,0,0,0,0,1,0,0,0,0
0,39,1,0,0,1,0,0,6,1,0,0,1,0,0,1,6,39,6,0,1521,36,0.7717639431497288,-inf,-inf,0,0,1,0,0,0,0,0,0,0,0,0,0
0,25,1,0,0,1,0,0,11,1,0,0,1,0,0,1,11,25,11,0,625,121,0.7663313979847909,-inf,-inf,0,0,0,0,0,0,0,1,0,0,0,0,0
0,31,1,0,0,1,18291,0,11,0,201201,0,0,0,18291,0,11,31,11,0,961,121,0.7693452271015038,-inf,9.814164414575925,0,0,0,0,0,0,0,1,0,0,0,0,0
0,22,1,0,0,0,2003,439,12,0,24036,0,0,0,0,0,0,22,12,0,484,144,0.7641038566896158,6.0844994130751715,7.602401335665818,0,0,0,0,0,0,0,0,1,0,0,0,0
0,22,1,0,0,1,13732,10770,10,0,137320,0,0,0,13732,0,10,22,10,0,484,100,0.7641038566896158,9.284519770150434,9.527484154577582,0,0,0,0,0,0,1,0,0,0,0,0,0
0,28,1,0,0,1,367,4858,10,0,3670,0,0,0,367,0,10,28,10,0,784,100,0.7680225288978041,8.488382109562117,5.905361848054571,0,0,0,0,0,0,1,0,0,0,0,0,0
0,31,1,0,0,1,6382,0,11,0,70202,0,0,0,6382,0,11,31,11,0,961,121,0.7693452271015038,-inf,8.76123680683819,0,0,0,0,0,0,0,1,0,0,0,0,0
0,27,1,0,1,1,11280,0,10,0,112800,0,0,0,11280,0,10,27,10,0,729,100,0.7675064085921748,-inf,9.33078652505205,0,0,0,0,0,0,1,0,0,0,0,0,0
0,28,1,0,1,1,5393,4974,11,0,59323,0,0,0,5393,0,11,28,11,0,784,121,0.7680225288978041,8.51197962436335,8.592857095337227,0,0,0,0,0,0,0,1,0,0,0,0,0
0,26,1,0,0,0,0,0,12,1,0,0,1,0,0,0,0,26,12,0,676,144,0.7669447053037863,-inf,-inf,0,0,0,0,0,0,0,0,1,0,0,0,0
0,27,1,0,0,0,32984,10833,12,0,395808,0,0,0,0,0,0,27,12,0,729,144,0.7675064085921748,9.290352309945568,10.403777874386735,0,0,0,0,0,0,0,0,1,0,0,0,0
0,27,0,0,0,0,5035,0,12,0,60420,0,0,0,0,0,0,0,0,0,729,144,0.7675064085921748,-inf,8.524168805152662,0,0,0,0,0,0,0,0,1,0,0,0,0
0,36,1,0,0,0,142,0,12,0,1704,0,0,0,0,0,0,36,12,0,1296,144,0.7710002635256802,-inf,4.955827057601261,0,0,0,0,0,0,0,0,1,0,0,0,0
0,26,1,0,1,1,4084,0,8,0,32672,0,0,0,4084,0,8,26,8,0,676,64,0.7669447053037863,-inf,8.314832179284556,0,0,0,0,1,0,0,0,0,0,0,0,0
0,23,1,0,1,1,19289,7600,9,0,173601,0,0,0,19289,0,9,23,9,0,529,81,0.7649202325815845,8.935903526274423,9.86729026422424,0,0,0,0,0,1,0,0,0,0,0,0,0
0,23,1,0,0,1,0,0,10,1,0,0,1,0,0,1,10,23,10,0,529,100,0.7649202325815845,-inf,-inf,0,0,0,0,0,0,1,0,0,0,0,0,0
0,31,1,0,0,0,5613,0,12,0,67356,0,0,0,0,0,0,31,12,0,961,144,0.7693452271015038,-inf,8.6328406149422,0,0,0,0,0,0,0,0,1,0,0,0,0
0,36,1,0,0,1,1606,20780,7,0,11242,0,0,0,1606,0,7,36,7,0,1296,49,0.7710002635256802,9.941746264653219,7.381501894506707,0,0,0,1,0,0,0,0,0,0,0,0,0
0,39,1,0,1,0,6608,499,12,0,79296,0,0,0,0,0,0,39,12,0,1521,144,0.7717639431497288,6.212606095751519,8.796036315200814,0,0,0,0,0,0,0,0,1,0,0,0,0
0,35,1,0,1,1,8720,0,11,0,95920,0,0,0,8720,0,11,35,11,0,1225,121,0.7707122625040681,-inf,9.073374516903025,0,0,0,0,0,0,0,1,0,0,0,0,0
0,21,0,0,0,1,1577,1740,9,0,14193,0,0,0,1577,0,9,0,0,0,441,81,0.7631981010781591,7.461640392208575,7.3632795869630385,0,0,0,0,0,1,0,0,0,0,0,0,0
0,36,0,1,0,1,3063,1324,11,0,33693,0,0,0,3063,0,11,0,0,0,1296,121,0.7710002635256802,7.188412736496954,8.027150106832774,0,0,0,0,0,0,0,1,0,0,0,0,0
0,27,0,0,0,0,0,14792,12,1,0,0,0,0,0,0,0,0,0,0,729,144,0.7675064085921748,9.60184177306696,-inf,0,0,0,0,0,0,0,0,1,0,0,0,0
0,26,1,0,0,1,1174,6672,11,0,12914,0,0,0,1174,0,11,26,11,0,676,121,0.7669447053037863,8.805674944038582,7.068172000388042,0,0,0,0,0,0,0,1,0,0,0,0,0
0,28,1,0,1,1,9210,1239,9,0,82890,0,0,0,9210,0,9,28,9,0,784,81,0.7680225288978041,7.122059881629142,9.128045129249353,0,0,0,0,0,1,0,0,0,0,0,0,0
0,33,0,1,1,1,0,0,9,1,0,1,0,1,0,1,9,0,0,1,1089,81,0.7700760388896652,-inf,-inf,0,0,0,0,0,1,0,0,0,0,0,0,0
0,28,1,0,1,1,10033,0,11,0,110363,0,0,0,10033,0,11,28,11,0,784,121,0.7680225288978041,-inf,9.213634938925614,0,0,0,0,0,0,0,1,0,0,0,0,0
0,22,1,0,0,1,6974,3708,11,0,76714,0,0,0,6974,0,11,22,11,0,484,121,0.7641038566896158,8.218247926685745,8.849944227235596,0,0,0,0,0,0,0,1,0,0,0,0,0
0,25,1,0,0,1,4284,4116,11,0,47124,0,0,0,4284,0,11,25,11,0,625,121,0.7663313979847909,8.32263709695394,8.36264243156764,0,0,0,0,0,0,0,1,0,0,0,0,0
0,25,1,0,1,1,0,0,10,1,0,0,1,1,0,1,10,25,10,0,625,100,0.7663313979847909,-inf,-inf,0,0,0,0,0,0,1,0,0,0,0,0,0
0,27,1,0,0,1,766,0,11,0,8426,0,0,0,766,0,11,27,11,0,729,121,0.7675064085921748,-inf,6.641182169740591,0,0,0,0,0,0,0,1,0,0,0,0,0
0,26,0,0,1,1,36941,30247,8,0,295528,0,0,0,36941,0,8,0,0,0,676,64,0.7669447053037863,10.317152284987246,10.517077324312647,0,0,0,0,1,0,0,0,0,0,0,0,0
0,28,1,0,1,0,5551,12780,12,0,66612,0,0,0,0,0,0,28,12,0,784,144,0.7680225288978041,9.455636727931525,8.621733370690162,0,0,0,0,0,0,0,0,1,0,0,0,0
0,25,0,0,0,1,8140,3412,10,0,81400,0,0,0,8140,0,10,0,0,0,625,100,0.7663313979847909,8.13505390861157,9.004545458996587,0,0,0,0,0,0,1,0,0,0,0,0,0
0,22,0,0,0,1,10598,7094,10,0,105980,0,0,0,10598,0,10,0,0,0,484,100,0.7641038566896158,8.867004635333567,9.268420583052707,0,0,0,0,0,0,1,0,0,0,0,0,0
0,23,1,0,0,1,0,3746,8,1,0,0,1,0,0,1,8,23,8,0,529,64,0.7649202325815845,8.228443883004033,-inf,0,0,0,0,1,0,0,0,0,0,0,0,0
0,20,0,0,0,0,3104,12573,12,0,37248,0,0,0,0,0,0,0,0,0,400,144,0.7621881881912876,9.439306936593182,8.04044688130311,0,0,0,0,0,0,0,0,1,0,0,0,0
0,19,1,0,0,1,3285,11195,11,0,36135,0,0,0,3285,0,11,19,11,0,361,121,0.7610559845010243,9.323222529032856,8.09712193091871,0,0,0,0,0,0,0,1,0,0,0,0,0
0,17,0,1,0,1,671,4209,9,0,6039,0,0,0,671,0,9,0,0,0,289,81,0.7583290653802051,8.344980368770571,6.508769136971682,0,0,0,0,0,1,0,0,0,0,0,0,0
0,19,1,0,0,1,5160,0,11,0,56760,0,0,0,5160,0,11,19,11,0,361,121,0.7610559845010243,-inf,8.548691858475609,0,0,0,0,0,0,0,1,0,0,0,0,0
0,18,1,0,0,1,4152,4164,11,0,45672,0,0,0,4152,0,11,18,11,0,324,121,0.7597790079157395,8.33423142973486,8.331345424845724,0,0,0,0,0,0,0,1,0,0,0,0,0
0,17,0,1,0,1,1239,5088,10,0,12390,0,0,0,1239,0,10,0,0,0,289,100,0.7583290653802051,8.534640105019959,7.122059881629142,0,0,0,0,0,0,1,0,0,0,0,0,0
0,20,1,0,0,1,3248,6027,11,0,35728,0,0,0,3248,0,11,20,11,0,400,121,0.7621881881912876,8.704004653483045,8.085794701281568,0,0,0,0,0,0,0,1,0,0,0,0,0
0,18,1,0,0,1,0,1568,8,1,0,0,1,0,0,1,8,18,8,0,324,64,0.7597790079157395,7.357556200910353,-inf,0,0,0,0,1,0,0,0,0,0,0,0,0
0,20,1,0,0,1,3677,557,10,0,36770,0,0,0,3677,0,10,20,10,0,400,100,0.7621881881912876,6.322565239927284,8.209852481301272,0,0,0,0,0,0,1,0,0,0,0,0,0
0,18,1,0,0,1,2041,796,11,0,22451,0,0,0,2041,0,11,18,11,0,324,121,0.7597790079157395,6.679599185844383,7.621195162809845,0,0,0,0,0,0,0,1,0,0,0,0,0
0,19,0,1,0,1,2275,4335,10,0,22750,0,0,0,2275,0,10,0,0,0,361,100,0.7610559845010243,8.374476889214643,7.729735331385051,0,0,0,0,0,0,1,0,0,0,0,0,0
0,17,1,0,0,1,0,7010,8,1,0,0,1,0,0,1,8,17,8,0,289,64,0.7583290653802051,8.855092980028635,-inf,0,0,0,0,1,0,0,0,0,0,0,0,0
0,17,0,1,0,1,1734,6354,10,0,17340,0,0,0,1734,0,10,0,0,0,289,100,0.7583290653802051,8.756839814829462,7.458186157340487,0,0,0,0,0,0,1,0,0,0,0,0,0
0,18,1,0,0,1,2682,0,10,0,26820,0,0,0,2682,0,10,18,10,0,324,100,0.7597790079157395,-inf,7.894318063841624,0,0,0,0,0,0,1,0,0,0,0,0,0
0,18,1,0,0,1,240,2891,10,0,2400,0,0,0,240,0,10,18,10,0,324,100,0.7597790079157395,7.969357742016346,5.480638923341991,0,0,0,0,0,0,1,0,0,0,0,0,0
0,19,0,1,1,1,308,0,11,0,3388,0,0,0,308,0,11,0,0,0,361,121,0.7610559845010243,-inf,5.730099782973574,0,0,0,0,0,0,0,1,0,0,0,0,0
0,18,1,0,0,1,8784,1824,11,0,96624,0,0,0,8784,0,11,18,11,0,324,121,0.7597790079157395,7.508787170634276,9.080687163749312,0,0,0,0,0,0,0,1,0,0,0,0,0
0,19,1,0,0,1,1615,8823,11,0,17765,0,0,0,1615,0,11,19,11,0,361,121,0.7610559845010243,9.085117227222105,7.387090235656757,0,0,0,0,0,0,0,1,0,0,0,0,0
0,19,1,0,0,1,963,7047,10,0,9630,0,0,0,963,0,10,19,10,0,361,100,0.7610559845010243,8.860357273327022,6.870053411798126,0,0,0,0,0,0,1,0,0,0,0,0,0
0,19,0,1,0,1,0,3811,9,1,0,1,0,0,0,1,9,0,0,1,361,81,0.7610559845010243,8.24564690087386,-inf,0,0,0,0,0,1,0,0,0,0,0,0,0
0,18,1,0,0,1,1642,0,10,0,16420,0,0,0,1642,0,10,18,10,0,324,100,0.7597790079157395,-inf,7.403670290012373,0,0,0,0,0,0,1,0,0,0,0,0,0
0,18,1,0,0,1,0,9602,10,1,0,0,1,0,0,1,10,18,10,0,324,100,0.7597790079157395,9.169726689090886,-inf,0,0,0,0,0,0,1,0,0,0,0,0,0
0,17,1,0,0,1,3796,0,11,0,41756,0,0,0,3796,0,11,17,11,0,289,121,0.7583290653802051,-inf,8.241703159729818,0,0,0,0,0,0,0,1,0,0,0,0,0
0,18,0,1,0,1,6142,3825,6,0,36852,0,0,0,6142,0,6,0,0,0,324,36,0.7597790079157395,8.249313746260636,8.722905701000768,0,0,1,0,0,0,0,0,0,0,0,0,0
0,19,1,0,0,1,2445,9772,11,0,26895,0,0,0,2445,0,11,19,11,0,361,121,0.7610559845010243,9.187276432377631,7.801800401908973,0,0,0,0,0,0,0,1,0,0,0,0,0
0,18,0,1,0,1,0,10798,8,1,0,1,0,0,0,1,8,0,0,1,324,64,0.7597790079157395,9.287116210778231,-inf,0,0,0,0,1,0,0,0,0,0,0,0,0
0,18,1,0,0,1,0,4657,11,1,0,0,1,0,0,1,11,18,11,0,324,121,0.7597790079157395,8.446126742982377,-inf,0,0,0,0,0,0,0,1,0,0,0,0,0
0,17,1,0,0,1,0,8551,11,1,0,0,1,0,0,1,11,17,11,0,289,121,0.7583290653802051,9.053803514155955,-inf,0,0,0,0,0,0,0,1,0,0,0,0,0
0,19,1,0,0,1,0,4309,10,1,0,0,1,0,0,1,10,19,10,0,361,100,0.7610559845010243,8.368461137615839,-inf,0,0,0,0,0,0,1,0,0,0,0,0,0
0,19,1,0,0,1,0,5286,10,1,0,0,1,0,0,1,10,19,10,0,361,100,0.7610559845010243,8.572817095164234,-inf,0,0,0,0,0,0,1,0,0,0,0,0,0
0,18,1,0,0,1,0,12486,9,1,0,0,1,0,0,1,9,18,9,0,324,81,0.7597790079157395,9.43236329562169,-inf,0,0,0,0,0,1,0,0,0,0,0,0,0
0,18,1,0,0,1,2285,3268,10,0,22850,0,0,0,2285,0,10,18,10,0,324,100,0.7597790079157395,8.091933455979893,7.734121303328305,0,0,0,0,0,0,1,0,0,0,0,0,0
0,18,1,0,0,1,2292,4994,11,0,25212,0,0,0,2292,0,11,18,11,0,324,121,0.7597790079157395,8.515992470839718,7.73718007783463,0,0,0,0,0,0,0,1,0,0,0,0,0
0,18,1,0,0,1,273,5514,10,0,2730,0,0,0,273,0,10,18,10,0,324,100,0.7597790079157395,8.615045591583742,5.60947179518496,0,0,0,0,0,0,1,0,0,0,0,0,0
0,18,0,1,0,1,2684,2978,9,0,24156,0,0,0,2684,0,9,0,0,0,324,81,0.7597790079157395,7.999007213243955,7.895063498091573,0,0,0,0,0,1,0,0,0,0,0,0,0
0,18,1,0,0,1,0,10877,9,1,0,0,1,0,0,1,9,18,9,0,324,81,0.7597790079157395,9.294405747093851,-inf,0,0,0,0,0,1,0,0,0,0,0,0,0
0,18,1,0,0,0,1405,0,12,0,16860,0,0,0,0,0,0,18,12,0,324,144,0.7597790079157395,-inf,7.247792581767846,0,0,0,0,0,0,0,0,1,0,0,0,0
0,18,0,1,0,1,1646,1065,9,0,14814,0,0,0,1646,0,9,0,0,0,324,81,0.7597790079157395,6.970730078143525,7.406103381237015,0,0,0,0,0,1,0,0,0,0,0,0,0
0,19,1,0,0,1,393,2481,11,0,4323,0,0,0,393,0,11,19,11,0,361,121,0.7610559845010243,7.816416983691801,5.973809611869261,0,0,0,0,0,0,0,1,0,0,0,0,0
0,18,0,1,1,1,2672,6330,7,0,18704,0,0,0,2672,0,7,0,0,0,324,49,0.7597790079157395,8.753055515138222,7.890582534656536,0,0,0,1,0,0,0,0,0,0,0,0,0
0,19,0,0,0,1,823,2649,11,0,9053,0,0,0,823,0,11,0,0,0,361,121,0.7610559845010243,7.88193748927207,6.71295620067707,0,0,0,0,0,0,0,1,0,0,0,0,0
0,18,0,1,0,1,2483,11135,8,0,19864,0,0,0,2483,0,8,0,0,0,324,64,0.7597790079157395,9.317848579691468,7.817222785508166,0,0,0,0,1,0,0,0,0,0,0,0,0
0,17,1,0,0,1,1178,14380,8,0,9424,0,0,0,1178,0,8,17,8,0,289,64,0.7583290653802051,9.573593631275038,7.071573364211532,0,0,0,0,1,0,0,0,0,0,0,0,0
0,18,1,0,0,1,0,202,10,1,0,0,1,0,0,1,10,18,10,0,324,100,0.7597790079157395,5.308267697401205,-inf,0,0,0,0,0,0,1,0,0,0,0,0,0
0,17,1,0,0,1,1726,11061,10,0,17260,0,0,0,1726,0,10,17,10,0,289,100,0.7583290653802051,9.311180686902254,7.453561871643373,0,0,0,0,0,0,1,0,0,0,0,0,0
0,17,1,0,0,1,664,0,10,0,6640,0,0,0,664,0,10,17,10,0,289,100,0.7583290653802051,-inf,6.498282149476434,0,0,0,0,0,0,1,0,0,0,0,0,0
0,20,1,0,0,1,690,10864,10,0,6900,0,0,0,690,0,10,20,10,0,400,100,0.7621881881912876,9.293209849798478,6.536691597591305,0,0,0,0,0,0,1,0,0,0,0,0,0
0,18,1,0,0,1,1428,11602,10,0,14280,0,0,0,1428,0,10,18,10,0,324,100,0.7597790079157395,9.358932776026009,7.2640301428995295,0,0,0,0,0,0,1,0,0,0,0,0,0
0,19,1,0,0,1,705,0,11,0,7755,0,0,0,705,0,11,19,11,0,361,121,0.7610559845010243,-inf,6.558197802812269,0,0,0,0,0,0,0,1,0,0,0,0,0
0,17,1,0,0,1,0,2657,10,1,0,0,1,0,0,1,10,17,10,0,289,100,0.7583290653802051,7.884952945759814,-inf,0,0,0,0,0,0,1,0,0,0,0,0,0
0,18,1,0,0,1,0,4132,7,1,0,0,1,0,0,1,7,18,7,0,324,49,0.7597790079157395,8.326516830239528,-inf,0,0,0,1,0,0,0,0,0,0,0,0,0
0,18,1,0,0,1,0,11303,11,1,0,0,1,0,0,1,11,18,11,0,324,121,0.7597790079157395,9.33282345619073,-inf,0,0,0,0,0,0,0,1,0,0,0,0,0
0,20,1,0,0,1,2483,0,9,0,22347,0,0,0,2483,0,9,20,9,0,400,81,0.7621881881912876,-inf,7.817222785508166,0,0,0,0,0,1,0,0,0,0,0,0,0
0,19,0,1,0,1,0,0,10,1,0,1,0,0,0,1,10,0,0,1,361,100,0.7610559845010243,-inf,-inf,0,0,0,0,0,0,1,0,0,0,0,0,0
0,18,1,0,0,1,0,0,9,1,0,0,1,0,0,1,9,18,9,0,324,81,0.7597790079157395,-inf,-inf,0,0,0,0,0,1,0,0,0,0,0,0,0
0,17,1,0,0,1,0,0,10,1,0,0,1,0,0,1,10,17,10,0,289,100,0.7583290653802051,-inf,-inf,0,0,0,0,0,0,1,0,0,0,0,0,0
0,17,1,0,0,1,1156,6365,11,0,12716,0,0,0,1156,0,11,17,11,0,289,121,0.7583290653802051,8.758569510991506,7.052721049232323,0,0,0,0,0,0,0,1,0,0,0,0,0
0,17,1,0,0,1,0,2189,10,1,0,0,1,0,0,1,10,17,10,0,289,100,0.7583290653802051,7.691200097522863,-inf,0,0,0,0,0,0,1,0,0,0,0,0,0
0,18,1,0,0,1,490,3480,9,0,4410,0,0,0,490,0,9,18,9,0,324,81,0.7597790079157395,8.15478757276852,6.194405391104672,0,0,0,0,0,1,0,0,0,0,0,0,0
0,19,1,0,0,1,0,0,11,1,0,0,1,0,0,1,11,19,11,0,361,121,0.7610559845010243,-inf,-inf,0,0,0,0,0,0,0,1,0,0,0,0,0
0,17,0,0,0,1,0,10210,8,1,0,0,0,0,0,1,8,0,0,0,289,64,0.7583290653802051,9.231122911158712,-inf,0,0,0,0,1,0,0,0,0,0,0,0,0
0,18,1,0,0,1,0,11048,10,1,0,0,1,0,0,1,10,18,10,0,324,100,0.7597790079157395,9.310004695089129,-inf,0,0,0,0,0,0,1,0,0,0,0,0,0
0,18,1,0,0,1,0,0,9,1,0,0,1,0,0,1,9,18,9,0,324,81,0.7597790079157395,-inf,-inf,0,0,0,0,0,1,0,0,0,0,0,0,0
0,17,1,0,0,1,2595,0,9,0,23355,0,0,0,2595,0,9,17,9,0,289,81,0.7583290653802051,-inf,7.861341795599989,0,0,0,0,0,1,0,0,0,0,0,0,0
0,17,1,0,0,1,0,8993,8,1,0,0,1,0,0,1,8,17,8,0,289,64,0.7583290653802051,9.104201775914515,-inf,0,0,0,0,1,0,0,0,0,0,0,0,0
0,17,1,0,0,1,2036,0,8,0,16288,0,0,0,2036,0,8,17,8,0,289,64,0.7583290653802051,-inf,7.618742377670413,0,0,0,0,1,0,0,0,0,0,0,0,0
0,19,0,1,0,1,2750,15581,9,0,24750,0,0,0,2750,0,9,0,0,0,361,81,0.7610559845010243,9.653807502217354,7.919356190660617,0,0,0,0,0,1,0,0,0,0,0,0,0
0,17,1,0,0,1,620,18085,9,0,5580,0,0,0,620,0,9,17,9,0,289,81,0.7583290653802051,9.802838144386198,6.429719478039138,0,0,0,0,0,1,0,0,0,0,0,0,0
0,19,1,0,0,1,1428,4687,10,0,14280,0,0,0,1428,0,10,19,10,0,361,100,0.7610559845010243,8.452547997922705,7.2640301428995295,0,0,0,0,0,0,1,0,0,0,0,0,0
0,19,0,1,0,1,0,5071,6,1,0,1,0,0,0,1,6,0,0,1,361,36,0.7610559845010243,8.531293315795018,-inf,0,0,1,0,0,0,0,0,0,0,0,0,0
0,20,1,0,0,1,1633,1310,11,0,17963,0,0,0,1633,0,11,20,11,0,400,121,0.7621881881912876,7.177782416195197,7.398174092970465,0,0,0,0,0,0,0,1,0,0,0,0,0
0,19,0,0,0,1,0,3194,10,1,0,0,0,0,0,1,10,0,0,0,361,100,0.7610559845010243,8.069029328774958,-inf,0,0,0,0,0,0,1,0,0,0,0,0,0
0,17,0,0,0,1,0,0,11,1,0,0,0,0,0,1,11,0,0,0,289,121,0.7583290653802051,-inf,-inf,0,0,0,0,0,0,0,1,0,0,0,0,0
0,18,0,0,0,1,559,7300,9,0,5031,0,0,0,559,0,9,0,0,0,324,81,0.7597790079157395,8.895629627136483,6.326149473155099,0,0,0,0,0,1,0,0,0,0,0,0,0
0,20,1,0,0,1,7666,7659,11,0,84326,0,0,0,7666,0,11,20,11,0,400,121,0.7621881881912876,8.943636705909594,8.9445502459405,0,0,0,0,0,0,0,1,0,0,0,0,0
0,20,1,0,0,1,2856,18347,10,0,28560,0,0,0,2856,0,10,20,10,0,400,100,0.7621881881912876,9.81722135237872,7.957177323459475,0,0,0,0,0,0,1,0,0,0,0,0,0
0,20,1,0,0,1,0,5193,9,1,0,0,1,0,0,1,9,20,9,0,400,81,0.7621881881912876,8.555066843844319,-inf,0,0,0,0,0,1,0,0,0,0,0,0,0
0,19,1,0,0,1,2642,2652,9,0,23778,0,0,0,2642,0,9,19,9,0,361,81,0.7610559845010243,7.883069351305753,7.879291485082271,0,0,0,0,0,1,0,0,0,0,0,0,0
0,18,1,0,0,1,2456,13674,10,0,24560,0,0,0,2456,0,10,18,10,0,324,100,0.7597790079157395,9.523251498473739,7.806289289267033,0,0,0,0,0,0,1,0,0,0,0,0,0
0,19,1,0,0,1,4503,0,11,0,49533,0,0,0,4503,0,11,19,11,0,361,121,0.7610559845010243,-inf,8.412499120301572,0,0,0,0,0,0,0,1,0,0,0,0,0
0,17,1,0,0,1,0,0,9,1,0,0,1,0,0,1,9,17,9,0,289,81,0.7583290653802051,-inf,-inf,0,0,0,0,0,1,0,0,0,0,0,0,0
0,18,1,0,0,1,1413,3475,9,0,12717,0,0,0,1413,0,9,18,9,0,324,81,0.7597790079157395,8.153349757998892,7.253470382684528,0,0,0,0,0,1,0,0,0,0,0,0,0
0,17,1,0,0,1,165,4251,11,0,1815,0,0,0,165,0,11,17,11,0,289,121,0.7583290653802051,8.35490952835879,5.10594547390058,0,0,0,0,0,0,0,1,0,0,0,0,0
0,17,1,0,0,1,0,275,10,1,0,0,1,0,0,1,10,17,10,0,289,100,0.7583290653802051,5.616771097666572,-inf,0,0,0,0,0,0,1,0,0,0,0,0,0
0,19,1,0,0,1,604,0,10,0,6040,0,0,0,604,0,10,19,10,0,361,100,0.7610559845010243,-inf,6.403574197934815,0,0,0,0,0,0,1,0,0,0,0,0,0
0,17,0,1,0,1,1168,11306,10,0,11680,0,0,0,1168,0,10,0,0,0,289,100,0.7583290653802051,9.333088837235236,7.0630481633881725,0,0,0,0,0,0,1,0,0,0,0,0,0
0,20,1,0,0,1,9691,8562,9,0,87219,0,0,0,9691,0,9,20,9,0,400,81,0.7621881881912876,9.055089086704891,9.17895289873455,0,0,0,0,0,1,0,0,0,0,0,0,0
0,17,1,0,0,1,0,3590,9,1,0,0,1,0,0,1,9,17,9,0,289,81,0.7583290653802051,8.185907481482324,-inf,0,0,0,0,0,1,0,0,0,0,0,0,0
0,19,1,0,0,1,0,0,11,1,0,0,1,0,0,1,11,19,11,0,361,121,0.7610559845010243,-inf,-inf,0,0,0,0,0,0,0,1,0,0,0,0,0
0,17,0,0,0,1,2465,4211,10,0,24650,0,0,0,2465,0,10,0,0,0,289,100,0.7583290653802051,8.345455428161928,7.80994708647679,0,0,0,0,0,0,1,0,0,0,0,0,0
0,19,1,0,1,1,0,12797,10,1,0,0,1,1,0,1,10,19,10,0,361,100,0.7610559845010243,9.456966047437597,-inf,0,0,0,0,0,0,1,0,0,0,0,0,0
0,20,1,0,0,1,0,2035,9,1,0,0,1,0,0,1,9,20,9,0,400,81,0.7621881881912876,7.618251097876695,-inf,0,0,0,0,0,1,0,0,0,0,0,0,0
0,18,1,0,0,1,1170,604,11,0,12870,0,0,0,1170,0,11,18,11,0,324,121,0.7597790079157395,6.403574197934815,7.064759027791802,0,0,0,0,0,0,0,1,0,0,0,0,0
0,18,0,1,1,1,1922,4768,10,0,19220,0,0,0,1922,0,10,0,0,0,324,100,0.7597790079157395,8.469682208745185,7.561121589530238,0,0,0,0,0,0,1,0,0,0,0,0,0
0,18,1,0,0,1,0,2389,9,1,0,0,1,0,0,1,9,18,9,0,324,81,0.7597790079157395,7.77863014732581,-inf,0,0,0,0,0,1,0,0,0,0,0,0,0
0,18,1,0,0,1,0,0,11,1,0,0,1,0,0,1,11,18,11,0,324,121,0.7597790079157395,-inf,-inf,0,0,0,0,0,0,0,1,0,0,0,0,0
0,20,1,0,0,1,2749,6867,10,0,27490,0,0,0,2749,0,10,20,10,0,400,100,0.7621881881912876,8.834482608620677,7.918992488165245,0,0,0,0,0,0,1,0,0,0,0,0,0
0,17,0,1,0,1,0,8469,10,1,0,1,0,0,0,1,10,0,0,1,289,100,0.7583290653802051,9.0441677169216,-inf,0,0,0,0,0,0,1,0,0,0,0,0,0
0,19,1,0,0,1,0,0,11,1,0,0,1,0,0,1,11,19,11,0,361,121,0.7610559845010243,-inf,-inf,0,0,0,0,0,0,0,1,0,0,0,0,0
0,19,1,0,0,1,1537,4188,9,0,13833,0,0,0,1537,0,9,19,9,0,361,81,0.7610559845010243,8.339978571990427,7.337587743538596,0,0,0,0,0,1,0,0,0,0,0,0,0
0,17,1,0,0,1,0,1143,10,1,0,0,1,0,0,1,10,17,10,0,289,100,0.7583290653802051,7.04141166379481,-inf,0,0,0,0,0,0,1,0,0,0,0,0,0
0,20,1,0,0,1,8012,18155,11,0,88132,0,0,0,8012,0,11,20,11,0,400,121,0.7621881881912876,9.806701283848437,8.988695696785708,0,0,0,0,0,0,0,1,0,0,0,0,0
0,17,1,0,0,1,768,3020,8,0,6144,0,0,0,768,0,8,17,8,0,289,64,0.7583290653802051,8.013012110368916,6.643789733147672,0,0,0,0,1,0,0,0,0,0,0,0,0
0,18,0,0,0,1,1345,1725,8,0,10760,0,0,0,1345,0,8,0,0,0,324,64,0.7597790079157395,7.45298232946546,7.20414929203594,0,0,0,0,1,0,0,0,0,0,0,0,0
0,20,1,0,0,1,825,0,10,0,8250,0,0,0,825,0,10,20,10,0,400,100,0.7621881881912876,-inf,6.715383386334681,0,0,0,0,0,0,1,0,0,0,0,0,0
0,17,0,1,0,1,0,5114,9,1,0,1,0,0,0,1,9,0,0,1,289,81,0.7583290653802051,8.539737155851132,-inf,0,0,0,0,0,1,0,0,0,0,0,0,0
0,17,1,0,0,1,1206,0,9,0,10854,0,0,0,1206,0,9,17,9,0,289,81,0.7583290653802051,-inf,7.095064377287131,0,0,0,0,0,1,0,0,0,0,0,0,0
0,19,1,0,0,1,0,0,11,1,0,0,1,0,0,1,11,19,11,0,361,121,0.7610559845010243,-inf,-inf,0,0,0,0,0,0,0,1,0,0,0,0,0
0,18,1,0,0,1,0,781,10,1,0,0,1,0,0,1,10,18,10,0,324,100,0.7597790079157395,6.660575149839686,-inf,0,0,0,0,0,0,1,0,0,0,0,0,0
